component_l1,rows,group
ELECTRICAL SYSTEM,249196,ELECTRICAL
POWER TRAIN,218952,POWER TRAIN
ENGINE,170182,ENGINE
AIR BAGS,156485,AIR BAGS
STEERING,144306,STEERING
ENGINE AND ENGINE COOLING,120955,ENGINE
UNKNOWN OR OTHER,117667,(not a component: excluded from U1 labels)
"SERVICE BRAKES, HYDRAULIC",106868,BRAKES
STRUCTURE,104217,STRUCTURE
SUSPENSION,89650,SUSPENSION
VEHICLE SPEED CONTROL,85300,SPEED CONTROL
SERVICE BRAKES,79060,BRAKES
EXTERIOR LIGHTING,62809,LIGHTING
FUEL/PROPULSION SYSTEM,62749,FUEL/PROPULSION
"FUEL SYSTEM, GASOLINE",56084,FUEL/PROPULSION
VISIBILITY,53021,VISIBILITY
TIRES,41950,TIRES
SEAT BELTS,39047,SEAT BELTS
SEATS,28832,SEATS
FORWARD COLLISION AVOIDANCE,28708,DRIVER ASSISTANCE
WHEELS,24443,WHEELS
VISIBILITY/WIPER,24171,VISIBILITY
EQUIPMENT,21632,EQUIPMENT
ELECTRONIC STABILITY CONTROL (ESC),21286,DRIVER ASSISTANCE
LATCHES/LOCKS/LINKAGES,20675,LATCHES/LOCKS
BACK OVER PREVENTION,8388,DRIVER ASSISTANCE
LANE DEPARTURE,8027,DRIVER ASSISTANCE
"FUEL SYSTEM, OTHER",5912,FUEL/PROPULSION
PARKING BRAKE,4922,BRAKES
"SERVICE BRAKES, AIR",4521,BRAKES
"FUEL SYSTEM, DIESEL",3188,FUEL/PROPULSION
CHILD SEAT,2897,(not a component: excluded from U1 labels)
INTERIOR LIGHTING,2693,LIGHTING
"SERVICE BRAKES, ELECTRIC",2639,BRAKES
TRACTION CONTROL SYSTEM,2344,DRIVER ASSISTANCE
EQUIPMENT ADAPTIVE/MOBILITY,1511,EQUIPMENT
TRAILER HITCHES,932,EQUIPMENT
HYBRID PROPULSION SYSTEM,575,FUEL/PROPULSION
ELECTRONIC STABILITY CONTROL,333,DRIVER ASSISTANCE
FIRERELATED,175,(not a component: excluded from U1 labels)
"CHEST CLIP, BUCKLE, HARNESS",159,(not a component: excluded from U1 labels)
,135,(not a component: excluded from U1 labels)
COMMUNICATION,108,ELECTRICAL
OTHER/I AM NOT SURE,108,(not a component: excluded from U1 labels)
"CARRY HANDLE, SHELL, BASE",91,(not a component: excluded from U1 labels)
"TETHER, LOWER ANCHOR (ON CAR SEAT OR VEHICLE)",44,(not a component: excluded from U1 labels)
"INSERT, PADDING",42,(not a component: excluded from U1 labels)
OTHER/UNKNOWN,10,(not a component: excluded from U1 labels)
"SERVICE BRAKES, HYDRAULIC; AUTOHOLD BRAKE SYSTEM/BRAKE HOLD",8,(not a component: excluded from U1 labels)
OTHER,6,(not a component: excluded from U1 labels)
NONE,5,(not a component: excluded from U1 labels)
I SUSPECT THE CAR SEAT IS COUNTERFEIT,4,(not a component: excluded from U1 labels)
ROLLOVER,2,(not a component: excluded from U1 labels)
COMMUNICATIONS,1,ELECTRICAL
TRAILER HARDWARE,1,EQUIPMENT
