,test,train,validation
c__ENGINE,0.2667265494674708,0.1568883094306823,0.2286704919607689
c__POWER TRAIN,0.16381367894264084,0.12833280991761753,0.13749224897599147
c__ELECTRICAL,0.19506223533940717,0.14357293084250897,0.17091553785556457
c__BRAKES,0.0996381367894264,0.11708888867740778,0.11130033798831451
c__STEERING,0.08134992942384191,0.08956753173009513,0.09824368346127982
c__SUSPENSION,0.029837033234954447,0.05800397795944004,0.038209273281456055
c__AIR BAGS,0.045086616194020275,0.10593537560628988,0.05759775023798919
c__SEAT BELTS,0.01584498909277557,0.025808360059257004,0.014733495777329455
c__SEATS,0.013637880148851533,0.01897144053521636,0.011711688107527445
c__STRUCTURE,0.0511895290645451,0.06692187148082236,0.051327062645741085
c__LATCHES/LOCKS,0.005882201976132427,0.014410586320768184,0.007449716596361604
c__SPEED CONTROL,0.036170922622866676,0.05688022027871094,0.04089047257229195
c__TIRES,0.007232131399974336,0.029105879068764138,0.009414764936550772
c__WHEELS,0.011600153984344925,0.01571357423145126,0.014785897066401167
c__LIGHTING,0.026367252662645963,0.042243613535213186,0.032357796001781645
c__FUEL/PROPULSION,0.09002438085461312,0.07698334903580481,0.07548405690779993
c__VISIBILITY,0.030381111253689207,0.04900122764776978,0.04501270731259989
c__DRIVER ASSISTANCE,0.09552675477993071,0.020574995955424013,0.09451445838900971
c__EQUIPMENT,0.0032080071859360965,0.016357534172701808,0.0063318224294984325
