table,field,distinct_codes,kept,coverage
crashrf,CRASHRF,23,9,0.9927224692233835
weather,WEATHER,13,7,0.9955907319873463
cevent,AOI1,27,12,0.9251288702285042
cevent,SOE,69,12,0.8351413634048852
cevent,AOI2,26,12,0.925183825549828
vehicle,UNITTYPE,1,1,1.0
vehicle,HIT_RUN,2,2,1.0
vehicle,MAKE,68,12,0.7572626981094374
vehicle,BODY_TYP,68,12,0.893601954714838
vehicle,TOW_VEH,9,2,0.9979246929982928
vehicle,J_KNIFE,4,2,0.9992077375297537
vehicle,V_CONFIG,14,8,0.9962034501978904
vehicle,CARGO_BT,18,9,0.9952113693170066
vehicle,HAZ_INV,2,1,0.9994320950434518
vehicle,HAZ_PLAC,4,1,0.9994320950434518
vehicle,HAZ_REL,4,1,0.9994320950434518
vehicle,BUS_USE,10,3,0.9976652796230794
vehicle,SPEC_USE,19,5,0.9938126404425452
vehicle,EMER_USE,8,2,0.994548813534367
vehicle,ROLLOVER,6,5,0.9988712012592066
vehicle,ROLINLOC,10,4,0.9958844418581009
vehicle,DEFORMED,7,7,1.0
vehicle,TOWED,7,6,0.9997546089693927
vehicle,FIRE_EXP,2,2,1.0
vehicle,DR_PRES,3,2,0.9999754608969392
vehicle,SPEEDREL,7,6,0.9996739804879075
vehicle,VTRAFWAY,10,9,0.9995512849726038
vehicle,VNUM_LAN,10,9,0.9998212151062719
vehicle,VALIGN,7,6,0.9993970391819365
vehicle,VPROFILE,9,7,0.9980123326520811
vehicle,VSURCOND,13,6,0.9944015789160027
vehicle,VTRAFCON,19,9,0.9936443723072717
vehicle,VTCONT_F,7,3,0.9975460896939272
vehicle,P_CRASH2,57,12,0.7043283472212971
vehicle,P_CRASH3,14,9,0.9975566064523819
vehicle,PCRASH4,8,7,0.9998983380016055
vehicle,PCRASH5,9,8,0.9981770952012031
vehicle,ACC_TYPE,93,12,0.5646728061165467
vehicle,VPICBODYCLASS,70,12,0.9280127883782808
vehicle,ICFINALBODY,22,3,0.9965329752961344
vehicle,GVWR_FROM,10,10,1.0
vehicle,GVWR_TO,10,10,1.0
vehicle,TRLR1GVWR,12,2,0.9988747068453581
vehicle,TRLR2GVWR,6,1,0.9991691760820868
vehicle,TRLR3GVWR,2,1,0.9999579329661816
vehicle,BDYTYP_IM,61,12,0.9222428683038071
vehicle,IMPACT1_IM,24,12,0.9136609186739069
vehicle,VEVENT_IM,55,12,0.9554124497386586
vehicle,PCRASH1_IM,19,12,0.9903280878079219
vehicle,V_ALCH_IM,2,2,1.0
vehicle,UNDEROVERRIDE,6,3,0.9975648285670801
damage,DAMAGE,16,12,0.9331888902784866
distract,DRDISTRACT,20,11,0.9919703758718904
drimpair,DRIMPAIR,15,8,0.9969191558487025
driverrf,DRIVERRF,30,11,0.9910332374406965
factor,VEHICLECC,20,4,0.9923955837641685
maneuver,MANEUVER,10,7,0.997942336342126
vehiclesf,VEHICLESF,11,1,0.9974093718340175
violatn,VIOLATION,75,12,0.9203655652253783
vision,VISION,19,8,0.9954228276831307
vevent,AOI1,27,12,0.9175582018354966
vevent,SOE,69,12,0.885783913108962
vevent,AOI2,26,12,0.8991587924338231
vsoe,SOE,69,12,0.885783913108962
vsoe,AOI,27,12,0.8988797890438085
parkwork,PVE_FORMS,5,3,0.9979412720771481
parkwork,PMONTH,12,12,1.0
parkwork,PHOUR,25,12,0.5760104019937154
parkwork,PHARM_EV,42,12,0.9773539928486293
parkwork,PMAN_COLL,9,6,0.9983746884819591
parkwork,PTYPE,3,3,1.0
parkwork,PHIT_RUN,2,1,0.9992415212915808
parkwork,PMAKE,57,12,0.7685556398309676
parkwork,PBODYTYP,49,12,0.894246397226135
parkwork,PTRAILER,5,2,0.9981579802795536
parkwork,PV_CONFIG,13,10,0.99880810488677
parkwork,PCARGTYP,16,9,0.9979412720771481
parkwork,PHAZ_INV,2,1,0.9994582294939863
parkwork,PHAZPLAC,2,1,0.9994582294939863
parkwork,PHAZ_REL,3,1,0.9994582294939863
parkwork,PBUS_USE,8,2,0.9972911474699317
parkwork,PSP_USE,18,4,0.9901397767905515
parkwork,PEM_USE,8,4,0.9970744392675263
parkwork,PIMPACT1,24,12,0.918409361794344
parkwork,PTOWED,7,6,0.9990248130891755
parkwork,PM_HARM,23,3,0.9939321703326471
parkwork,PFIRE,2,1,0.9990248130891755
parkwork,PVPICBODYCLASS,47,12,0.9547079856972587
parkwork,PICFINALBODY,15,3,0.9949073572434717
parkwork,PGVWR_FROM,10,9,0.9991331671903781
parkwork,PGVWR_TO,10,9,0.9991331671903781
parkwork,PTRLR1GVWR,5,2,0.9995665835951891
parkwork,PTRLR2GVWR,2,1,0.9993498753927836
parkwork,PTRLR3GVWR,1,1,1.0
parkwork,PUNDEROVERRIDE,6,4,0.9984919571045576
pvehiclesf,PVEHICLESF,8,3,0.9975078556723372
person,STR_VEH,5,2,0.999482244244994
person,MAKE,68,12,0.7680952567671777
person,BODY_TYP,68,12,0.9031225084630566
person,TOW_VEH,9,2,0.9982903972081716
person,SPEC_USE,20,4,0.9910834019527115
person,EMER_USE,8,2,0.9949025604830805
person,ROLLOVER,6,5,0.9987818426590336
person,IMPACT1,26,12,0.8978656105817616
person,FIRE_EXP,2,2,1.0
person,PER_TYP,13,5,0.9972503650680749
person,REST_USE,14,12,0.9998944381470376
person,HELM_USE,8,5,0.9975017028132234
person,HELM_MIS,4,3,0.9999447056960673
person,REST_MIS,4,4,1.0
person,AIR_BAG,10,9,0.9997737960293663
person,ALC_STATUS,4,3,0.9990926707400137
person,ATST_TYP,10,5,0.9973634670533916
person,ALC_RES,313,4,0.994689233445011
person,DRUGS,4,4,1.0
person,LOCATION,19,5,0.9921482088415592
person,VPICBODYCLASS,70,12,0.937110666718948
person,ICFINALBODY,22,3,0.9964448626958919
person,SEX_IM,2,2,1.0
person,EJECT_IM,5,3,0.9988488731272196
person,PERALCH_IM,2,2,1.0
person,SEAT_IM,24,6,0.9911302909737075
person,GVWR_FROM,10,10,1.0
person,GVWR_TO,10,10,1.0
person,DEVTYPE,11,8,0.9984674329501916
person,DEVMOTOR,4,4,1.0
nmcrash,NMCC,24,12,0.9657208627333234
nmdistract,NMDISTRACT,19,11,0.995434087795969
nmimpair,NMIMPAIR,14,7,0.993873826903024
nmprior,NMACTION,15,12,0.9883557261676263
personrf,PERSONRF,22,1,0.9962879654180123
safetyeq,NMHELMET,4,4,1.0
safetyeq,NMPROPAD,4,3,0.998760276654052
safetyeq,NMOTHPRO,4,3,0.9995432598199139
safetyeq,NMREFCLO,4,4,1.0
safetyeq,NMLIGHT,4,4,1.0
safetyeq,NMOTHPRE,4,3,0.998825525251207
pbtype,PBPTYPE,7,7,1.0
pbtype,PBSEX,4,3,0.9994090222601615
pbtype,PBCWALK,3,2,0.9982270667804846
pbtype,PBSWALK,3,2,0.9985553877470615
pbtype,PBSZONE,3,2,0.9998030074200538
pbtype,PEDCTYPE,55,12,0.8190294832227986
pbtype,BIKECTYPE,77,12,0.8272375073872218
pbtype,PEDLOC,6,6,1.0
pbtype,BIKELOC,6,4,0.9989493729069538
pbtype,PEDPOS,10,9,0.9988837087136384
pbtype,BIKEPOS,8,5,0.9988837087136384
pbtype,PEDDIR,7,7,1.0
pbtype,BIKEDIR,5,5,1.0
pbtype,MOTDIR,7,7,1.0
pbtype,MOTMAN,6,6,1.0
pbtype,PEDLEG,5,5,1.0
pbtype,PEDSNR,51,12,0.8823954297721452
pbtype,PEDCGP,17,12,0.9833212948978922
pbtype,BIKECGP,22,12,0.9424125024624073
vpicdecode,VEHICLETYPEID,9,6,0.9997244849499904
vpicdecode,PLANTCOUNTRYID,39,12,0.9854973295261203
vpicdecode,DESTINATIONMARKETID,21,12,0.9883310302471979
vpicdecode,BODYCLASSID,59,12,0.9457450896514722
vpicdecode,WHEELBASETYPEID,6,6,1.0
vpicdecode,GROSSVEHICLEWEIGHTRATINGFROMID,16,12,0.979867971876201
vpicdecode,GROSSVEHICLEWEIGHTRATINGTOID,6,6,1.0
vpicdecode,GROSSCOMBWEIGHTRATINGFROMID,5,5,1.0
vpicdecode,GROSSCOMBWEIGHTRATINGTOID,1,1,1.0
vpicdecode,TRUCKBODYCABTYPEID,11,6,0.9958580504756221
vpicdecode,TRUCKBEDTYPEID,5,3,0.998339464160722
vpicdecode,BUSTYPEID,7,1,0.9994512427298994
vpicdecode,BUSFLOORCONFIGURATIONTYPEID,4,1,0.9997796781059786
vpicdecode,CUSTOMMOTORCYCLETYPEID,13,1,0.9997485806061834
vpicdecode,MOTORCYCLESUSPENSIONTYPEID,5,1,0.9998723982375944
vpicdecode,MOTORCYCLECHASSISTYPEID,4,1,0.9997185688286835
vpicdecode,STEERINGLOCATIONID,3,1,0.9973728121560692
vpicdecode,ENTERTAINMENTSYSTEMID,3,3,1.0
vpicdecode,TRANSMISSIONSTYLEID,12,6,0.9961107011993047
vpicdecode,DRIVETYPEID,20,6,0.9969982580564888
vpicdecode,AXLECONFIGURATIONID,4,3,0.9992553983618764
vpicdecode,BRAKESYSTEMTYPEID,4,3,0.9997539817518638
vpicdecode,EVDRIVEUNITID,3,3,1.0
vpicdecode,BATTERYTYPEID,4,4,1.0
vpicdecode,CHARGERLEVELID,3,3,1.0
vpicdecode,ENGINECONFIGURATIONID,6,3,0.999573990789573
vpicdecode,ENGINECOOLINGTYPEID,3,2,0.9981189537800071
vpicdecode,FUELTYPEPRIMARYID,11,4,0.9983265225214235
vpicdecode,FUELTYPESECONDARYID,10,6,0.9984942026803192
vpicdecode,FUELDELIVERYINJECTIONTYPEID,9,6,0.9989384288747346
vpicdecode,ENGINEVALVETRAINDESIGNID,5,3,0.9994052252709287
vpicdecode,ENGINEELECTRIFICATIONLEVELID,7,6,0.9990605918271489
vpicdecode,ENGINETURBOID,3,2,0.9982619251248379
vpicdecode,SEATBELTTYPEID,4,1,0.9983858307871736
vpicdecode,PRETENSIONERID,2,2,1.0
vpicdecode,AIRBAGLOCFRONTID,3,2,0.9997200385724634
vpicdecode,AIRBAGLOCKNEEID,4,3,0.9989636794315041
vpicdecode,AIRBAGLOCSIDEID,7,5,0.9996621691856719
vpicdecode,AIRBAGLOCCURTAINID,6,4,0.999215828644037
vpicdecode,AIRBAGLOCSEATCUSHIONID,5,5,1.0
vpicdecode,FORWARDCOLLISIONWARNINGID,4,4,1.0
vpicdecode,DYNAMICBRAKESUPPORTID,4,4,1.0
vpicdecode,CRASHIMMINENTBRAKINGID,4,4,1.0
vpicdecode,PEDESTRIANAUTOEMERGENCYBRAKINGID,4,4,1.0
vpicdecode,BLINDSPOTWARNINGID,4,4,1.0
vpicdecode,BLINDSPOTINTERVENTIONID,2,2,1.0
vpicdecode,LANEDEPARTUREWARNINGID,4,4,1.0
vpicdecode,LANEKEEPINGASSISTANCEID,4,4,1.0
vpicdecode,LANECENTERINGASSISTANCEID,2,2,1.0
vpicdecode,BACKUPCAMERAID,4,3,0.9998649113327112
vpicdecode,REARCROSSTRAFFICALERTID,4,4,1.0
vpicdecode,REARAUTOMATICEMERGENCYBRAKINGID,2,2,1.0
vpicdecode,PARKASSISTID,4,4,1.0
vpicdecode,DAYTIMERUNNINGLIGHTID,4,4,1.0
vpicdecode,HEADLAMPLIGHTSOURCEID,7,4,0.9982628425568122
vpicdecode,SEMIAUTOHEADLAMPBEAMSWITCHINGID,4,4,1.0
vpicdecode,ADAPTIVEDRIVINGBEAMID,4,4,1.0
vpicdecode,ADAPTIVECRUISECONTROLID,4,4,1.0
vpicdecode,ANTILOCKBRAKESYSTEMID,4,1,0.9979745514190567
vpicdecode,ELECTRONICSTABILITYCONTROLID,2,1,0.9991383790585082
vpicdecode,TPMSID,3,2,0.9995790760430842
vpicdecode,AUTOMATICCRASHNOTIFICATIONID,4,4,1.0
vpicdecode,EVENTDATARECORDERID,4,4,1.0
vpicdecode,TRACTIONCONTROLID,3,1,0.998989898989899
vpicdecode,AUTOPEDESTRIANALERTINGSOUNDID,4,3,0.9995720704657299
vpicdecode,KEYLESSIGNITIONID,4,3,0.9986609420166638
vpicdecode,AUTOREVERSESYSTEMID,4,3,0.9995395654008978
vpicdecode,NONLANDUSEID,0,0,
vpictrailerdecode,VEHICLETYPEID,1,1,1.0
vpictrailerdecode,PLANTCOUNTRYID,6,4,0.9985825655563431
vpictrailerdecode,BODYCLASSID,1,1,1.0
vpictrailerdecode,GROSSVEHICLEWEIGHTRATINGFROMID,12,12,1.0
vpictrailerdecode,GROSSVEHICLEWEIGHTRATINGTOID,1,1,1.0
vpictrailerdecode,TRAILERBODYTYPEID,58,12,0.8624078624078624
vpictrailerdecode,TRAILERTYPECONNECTIONID,9,9,1.0
vpictrailerdecode,AXLECONFIGURATIONID,2,2,1.0
vpictrailerdecode,NONLANDUSEID,0,0,
