year,table,rows,columns,size_bytes,header,sha256
2020,accident,54745,80,36582557,CASENUM|STRATUM|STRATUMNAME|REGION|REGIONNAME|PSU|PJ|PSU_VAR|URBANICITY|URBANICITYNAME|VE_TOTAL|VE_FORMS|PVH_INVL|PEDS|PERMVIT|PERNOTMVIT|NUM_INJ|NUM_INJNAME|MONTH|MONTHNAME|YEAR|YEARNAME|DAY_WEEK|DAY_WEEKNAME|HOUR|HOURNAME|MINUTE|MINUTENAME|HARM_EV|HARM_EVNAME|ALCOHOL|ALCOHOLNAME|MAX_SEV|MAX_SEVNAME|MAN_COLL|MAN_COLLNAME|RELJCT1|RELJCT1NAME|RELJCT2|RELJCT2NAME|TYP_INT|TYP_INTNAME|WRK_ZONE|WRK_ZONENAME|REL_ROAD|REL_ROADNAME|LGT_COND|LGT_CONDNAME|SCH_BUS|SCH_BUSNAME|INT_HWY|INT_HWYNAME|WEATHER|WEATHERNAME|WKDY_IM|WKDY_IMNAME|HOUR_IM|HOUR_IMNAME|MINUTE_IM|MINUTE_IMNAME|EVENT1_IM|EVENT1_IMNAME|MANCOL_IM|MANCOL_IMNAME|RELJCT1_IM|RELJCT1_IMNAME|RELJCT2_IM|RELJCT2_IMNAME|LGTCON_IM|LGTCON_IMNAME|WEATHR_IM|WEATHR_IMNAME|MAXSEV_IM|MAXSEV_IMNAME|NO_INJ_IM|NO_INJ_IMNAME|ALCHL_IM|ALCHL_IMNAME|PSUSTRAT|WEIGHT,794a84764787ef0b9d3f73eea58a12861946c67ec2d7a5a22748686a78463c6d
2020,cevent,93690,22,22448848,CASENUM|REGION|REGIONNAME|PSU|PJ|PSU_VAR|URBANICITY|URBANICITYNAME|STRATUM|STRATUMNAME|EVENTNUM|VNUMBER1|AOI1|AOI1NAME|SOE|SOENAME|VNUMBER2|VNUMBER2NAME|AOI2|AOI2NAME|PSUSTRAT|WEIGHT,11467f9565afedefc28ade87172ba376cf1981232fe0a68e25430b709d58cca7
2020,crashrf,54879,14,9153068,CASENUM|STRATUM|STRATUMNAME|REGION|REGIONNAME|PSU|PJ|PSU_VAR|URBANICITY|URBANICITYNAME|CRASHRF|CRASHRFNAME|PSUSTRAT|WEIGHT,6d950a60137050adbb46e2185735f312fb38eb3d0486d9df332dffea93a0b886
2020,damage,198616,15,34827742,CASENUM|VEH_NO|STRATUM|STRATUMNAME|REGION|REGIONNAME|PSU|PJ|PSU_VAR|URBANICITY|URBANICITYNAME|DAMAGE|DAMAGENAME|PSUSTRAT|WEIGHT,a81408c1c2fab6bf1453628671e69ea06140bee3bb6f922e427700ce8d2cce11
2020,distract,94780,15,17009972,CASENUM|VEH_NO|STRATUM|STRATUMNAME|REGION|REGIONNAME|PSU|PJ|PSU_VAR|URBANICITY|URBANICITYNAME|DRDISTRACT|DRDISTRACTNAME|PSUSTRAT|WEIGHT,58c791b58214540592cabee94e35eb3bc7e9e8e78266ba5b0cb99cf2a908200a
2020,drimpair,94868,15,17340537,CASENUM|VEH_NO|STRATUM|STRATUMNAME|REGION|REGIONNAME|PSU|PJ|PSU_VAR|URBANICITY|URBANICITYNAME|DRIMPAIR|DRIMPAIRNAME|PSUSTRAT|WEIGHT,77d47d3fb61f594ae2447cb0fdc308382807d06e2953eaa46d7d194417a9a0ac
2020,driverrf,97100,15,17041128,CASENUM|VEH_NO|STRATUM|STRATUMNAME|REGION|REGIONNAME|PSU|PJ|PSU_VAR|URBANICITY|URBANICITYNAME|DRIVERRF|DRIVERRFNAME|PSUSTRAT|WEIGHT,014708f6b81cc2420be0b17eedbb216d39bcb82c992c141e5faedac7c195ea7f
2020,factor,94787,15,16406701,CASENUM|VEH_NO|STRATUM|STRATUMNAME|REGION|REGIONNAME|PSU|PJ|PSU_VAR|URBANICITY|URBANICITYNAME|VEHICLECC|VEHICLECCNAME|PSUSTRAT|WEIGHT,673aa44ce9137f550cbfc3939eef8158c4d73545d352d4a5f2bc06dcf8f927b6
2020,maneuver,94727,15,17097312,CASENUM|VEH_NO|STRATUM|STRATUMNAME|REGION|REGIONNAME|PSU|PJ|PSU_VAR|URBANICITY|URBANICITYNAME|MANEUVER|MANEUVERNAME|PSUSTRAT|WEIGHT,e226c3dc87f1ece3602df21b5d242e7254fe3c7a4fe0e3e793f79d136fcd7811
2020,nmcrash,6376,16,1246480,CASENUM|VEH_NO|PER_NO|STRATUM|STRATUMNAME|REGION|REGIONNAME|PSU|PJ|PSU_VAR|URBANICITY|URBANICITYNAME|NMCC|NMCCNAME|PSUSTRAT|WEIGHT,15ad91fc1d8ec32267f69df8716bae061223f9be9c406a9b0b8189027c8f579c
2020,nmdistract,5079,16,932855,CASENUM|VEH_NO|PER_NO|STRATUM|STRATUMNAME|REGION|REGIONNAME|PSU|PJ|PSU_VAR|URBANICITY|URBANICITYNAME|NMDISTRACT|NMDISTRACTNAME|PSUSTRAT|WEIGHT,a688010b4260dec4b7e80f2a36a6acd0c00c007ea5e0ab4f4bf81421ee07462e
2020,nmimpair,5080,16,948906,CASENUM|VEH_NO|PER_NO|STRATUM|STRATUMNAME|REGION|REGIONNAME|PSU|PJ|PSU_VAR|URBANICITY|URBANICITYNAME|NMIMPAIR|NMIMPAIRNAME|PSUSTRAT|WEIGHT,6a56b4f93604a35150e6856bcf72753d8ff8bdc60d227f6e4ca4b129be5629f3
2020,nmprior,5187,16,1022113,CASENUM|VEH_NO|PER_NO|STRATUM|STRATUMNAME|REGION|REGIONNAME|PSU|PJ|PSU_VAR|URBANICITY|URBANICITYNAME|NMACTION|NMACTIONNAME|PSUSTRAT|WEIGHT,ab06ee303633200e8a5e4b5b22407fbfabb54456ec4ae02d31cfba666fa7dd63
2020,parkwork,3261,103,3772888,CASENUM|VEH_NO|STRATUM|STRATUMNAME|REGION|REGIONNAME|PSU|PJ|PSU_VAR|URBANICITY|URBANICITYNAME|PVE_FORMS|PNUMOCCS|PNUMOCCSNAME|PMONTH|PMONTHNAME|PHOUR|PHOURNAME|PMINUTE|PMINUTENAME|PHARM_EV|PHARM_EVNAME|PMAN_COLL|PMAN_COLLNAME|PTYPE|PTYPENAME|PHIT_RUN|PHIT_RUNNAME|PMAKE|PMAKENAME|PMODEL|PMAK_MOD|PMAK_MODNAME|PBODYTYP|PBODYTYPNAME|PMODYEAR|PMODYEARNAME|PVIN|PVINNAME|PTRAILER|PTRAILERNAME|PMCARR_I1|PMCARR_I1NAME|PMCARR_I2|PMCARR_I2NAME|PMCARR_ID|PMCARR_IDNAME|PV_CONFIG|PV_CONFIGNAME|PCARGTYP|PCARGTYPNAME|PHAZ_INV|PHAZ_INVNAME|PHAZPLAC|PHAZPLACNAME|PHAZ_ID|PHAZ_IDNAME|PHAZ_CNO|PHAZ_CNONAME|PHAZ_REL|PHAZ_RELNAME|PBUS_USE|PBUS_USENAME|PSP_USE|PSP_USENAME|PEM_USE|PEM_USENAME|PIMPACT1|PIMPACT1NAME|PVEH_SEV|PVEH_SEVNAME|PTOWED|PTOWEDNAME|PM_HARM|PM_HARMNAME|PFIRE|PFIRENAME|PTRLR1VIN|PTRLR1VINNAME|PTRLR2VIN|PTRLR2VINNAME|PTRLR3VIN|PTRLR3VINNAME|PVPICMAKE|PVPICMAKENAME|PVPICMODEL|PVPICMODELNAME|PVPICBODYCLASS|PVPICBODYCLASSNAME|PICFINALBODY|PICFINALBODYNAME|PGVWR_FROM|PGVWR_FROMNAME|PGVWR_TO|PGVWR_TONAME|PTRLR1GVWR|PTRLR1GVWRNAME|PTRLR2GVWR|PTRLR2GVWRNAME|PTRLR3GVWR|PTRLR3GVWRNAME|PSUSTRAT|WEIGHT,5c9c7f65a2a78e23126132102bae5a7ffd1aa257e89314b8a3bec52687ba953b
2020,pbtype,5039,54,2874274,CASENUM|VEH_NO|PER_NO|STRATUM|STRATUMNAME|REGION|REGIONNAME|PSU|PJ|PSU_VAR|URBANICITY|URBANICITYNAME|PBPTYPE|PBPTYPENAME|PBAGE|PBAGENAME|PBSEX|PBSEXNAME|PBCWALK|PBCWALKNAME|PBSWALK|PBSWALKNAME|PBSZONE|PBSZONENAME|PEDCTYPE|PEDCTYPENAME|BIKECTYPE|BIKECTYPENAME|PEDLOC|PEDLOCNAME|BIKELOC|BIKELOCNAME|PEDPOS|PEDPOSNAME|BIKEPOS|BIKEPOSNAME|PEDDIR|PEDDIRNAME|BIKEDIR|BIKEDIRNAME|MOTDIR|MOTDIRNAME|MOTMAN|MOTMANNAME|PEDLEG|PEDLEGNAME|PEDSNR|PEDSNRNAME|PEDCGP|PEDCGPNAME|BIKECGP|BIKECGPNAME|PSUSTRAT|WEIGHT,cd1a077d86d9295cdec8dd6431dd2884b608cce8c20d5921c3a9d95f31411830
2020,person,131962,108,151513746,CASENUM|VE_FORMS|VEH_NO|PER_NO|STRATUM|STRATUMNAME|REGION|REGIONNAME|PSU|PJ|PSU_VAR|URBANICITY|URBANICITYNAME|STR_VEH|MONTH|MONTHNAME|HOUR|HOURNAME|MINUTE|MINUTENAME|HARM_EV|HARM_EVNAME|MAN_COLL|MAN_COLLNAME|SCH_BUS|SCH_BUSNAME|MAKE|MAKENAME|MAK_MOD|MAK_MODNAME|BODY_TYP|BODY_TYPNAME|MOD_YEAR|MOD_YEARNAME|TOW_VEH|TOW_VEHNAME|SPEC_USE|SPEC_USENAME|EMER_USE|EMER_USENAME|ROLLOVER|ROLLOVERNAME|IMPACT1|IMPACT1NAME|FIRE_EXP|FIRE_EXPNAME|AGE|AGENAME|SEX|SEXNAME|PER_TYP|PER_TYPNAME|INJ_SEV|INJ_SEVNAME|SEAT_POS|SEAT_POSNAME|REST_USE|REST_USENAME|HELM_USE|HELM_USENAME|HELM_MIS|HELM_MISNAME|REST_MIS|REST_MISNAME|AIR_BAG|AIR_BAGNAME|EJECTION|EJECTIONNAME|DRINKING|DRINKINGNAME|ALC_STATUS|ALC_STATUSNAME|ATST_TYP|ATST_TYPNAME|ALC_RES|ALC_RESNAME|DRUGS|DRUGSNAME|HOSPITAL|HOSPITALNAME|LOCATION|LOCATIONNAME|VPICMAKE|VPICMAKENAME|VPICMODEL|VPICMODELNAME|VPICBODYCLASS|VPICBODYCLASSNAME|ICFINALBODY|ICFINALBODYNAME|SEX_IM|SEX_IMNAME|INJSEV_IM|INJSEV_IMNAME|EJECT_IM|EJECT_IMNAME|PERALCH_IM|PERALCH_IMNAME|SEAT_IM|SEAT_IMNAME|AGE_IM|AGE_IMNAME|PSUSTRAT|WEIGHT|GVWR_FROM|GVWR_FROMNAME|GVWR_TO|GVWR_TONAME,c1aaf2a5345e70fb918dad75277cf08c0bb768d26dc190ec354bc1353bd82322
2020,personrf,131967,16,22309722,CASENUM|VEH_NO|PER_NO|STRATUM|STRATUMNAME|REGION|REGIONNAME|PSU|PJ|PSU_VAR|URBANICITY|URBANICITYNAME|PERSONRF|PERSONRFNAME|PSUSTRAT|WEIGHT,c1e7d0c4079fb3bd4fad3d968e376a772582afb6bd2a0b385794b442cc5aab4c
2020,pvehiclesf,3261,15,519705,CASENUM|VEH_NO|STRATUM|STRATUMNAME|REGION|REGIONNAME|PSU|PJ|PSU_VAR|URBANICITY|URBANICITYNAME|PVEHICLESF|PVEHICLESFNAME|PSUSTRAT|WEIGHT,c5eb2216b0f84c5eb473a5c9b05442145fc2535446f297a88f0c5e1fc9b84ad5
2020,safetyeq,5077,26,1213321,CASENUM|VEH_NO|PER_NO|STRATUM|STRATUMNAME|REGION|REGIONNAME|PSU|PJ|PSU_VAR|URBANICITY|URBANICITYNAME|NMHELMET|NMHELMETNAME|NMPROPAD|NMPROPADNAME|NMOTHPRO|NMOTHPRONAME|NMREFCLO|NMREFCLONAME|NMLIGHT|NMLIGHTNAME|NMOTHPRE|NMOTHPRENAME|PSUSTRAT|WEIGHT,af0200657f5047f5f9f13a06f07a68ef151878ec7ba35bdccbaf916cb3c3882e
2020,vehicle,94718,167,173641088,CASENUM|VEH_NO|STRATUM|STRATUMNAME|REGION|REGIONNAME|PSU|PJ|PSU_VAR|URBANICITY|URBANICITYNAME|VE_FORMS|NUMOCCS|NUMOCCSNAME|MONTH|MONTHNAME|HOUR|HOURNAME|MINUTE|MINUTENAME|HARM_EV|HARM_EVNAME|MAN_COLL|MAN_COLLNAME|UNITTYPE|UNITTYPENAME|HIT_RUN|HIT_RUNNAME|MAKE|MAKENAME|MODEL|MAK_MOD|MAK_MODNAME|BODY_TYP|BODY_TYPNAME|MOD_YEAR|MOD_YEARNAME|VIN|VINNAME|TOW_VEH|TOW_VEHNAME|J_KNIFE|J_KNIFENAME|MCARR_I1|MCARR_I1NAME|MCARR_I2|MCARR_I2NAME|MCARR_ID|MCARR_IDNAME|V_Config|V_ConfigNAME|CARGO_BT|CARGO_BTNAME|HAZ_INV|HAZ_INVNAME|HAZ_PLAC|HAZ_PLACNAME|HAZ_ID|HAZ_IDNAME|HAZ_CNO|HAZ_CNONAME|HAZ_REL|HAZ_RELNAME|BUS_USE|BUS_USENAME|SPEC_USE|SPEC_USENAME|EMER_USE|EMER_USENAME|TRAV_SP|TRAV_SPNAME|ROLLOVER|ROLLOVERNAME|ROLINLOC|ROLINLOCNAME|IMPACT1|IMPACT1NAME|DEFORMED|DEFORMEDNAME|TOWED|TOWEDNAME|M_HARM|M_HARMNAME|VEH_ALCH|VEH_ALCHNAME|MAX_VSEV|MAX_VSEVNAME|NUM_INJV|NUM_INJVNAME|FIRE_EXP|FIRE_EXPNAME|DR_PRES|DR_PRESNAME|DR_ZIP|DR_ZIPNAME|SPEEDREL|SPEEDRELNAME|VTRAFWAY|VTRAFWAYNAME|VNUM_LAN|VNUM_LANNAME|VSPD_LIM|VSPD_LIMNAME|VALIGN|VALIGNNAME|VPROFILE|VPROFILENAME|VSURCOND|VSURCONDNAME|VTRAFCON|VTRAFCONNAME|VTCONT_F|VTCONT_FNAME|P_CRASH1|P_CRASH1NAME|P_CRASH2|P_CRASH2NAME|P_CRASH3|P_CRASH3NAME|PCRASH4|PCRASH4NAME|PCRASH5|PCRASH5NAME|ACC_TYPE|ACC_TYPENAME|TRLR1VIN|TRLR1VINNAME|TRLR2VIN|TRLR2VINNAME|TRLR3VIN|TRLR3VINNAME|VPICMAKE|VPICMAKENAME|VPICMODEL|VPICMODELNAME|VPICBODYCLASS|VPICBODYCLASSNAME|ICFINALBODY|ICFINALBODYNAME|GVWR_FROM|GVWR_FROMNAME|GVWR_TO|GVWR_TONAME|TRLR1GVWR|TRLR1GVWRNAME|TRLR2GVWR|TRLR2GVWRNAME|TRLR3GVWR|TRLR3GVWRNAME|BDYTYP_IM|BDYTYP_IMNAME|MDLYR_IM|MDLYR_IMNAME|IMPACT1_IM|IMPACT1_IMNAME|VEVENT_IM|VEVENT_IMNAME|PCRASH1_IM|PCRASH1_IMNAME|MXVSEV_IM|MXVSEV_IMNAME|NUMINJ_IM|NUMINJ_IMNAME|V_ALCH_IM|V_ALCH_IMNAME|PSUSTRAT|WEIGHT,90b84dd7d93b79284f1b4a9033062ae7f65b7c977f3b7e125e8d08941ff85de3
2020,vehiclesf,94718,15,15801126,CASENUM|VEH_NO|STRATUM|STRATUMNAME|REGION|REGIONNAME|PSU|PJ|PSU_VAR|URBANICITY|URBANICITYNAME|VEHICLESF|VEHICLESFNAME|PSUSTRAT|WEIGHT,6f1038e352e72228b50b22f3ba6257e3e0e6dba9b9c3eea382b3266797e98650
2020,vevent,137083,24,32997499,CASENUM|EventNum|VEH_NO|STRATUM|STRATUMNAME|REGION|REGIONNAME|PSU|PJ|PSU_VAR|URBANICITY|URBANICITYNAME|VEventNum|VNumber1|AOI1|AOI1NAME|SOE|SOENAME|VNumber2|VNumber2NAME|AOI2|AOI2NAME|PSUSTRAT|WEIGHT,a674ea91b61b98a76b38ef1151ec8dfbec30b47945dfef3364710bf6836c7bba
2020,violatn,101741,15,18050545,CASENUM|VEH_NO|STRATUM|STRATUMNAME|REGION|REGIONNAME|PSU|PJ|PSU_VAR|URBANICITY|URBANICITYNAME|VIOLATION|VIOLATIONNAME|PSUSTRAT|WEIGHT,1932c9dc388b8e30758eaac7615e385f7b517f14aa16729fce87adc8b743156a
2020,vision,94744,15,17345825,CASENUM|VEH_NO|STRATUM|STRATUMNAME|REGION|REGIONNAME|PSU|PJ|PSU_VAR|URBANICITY|URBANICITYNAME|VISION|VISIONNAME|PSUSTRAT|WEIGHT,217b88b3f49b343fadcd4d99be68cc0f1c31548b9f017e4ffdc6d53cd9909776
2020,vpicdecode,91750,201,71479145,CASENUM|VEH_NO|VehicleDescriptor|VINDecodedOn|VINDecodeError|VehicleTypeId|VehicleType|ManufacturerFullNameId|ManufacturerFullName|MakeId|Make|ModelId|Model|ModelYear|Series|Trim|Series2|Trim2|PlantCountryId|PlantCountry|PlantState|PlantCity|PlantCompanyName|DestinationMarketId|DestinationMarket|BasePrice|Note|BodyClassId|BodyClass|DoorsCount|Windows|WheelBaseTypeId|WheelBaseType|TrackWidthIN|GrossVehicleWeightRatingFromId|GrossVehicleWeightRatingFrom|GrossVehicleWeightRatingToId|GrossVehicleWeightRatingTo|GrossCombWeightRatingFromId|GrossCombWeightRatingFrom|GrossCombWeightRatingToId|GrossCombWeightRatingTo|CurbWeightLB|WheelBaseIN_from|WheelBaseIN_To|WheelsCount|WheelSizeFrontIN|WheelSizeRearIN|TruckBodyCabTypeId|TruckBodyCabType|TruckBedTypeId|TruckBedType|TruckBedLengthIN|BusTypeId|BusType|BusFloorConfigurationTypeId|BusFloorConfigurationType|BusLengthFT|OtherBusInfo|CustomMotorcycleTypeId|CustomMotorcycleType|MotorcycleSuspensionTypeId|MotorcycleSuspensionType|MotorcycleChassisTypeId|MotorcycleChassisType|OtherMotorcycleInfo|SteeringLocationId|SteeringLocation|EntertainmentSystemId|EntertainmentSystem|SeatsCount|SeatRowsCount|TransmissionSpeeds|TransmissionStyleId|TransmissionStyle|DriveTypeId|DriveType|AxlesCount|AxleConfigurationId|AxleConfiguration|BrakeSystemTypeId|BrakeSystemType|BrakeSystemDesc|EVDriveUnitId|EVDriveUnit|BatteryKWh_From|BatteryKWh_to|BatteryV_From|BatteryV_to|BatteryA_From|BatteryA_to|BatteryPacksPerVehicle|BatteryModulesPerPack|BatteryCellsPerModule|BatteryTypeId|BatteryType|OtherBatteryInfo|ChargerLevelId|ChargerLevel|ChargerPowerKW|EngineManufacturer|EngineModel|EngineConfigurationId|EngineConfiguration|EnginePowerKW|EngineStrokeCycles|EngineCylindersCount|EngineBrakeHP_From|EngineBrakeHP_To|EngineCoolingTypeId|EngineCoolingType|DisplacementCI|DisplacementCC|DisplacementL|FuelTypePrimaryId|FuelTypePrimary|FuelTypeSecondaryId|FuelTypeSecondary|FuelDeliveryInjectionTypeId|FuelDeliveryInjectionType|EngineValveTrainDesignId|EngineValveTrainDesign|EngineElectrificationLevelId|EngineElectrificationLevel|EngineTurboId|EngineTurbo|TopSpeedMPH|OtherEngineInfo|SeatBeltTypeId|SeatBeltType|PretensionerId|Pretensioner|AirBagLocFrontId|AirBagLocFront|AirBagLocKneeId|AirBagLocKnee|AirBagLocSideId|AirBagLocSide|AirBagLocCurtainId|AirBagLocCurtain|AirBagLocSeatCushionId|AirBagLocSeatCushion|OtherRestraintSystemInfo|ForwardCollisionWarningId|ForwardCollisionWarning|DynamicBrakeSupportId|DynamicBrakeSupport|CrashImminentBrakingID|CrashImminentBraking|PedestrianAutoEmergencyBrakingId|PedestrianAutoEmergencyBraking|BlindSpotWarningId|BlindSpotWarning|BlindSpotInterventionId|BlindSpotIntervention|LaneDepartureWarningId|LaneDepartureWarning|LaneKeepingAssistanceId|LaneKeepingAssistance|LaneCenteringAssistanceId|LaneCenteringAssistance|BackupCameraId|BackupCamera|RearCrossTrafficAlertId|RearCrossTrafficAlert|RearAutomaticEmergencyBrakingId|RearAutomaticEmergencyBraking|ParkAssistId|ParkAssist|DaytimeRunningLightId|DaytimeRunningLight|HeadlampLightSourceId|HeadlampLightSource|SemiAutoHeadlampBeamSwitchingId|SemiAutoHeadlampBeamSwitching|AdaptiveDrivingBeamId|AdaptiveDrivingBeam|AdaptiveCruiseControlId|AdaptiveCruiseControl|AntilockBrakeSystemId|AntilockBrakeSystem|ElectronicStabilityControlId|ElectronicStabilityControl|TPMSId|TPMS|AutomaticCrashNotificationId|AutomaticCrashNotification|EventDataRecorderId|EventDataRecorder|TractionControlId|TractionControl|AutoPedestrianAlertingSoundId|AutoPedestrianAlertingSound|KeylessIgnitionId|KeylessIgnition|SAEAutomationLevel_From|SAEAutomationLevel_to|AutoReverseSystemId|AutoReverseSystem|ActiveSafetySysNote|POLKVIN,d199c602c026dd33aaa5442834609835595e610122d05cc42861749e2855da38
2020,vpictrailerdecode,373,38,107341,CASENUM|VEH_NO|TRAILER_NO|VehicleDescriptor|VINDecodedOn|VINDecodeError|VehicleTypeId|VehicleType|ManufacturerFullNameId|ManufacturerFullName|MakeId|Make|ModelId|Model|ModelYear|Series|Trim|PlantCountryId|PlantCountry|PlantState|PlantCity|PlantCompanyName|Note|BodyClassId|BodyClass|GrossVehicleWeightRatingFromId|GrossVehicleWeightRatingFrom|GrossVehicleWeightRatingToId|GrossVehicleWeightRatingTo|TrailerBodyTypeId|TrailerBodyType|TrailerTypeConnectionId|TrailerTypeConnection|TrailerLengthFT|OtherTrailerInfo|AxlesCount|AxleConfigurationId|AxleConfiguration,95d4d1044e9cbcb4830de1fd4f31967b19695c603b0de3d8c2efb29896d808ef
2020,vsoe,137083,18,28277546,CASENUM|VEH_NO|STRATUM|STRATUMNAME|REGION|REGIONNAME|PSU|PJ|PSU_VAR|URBANICITY|URBANICITYNAME|VEVENTNUM|SOE|SOENAME|AOI|AOINAME|PSUSTRAT|WEIGHT,6af7b52fa6b3c6bce7570c60d2f648e5a0fd68a276108104a07dc0488966b78f
2020,weather,54981,14,9117186,CASENUM|STRATUM|STRATUMNAME|REGION|REGIONNAME|PSU|PJ|PSU_VAR|URBANICITY|URBANICITYNAME|WEATHERCode|WEATHERNAME|PSUSTRAT|WEIGHT,be2ddd85e25b339ec81c5cca75bc19ed4185c93f0947027777afc56faf09e3cc
2021,accident,54200,80,36119009,CASENUM|PSU|PSU_VAR|PSUSTRAT|REGION|REGIONNAME|URBANICITY|URBANICITYNAME|STRATUM|STRATUMNAME|PJ|WEIGHT|PEDS|PERNOTMVIT|VE_TOTAL|VE_FORMS|PVH_INVL|PERMVIT|MONTH|MONTHNAME|DAY_WEEK|DAY_WEEKNAME|WKDY_IM|WKDY_IMNAME|YEAR|YEARNAME|HOUR|HOURNAME|HOUR_IM|HOUR_IMNAME|MINUTE|MINUTENAME|MINUTE_IM|MINUTE_IMNAME|HARM_EV|HARM_EVNAME|EVENT1_IM|EVENT1_IMNAME|MAN_COLL|MAN_COLLNAME|MANCOL_IM|MANCOL_IMNAME|RELJCT1|RELJCT1NAME|RELJCT1_IM|RELJCT1_IMNAME|RELJCT2|RELJCT2NAME|RELJCT2_IM|RELJCT2_IMNAME|TYP_INT|TYP_INTNAME|REL_ROAD|REL_ROADNAME|WRK_ZONE|WRK_ZONENAME|LGT_COND|LGT_CONDNAME|LGTCON_IM|LGTCON_IMNAME|WEATHER|WEATHERNAME|WEATHR_IM|WEATHR_IMNAME|SCH_BUS|SCH_BUSNAME|INT_HWY|INT_HWYNAME|MAX_SEV|MAX_SEVNAME|MAXSEV_IM|MAXSEV_IMNAME|NUM_INJ|NUM_INJNAME|NO_INJ_IM|NO_INJ_IMNAME|ALCOHOL|ALCOHOLNAME|ALCHL_IM|ALCHL_IMNAME,3d0f7b7cee3fba674f12fd61c2e6f532e19ae0d1f7f6e414b6fe9e20c1c2741f
2021,cevent,90387,22,21595829,CASENUM|REGION|REGIONNAME|PSU|PJ|PSU_VAR|URBANICITY|URBANICITYNAME|STRATUM|STRATUMNAME|EVENTNUM|VNUMBER1|AOI1|AOI1NAME|SOE|SOENAME|VNUMBER2|VNUMBER2NAME|AOI2|AOI2NAME|PSUSTRAT|WEIGHT,9a9adbecd9e75100537ae71bba0819d7c1189e0ff88a10c62b214f7ee003d750
2021,crashrf,54452,14,9080504,CASENUM|STRATUM|STRATUMNAME|REGION|REGIONNAME|PSU|PJ|PSU_VAR|URBANICITY|URBANICITYNAME|CRASHRF|CRASHRFNAME|PSUSTRAT|WEIGHT,d4781eb55d04bdf8d9b83646df55b8d9e3b0519e9e643c286a68d986c97b0e8c
2021,damage,196150,15,34363156,CASENUM|VEH_NO|STRATUM|STRATUMNAME|REGION|REGIONNAME|PSU|PJ|PSU_VAR|URBANICITY|URBANICITYNAME|DAMAGE|DAMAGENAME|PSUSTRAT|WEIGHT,34d01f8512401af80675cc14a08ef1d78d527a966c3ee17fff361a9c88e8f0af
2021,distract,95845,15,17194858,CASENUM|VEH_NO|STRATUM|STRATUMNAME|REGION|REGIONNAME|PSU|PJ|PSU_VAR|URBANICITY|URBANICITYNAME|DRDISTRACT|DRDISTRACTNAME|PSUSTRAT|WEIGHT,edf975b04158f52101c07da20fc311801b32b100cf03bad6192adda32c2a6319
2021,drimpair,95896,15,17514626,CASENUM|VEH_NO|STRATUM|STRATUMNAME|REGION|REGIONNAME|PSU|PJ|PSU_VAR|URBANICITY|URBANICITYNAME|DRIMPAIR|DRIMPAIRNAME|PSUSTRAT|WEIGHT,24a3b1e13971a6d89ef4d29fc4c22e3d02f2ddce2061d5647712dd86ae6249fe
2021,driverrf,98392,15,17234771,CASENUM|VEH_NO|STRATUM|STRATUMNAME|REGION|REGIONNAME|PSU|PJ|PSU_VAR|URBANICITY|URBANICITYNAME|DRIVERRF|DRIVERRFNAME|PSUSTRAT|WEIGHT,b2d0585a44becb2ac6c1c6945494f103110ff1b06f03eb160fd45da4d334a24b
2021,factor,95857,15,16586628,CASENUM|VEH_NO|STRATUM|STRATUMNAME|REGION|REGIONNAME|PSU|PJ|PSU_VAR|URBANICITY|URBANICITYNAME|VEHICLECC|VEHICLECCNAME|PSUSTRAT|WEIGHT,840e43acb3661506926f42dfc97d8eb8d58b3c77f20dba11b001495e44140123
2021,maneuver,95790,15,17285803,CASENUM|VEH_NO|STRATUM|STRATUMNAME|REGION|REGIONNAME|PSU|PJ|PSU_VAR|URBANICITY|URBANICITYNAME|MANEUVER|MANEUVERNAME|PSUSTRAT|WEIGHT,6055fddce98fc02baf49d2f9c3e223757e5d9ecba50d4ce0ab469ab92e26b1bc
2021,nmcrash,6636,16,1307504,CASENUM|VEH_NO|PER_NO|STRATUM|STRATUMNAME|REGION|REGIONNAME|PSU|PJ|PSU_VAR|URBANICITY|URBANICITYNAME|NMCC|NMCCNAME|PSUSTRAT|WEIGHT,d189ceca3f237737829eb221e1382be2132d52b2e6ec02e1491c247b16a663d6
2021,nmdistract,5030,16,924849,CASENUM|VEH_NO|PER_NO|STRATUM|STRATUMNAME|REGION|REGIONNAME|PSU|PJ|PSU_VAR|URBANICITY|URBANICITYNAME|NMDISTRACT|NMDISTRACTNAME|PSUSTRAT|WEIGHT,b51df70e0e7bd4b26fb0049ab09857ec343c1359e908ee7f1ede3fd8ac45a18e
2021,nmimpair,5034,16,940434,CASENUM|VEH_NO|PER_NO|STRATUM|STRATUMNAME|REGION|REGIONNAME|PSU|PJ|PSU_VAR|URBANICITY|URBANICITYNAME|NMIMPAIR|NMIMPAIRNAME|PSUSTRAT|WEIGHT,cd36a18b9e3d6d3cab8f901ffa76a1eea57adcfce1ae33c130ec38dc2aed60de
2021,nmprior,5144,16,1011183,CASENUM|VEH_NO|PER_NO|STRATUM|STRATUMNAME|REGION|REGIONNAME|PSU|PJ|PSU_VAR|URBANICITY|URBANICITYNAME|NMACTION|NMACTIONNAME|PSUSTRAT|WEIGHT,396d80e231b9ddc1a4785adeba119d6f19cbd167cd1450b80049a58c50f6b224
2021,parkwork,2956,105,3507006,CASENUM|VEH_NO|PSU|PSU_VAR|PSUSTRAT|REGION|REGIONNAME|URBANICITY|URBANICITYNAME|STRATUM|STRATUMNAME|PJ|WEIGHT|PVE_FORMS|PMONTH|PMONTHNAME|PHOUR|PHOURNAME|PMINUTE|PMINUTENAME|PHARM_EV|PHARM_EVNAME|PMAN_COLL|PMAN_COLLNAME|PNUMOCCS|PNUMOCCSNAME|PTYPE|PTYPENAME|PHIT_RUN|PHIT_RUNNAME|PVIN|PVINNAME|PMODYEAR|PMODYEARNAME|PVPICMAKE|PVPICMAKENAME|PVPICMODEL|PVPICMODELNAME|PVPICBODYCLASS|PVPICBODYCLASSNAME|PMAKE|PMAKENAME|PMODEL|PBODYTYP|PBODYTYPNAME|PICFINALBODY|PICFINALBODYNAME|PGVWR_FROM|PGVWR_FROMNAME|PGVWR_TO|PGVWR_TONAME|PTRAILER|PTRAILERNAME|PTRLR1VIN|PTRLR1VINNAME|PTRLR2VIN|PTRLR2VINNAME|PTRLR3VIN|PTRLR3VINNAME|PTRLR1GVWR|PTRLR1GVWRNAME|PTRLR2GVWR|PTRLR2GVWRNAME|PTRLR3GVWR|PTRLR3GVWRNAME|PMCARR_ID|PMCARR_IDNAME|PMCARR_I1|PMCARR_I1NAME|PMCARR_I2|PMCARR_I2NAME|PV_CONFIG|PV_CONFIGNAME|PCARGTYP|PCARGTYPNAME|PHAZ_INV|PHAZ_INVNAME|PHAZPLAC|PHAZPLACNAME|PHAZ_ID|PHAZ_IDNAME|PHAZ_CNO|PHAZ_CNONAME|PHAZ_REL|PHAZ_RELNAME|PBUS_USE|PBUS_USENAME|PSP_USE|PSP_USENAME|PEM_USE|PEM_USENAME|PUNDEROVERRIDE|PUNDEROVERRIDENAME|PIMPACT1|PIMPACT1NAME|PVEH_SEV|PVEH_SEVNAME|PTOWED|PTOWEDNAME|PM_HARM|PM_HARMNAME|PFIRE|PFIRENAME|PMAK_MOD|PMAK_MODNAME,3938ede8eadc16d36946f7b6a954f5817c613318a3463746132a582fc4cc2b58
2021,pbtype,5008,54,2864608,CASENUM|VEH_NO|PER_NO|PSU|PSU_VAR|PSUSTRAT|REGION|REGIONNAME|URBANICITY|URBANICITYNAME|STRATUM|STRATUMNAME|PJ|WEIGHT|PBAGE|PBAGENAME|PBSEX|PBSEXNAME|PBPTYPE|PBPTYPENAME|PBCWALK|PBCWALKNAME|PBSWALK|PBSWALKNAME|PBSZONE|PBSZONENAME|PEDCTYPE|PEDCTYPENAME|BIKECTYPE|BIKECTYPENAME|PEDLOC|PEDLOCNAME|BIKELOC|BIKELOCNAME|PEDPOS|PEDPOSNAME|BIKEPOS|BIKEPOSNAME|PEDDIR|PEDDIRNAME|BIKEDIR|BIKEDIRNAME|MOTDIR|MOTDIRNAME|MOTMAN|MOTMANNAME|PEDLEG|PEDLEGNAME|PEDSNR|PEDSNRNAME|PEDCGP|PEDCGPNAME|BIKECGP|BIKECGPNAME,94563f6e51aadb370459ca495a42d928c48cad384405535c4d079c7e96445eb9
2021,person,133734,108,154235527,CASENUM|VE_FORMS|VEH_NO|PER_NO|PSU|PSU_VAR|PSUSTRAT|REGION|REGIONNAME|URBANICITY|URBANICITYNAME|STRATUM|STRATUMNAME|PJ|WEIGHT|MONTH|MONTHNAME|HOUR|HOURNAME|MINUTE|MINUTENAME|HARM_EV|HARM_EVNAME|MAN_COLL|MAN_COLLNAME|SCH_BUS|SCH_BUSNAME|MOD_YEAR|MOD_YEARNAME|VPICMAKE|VPICMAKENAME|VPICMODEL|VPICMODELNAME|VPICBODYCLASS|VPICBODYCLASSNAME|MAKE|MAKENAME|BODY_TYP|BODY_TYPNAME|ICFINALBODY|ICFINALBODYNAME|GVWR_FROM|GVWR_FROMNAME|GVWR_TO|GVWR_TONAME|TOW_VEH|TOW_VEHNAME|AGE|AGENAME|AGE_IM|AGE_IMNAME|SEX|SEXNAME|SEX_IM|SEX_IMNAME|PER_TYP|PER_TYPNAME|INJ_SEV|INJ_SEVNAME|INJSEV_IM|INJSEV_IMNAME|SEAT_POS|SEAT_POSNAME|SEAT_IM|SEAT_IMNAME|REST_USE|REST_USENAME|REST_MIS|REST_MISNAME|HELM_USE|HELM_USENAME|HELM_MIS|HELM_MISNAME|AIR_BAG|AIR_BAGNAME|EJECTION|EJECTIONNAME|EJECT_IM|EJECT_IMNAME|DRINKING|DRINKINGNAME|PERALCH_IM|PERALCH_IMNAME|ALC_STATUS|ALC_STATUSNAME|ATST_TYP|ATST_TYPNAME|ALC_RES|ALC_RESNAME|DRUGS|DRUGSNAME|HOSPITAL|HOSPITALNAME|STR_VEH|LOCATION|LOCATIONNAME|SPEC_USE|SPEC_USENAME|EMER_USE|EMER_USENAME|ROLLOVER|ROLLOVERNAME|IMPACT1|IMPACT1NAME|FIRE_EXP|FIRE_EXPNAME|MAK_MOD|MAK_MODNAME,b5acea29fa34ac3f2ec5ef6ca225ac0944def363486865a58d8fb77833c14597
2021,personrf,133742,16,22599928,CASENUM|VEH_NO|PER_NO|STRATUM|STRATUMNAME|REGION|REGIONNAME|PSU|PJ|PSU_VAR|URBANICITY|URBANICITYNAME|PERSONRF|PERSONRFNAME|PSUSTRAT|WEIGHT,317fc510ff19033fe5d4ed01115523c5e95914eabc1622e0624083239d7c392d
2021,pvehiclesf,2956,15,469581,CASENUM|VEH_NO|STRATUM|STRATUMNAME|REGION|REGIONNAME|PSU|PJ|PSU_VAR|URBANICITY|URBANICITYNAME|PVEHICLESF|PVEHICLESFNAME|PSUSTRAT|WEIGHT,df90b879cfd211844a0e87043b580893aa4cdabeded795f8574b123510f1f7fc
2021,safetyeq,5029,26,1189568,CASENUM|VEH_NO|PER_NO|STRATUM|STRATUMNAME|REGION|REGIONNAME|PSU|PJ|PSU_VAR|URBANICITY|URBANICITYNAME|NMHELMET|NMHELMETNAME|NMPROPAD|NMPROPADNAME|NMOTHPRO|NMOTHPRONAME|NMREFCLO|NMREFCLONAME|NMLIGHT|NMLIGHTNAME|NMOTHPRE|NMOTHPRENAME|PSUSTRAT|WEIGHT,4fe4269b3804789789e37c14c36aaf75c506871643cf915d9d4ecd17ee9ad03b
2021,vehicle,95785,167,174341419,CASENUM|VEH_NO|PSU|PSU_VAR|PSUSTRAT|REGION|REGIONNAME|URBANICITY|URBANICITYNAME|STRATUM|STRATUMNAME|PJ|WEIGHT|VE_FORMS|MONTH|MONTHNAME|HOUR|HOURNAME|MINUTE|MINUTENAME|HARM_EV|HARM_EVNAME|MAN_COLL|MAN_COLLNAME|NUMOCCS|NUMOCCSNAME|UNITTYPE|UNITTYPENAME|HIT_RUN|HIT_RUNNAME|VIN|VINNAME|MOD_YEAR|MOD_YEARNAME|MDLYR_IM|MDLYR_IMNAME|VPICMAKE|VPICMAKENAME|VPICMODEL|VPICMODELNAME|VPICBODYCLASS|VPICBODYCLASSNAME|MAKE|MAKENAME|MODEL|BODY_TYP|BODY_TYPNAME|ICFINALBODY|ICFINALBODYNAME|GVWR_FROM|GVWR_FROMNAME|GVWR_TO|GVWR_TONAME|TOW_VEH|TOW_VEHNAME|TRLR1VIN|TRLR1VINNAME|TRLR2VIN|TRLR2VINNAME|TRLR3VIN|TRLR3VINNAME|TRLR1GVWR|TRLR1GVWRNAME|TRLR2GVWR|TRLR2GVWRNAME|TRLR3GVWR|TRLR3GVWRNAME|J_KNIFE|J_KNIFENAME|MCARR_ID|MCARR_IDNAME|MCARR_I1|MCARR_I1NAME|MCARR_I2|MCARR_I2NAME|V_CONFIG|V_CONFIGNAME|CARGO_BT|CARGO_BTNAME|HAZ_INV|HAZ_INVNAME|HAZ_PLAC|HAZ_PLACNAME|HAZ_ID|HAZ_IDNAME|HAZ_CNO|HAZ_CNONAME|HAZ_REL|HAZ_RELNAME|BUS_USE|BUS_USENAME|SPEC_USE|SPEC_USENAME|EMER_USE|EMER_USENAME|TRAV_SP|TRAV_SPNAME|UNDEROVERRIDE|UNDEROVERRIDENAME|ROLLOVER|ROLLOVERNAME|ROLINLOC|ROLINLOCNAME|IMPACT1|IMPACT1NAME|IMPACT1_IM|IMPACT1_IMNAME|DEFORMED|DEFORMEDNAME|TOWED|TOWEDNAME|M_HARM|M_HARMNAME|VEVENT_IM|VEVENT_IMNAME|FIRE_EXP|FIRE_EXPNAME|MAX_VSEV|MAX_VSEVNAME|MXVSEV_IM|MXVSEV_IMNAME|NUM_INJV|NUM_INJVNAME|NUMINJ_IM|NUMINJ_IMNAME|VEH_ALCH|VEH_ALCHNAME|V_ALCH_IM|V_ALCH_IMNAME|MAK_MOD|MAK_MODNAME|DR_PRES|DR_PRESNAME|DR_ZIP|DR_ZIPNAME|SPEEDREL|SPEEDRELNAME|VTRAFWAY|VTRAFWAYNAME|VNUM_LAN|VNUM_LANNAME|VSPD_LIM|VSPD_LIMNAME|VALIGN|VALIGNNAME|VPROFILE|VPROFILENAME|VSURCOND|VSURCONDNAME|VTRAFCON|VTRAFCONNAME|VTCONT_F|VTCONT_FNAME|P_CRASH1|P_CRASH1NAME|PCRASH1_IM|PCRASH1_IMNAME|P_CRASH2|P_CRASH2NAME|P_CRASH3|P_CRASH3NAME|PCRASH4|PCRASH4NAME|PCRASH5|PCRASH5NAME|ACC_TYPE|ACC_TYPENAME,6bd18ec8d0702004d82e4fcdf86125c41710a83d2155a3a196de6f88143d0bb8
2021,vehiclesf,95785,15,15973295,CASENUM|VEH_NO|STRATUM|STRATUMNAME|REGION|REGIONNAME|PSU|PJ|PSU_VAR|URBANICITY|URBANICITYNAME|VEHICLESF|VEHICLESFNAME|PSUSTRAT|WEIGHT,dff3324fac7a61f0f038f8e464e518c2c39525d740e43b26bd24cb1bda389ddf
2021,vevent,135065,24,32425729,CASENUM|EVENTNUM|VEH_NO|STRATUM|STRATUMNAME|REGION|REGIONNAME|PSU|PJ|PSU_VAR|URBANICITY|URBANICITYNAME|VEVENTNUM|VNUMBER1|AOI1|AOI1NAME|SOE|SOENAME|VNUMBER2|VNUMBER2NAME|AOI2|AOI2NAME|PSUSTRAT|WEIGHT,ad9257281116b25ae515712f4687c7a9baa609de5a4b8a4917b1736b6499b3ed
2021,violatn,102141,15,18059980,CASENUM|VEH_NO|STRATUM|STRATUMNAME|REGION|REGIONNAME|PSU|PJ|PSU_VAR|URBANICITY|URBANICITYNAME|VIOLATION|VIOLATIONNAME|PSUSTRAT|WEIGHT,ce09e1974661d92b360f52f5b9cc400e9a7885954db63c8fb0f8a98bd1b28e2e
2021,vision,95809,15,17539053,CASENUM|VEH_NO|STRATUM|STRATUMNAME|REGION|REGIONNAME|PSU|PJ|PSU_VAR|URBANICITY|URBANICITYNAME|VISION|VISIONNAME|PSUSTRAT|WEIGHT,1ec618515ae3c1e03440de33e07bdfc563c1235e6be9c5b43f1e7ff107a48b82
2021,vpicdecode,92765,201,74275222,CASENUM|VEH_NO|VehicleDescriptor|VINDecodedOn|VINDecodeError|VehicleTypeId|VehicleType|ManufacturerFullNameId|ManufacturerFullName|MakeId|Make|ModelId|Model|ModelYear|Series|Trim|Series2|Trim2|PlantCountryId|PlantCountry|PlantState|PlantCity|PlantCompanyName|DestinationMarketId|DestinationMarket|BasePrice|Note|BodyClassId|BodyClass|DoorsCount|Windows|WheelBaseTypeId|WheelBaseType|TrackWidthIN|GrossVehicleWeightRatingFromId|GrossVehicleWeightRatingFrom|GrossVehicleWeightRatingToId|GrossVehicleWeightRatingTo|GrossCombWeightRatingFromId|GrossCombWeightRatingFrom|GrossCombWeightRatingToId|GrossCombWeightRatingTo|CurbWeightLB|WheelBaseIN_from|WheelBaseIN_To|WheelsCount|WheelSizeFrontIN|WheelSizeRearIN|TruckBodyCabTypeId|TruckBodyCabType|TruckBedTypeId|TruckBedType|TruckBedLengthIN|BusTypeId|BusType|BusFloorConfigurationTypeId|BusFloorConfigurationType|BusLengthFT|OtherBusInfo|CustomMotorcycleTypeId|CustomMotorcycleType|MotorcycleSuspensionTypeId|MotorcycleSuspensionType|MotorcycleChassisTypeId|MotorcycleChassisType|OtherMotorcycleInfo|SteeringLocationId|SteeringLocation|EntertainmentSystemId|EntertainmentSystem|SeatsCount|SeatRowsCount|TransmissionSpeeds|TransmissionStyleId|TransmissionStyle|DriveTypeId|DriveType|AxlesCount|AxleConfigurationId|AxleConfiguration|BrakeSystemTypeId|BrakeSystemType|BrakeSystemDesc|EVDriveUnitId|EVDriveUnit|BatteryKWh_From|BatteryKWh_to|BatteryV_From|BatteryV_to|BatteryA_From|BatteryA_to|BatteryPacksPerVehicle|BatteryModulesPerPack|BatteryCellsPerModule|BatteryTypeId|BatteryType|OtherBatteryInfo|ChargerLevelId|ChargerLevel|ChargerPowerKW|EngineManufacturer|EngineModel|EngineConfigurationId|EngineConfiguration|EnginePowerKW|EngineStrokeCycles|EngineCylindersCount|EngineBrakeHP_From|EngineBrakeHP_To|EngineCoolingTypeId|EngineCoolingType|DisplacementCI|DisplacementCC|DisplacementL|FuelTypePrimaryId|FuelTypePrimary|FuelTypeSecondaryId|FuelTypeSecondary|FuelDeliveryInjectionTypeId|FuelDeliveryInjectionType|EngineValveTrainDesignId|EngineValveTrainDesign|EngineElectrificationLevelId|EngineElectrificationLevel|EngineTurboId|EngineTurbo|TopSpeedMPH|OtherEngineInfo|SeatBeltTypeId|SeatBeltType|PretensionerId|Pretensioner|AirBagLocFrontId|AirBagLocFront|AirBagLocKneeId|AirBagLocKnee|AirBagLocSideId|AirBagLocSide|AirBagLocCurtainId|AirBagLocCurtain|AirBagLocSeatCushionId|AirBagLocSeatCushion|OtherRestraintSystemInfo|ForwardCollisionWarningId|ForwardCollisionWarning|DynamicBrakeSupportId|DynamicBrakeSupport|CrashImminentBrakingID|CrashImminentBraking|PedestrianAutoEmergencyBrakingId|PedestrianAutoEmergencyBraking|BlindSpotWarningId|BlindSpotWarning|BlindSpotInterventionId|BlindSpotIntervention|LaneDepartureWarningId|LaneDepartureWarning|LaneKeepingAssistanceId|LaneKeepingAssistance|LaneCenteringAssistanceId|LaneCenteringAssistance|BackupCameraId|BackupCamera|RearCrossTrafficAlertId|RearCrossTrafficAlert|RearAutomaticEmergencyBrakingId|RearAutomaticEmergencyBraking|ParkAssistId|ParkAssist|DaytimeRunningLightId|DaytimeRunningLight|HeadlampLightSourceId|HeadlampLightSource|SemiAutoHeadlampBeamSwitchingId|SemiAutoHeadlampBeamSwitching|AdaptiveDrivingBeamId|AdaptiveDrivingBeam|AdaptiveCruiseControlId|AdaptiveCruiseControl|AntilockBrakeSystemId|AntilockBrakeSystem|ElectronicStabilityControlId|ElectronicStabilityControl|TPMSId|TPMS|AutomaticCrashNotificationId|AutomaticCrashNotification|EventDataRecorderId|EventDataRecorder|TractionControlId|TractionControl|AutoPedestrianAlertingSoundId|AutoPedestrianAlertingSound|KeylessIgnitionId|KeylessIgnition|SAEAutomationLevel_From|SAEAutomationLevel_to|AutoReverseSystemId|AutoReverseSystem|ActiveSafetySysNote|POLKVIN,50bcde52c5ff2ffcfff53003d0bf246d7f1e814fa5ac27caab2cfea7ac871a5e
2021,vpictrailerdecode,427,38,123604,CASENUM|VEH_NO|TRAILER_NO|VehicleDescriptor|VINDecodedOn|VINDecodeError|VehicleTypeId|VehicleType|ManufacturerFullNameId|ManufacturerFullName|MakeId|Make|ModelId|Model|ModelYear|Series|Trim|PlantCountryId|PlantCountry|PlantState|PlantCity|PlantCompanyName|Note|BodyClassId|BodyClass|GrossVehicleWeightRatingFromId|GrossVehicleWeightRatingFrom|GrossVehicleWeightRatingToId|GrossVehicleWeightRatingTo|TrailerBodyTypeId|TrailerBodyType|TrailerTypeConnectionId|TrailerTypeConnection|TrailerLengthFT|OtherTrailerInfo|AxlesCount|AxleConfigurationId|AxleConfiguration,d112cde99b3318ad957fda9a38a5aecb4ff68848fdd36dc3a6abcefc97c59d2d
2021,vsoe,135065,18,27944288,CASENUM|VEH_NO|STRATUM|STRATUMNAME|REGION|REGIONNAME|PSU|PJ|PSU_VAR|URBANICITY|URBANICITYNAME|VEVENTNUM|SOE|SOENAME|AOI|AOINAME|PSUSTRAT|WEIGHT,efabc072c8b343d90c3e2fdf21a892ba85eeceb96d584492ec2c2837d15a6452
2021,weather,54485,14,9026488,CASENUM|STRATUM|STRATUMNAME|REGION|REGIONNAME|PSU|PJ|PSU_VAR|URBANICITY|URBANICITYNAME|WEATHER|WEATHERNAME|PSUSTRAT|WEIGHT,841cb522a3110e90dbc9b7e8f5b11de2d5c71193694f779eb58d62adc53195d6
2022,accident,53955,80,36074077,CASENUM|PSU|PSU_VAR|PSUSTRAT|REGION|REGIONNAME|URBANICITY|URBANICITYNAME|STRATUM|STRATUMNAME|PJ|WEIGHT|PEDS|PERNOTMVIT|VE_TOTAL|VE_FORMS|PVH_INVL|PERMVIT|MONTH|MONTHNAME|DAY_WEEK|DAY_WEEKNAME|WKDY_IM|WKDY_IMNAME|YEAR|YEARNAME|HOUR|HOURNAME|HOUR_IM|HOUR_IMNAME|MINUTE|MINUTENAME|MINUTE_IM|MINUTE_IMNAME|HARM_EV|HARM_EVNAME|EVENT1_IM|EVENT1_IMNAME|MAN_COLL|MAN_COLLNAME|MANCOL_IM|MANCOL_IMNAME|RELJCT1|RELJCT1NAME|RELJCT1_IM|RELJCT1_IMNAME|RELJCT2|RELJCT2NAME|RELJCT2_IM|RELJCT2_IMNAME|TYP_INT|TYP_INTNAME|REL_ROAD|REL_ROADNAME|WRK_ZONE|WRK_ZONENAME|LGT_COND|LGT_CONDNAME|LGTCON_IM|LGTCON_IMNAME|WEATHER|WEATHERNAME|WEATHR_IM|WEATHR_IMNAME|SCH_BUS|SCH_BUSNAME|INT_HWY|INT_HWYNAME|MAX_SEV|MAX_SEVNAME|MAXSEV_IM|MAXSEV_IMNAME|NUM_INJ|NUM_INJNAME|NO_INJ_IM|NO_INJ_IMNAME|ALCOHOL|ALCOHOLNAME|ALCHL_IM|ALCHL_IMNAME,1d5ba614ab11b052cf316a287f0a6248644af5ac4156ce68db5c41a846c2efce
2022,cevent,88872,22,21144007,CASENUM|REGION|REGIONNAME|PSU|PJ|PSU_VAR|URBANICITY|URBANICITYNAME|STRATUM|STRATUMNAME|EVENTNUM|VNUMBER1|AOI1|AOI1NAME|SOE|SOENAME|VNUMBER2|VNUMBER2NAME|AOI2|AOI2NAME|PSUSTRAT|WEIGHT,75dc8b29bbb3aa2d049853617d0ed153c7f3a9fbbab9fbdc583e02b93da2eeab
2022,crashrf,54186,14,9283044,CASENUM|STRATUM|STRATUMNAME|REGION|REGIONNAME|PSU|PJ|PSU_VAR|URBANICITY|URBANICITYNAME|CRASHRF|CRASHRFNAME|PSUSTRAT|WEIGHT,fa58044087dd55fc8924940e5da2a7176cfc2add66d896920101aad282b73c23
2022,damage,196932,15,34249476,CASENUM|VEH_NO|STRATUM|STRATUMNAME|REGION|REGIONNAME|PSU|PJ|PSU_VAR|URBANICITY|URBANICITYNAME|DAMAGE|DAMAGENAME|PSUSTRAT|WEIGHT,dd089aefe0f0b2b1e566de9c5f8d51ee2c71156f2951f3db0afddb0fd207f52f
2022,distract,94818,15,16866739,CASENUM|VEH_NO|STRATUM|STRATUMNAME|REGION|REGIONNAME|PSU|PJ|PSU_VAR|URBANICITY|URBANICITYNAME|DRDISTRACT|DRDISTRACTNAME|PSUSTRAT|WEIGHT,fc512aed322bfffada827b78afb3d3e8f4690a65cc1e828df610abb37cd50e4c
2022,drimpair,94872,15,17228875,CASENUM|VEH_NO|STRATUM|STRATUMNAME|REGION|REGIONNAME|PSU|PJ|PSU_VAR|URBANICITY|URBANICITYNAME|DRIMPAIR|DRIMPAIRNAME|PSUSTRAT|WEIGHT,b48a99b9837e1f2ee726562879aeb448b682ecfa2d6b66729a6b08896836c576
2022,driverrf,95806,15,17114449,CASENUM|VEH_NO|STRATUM|STRATUMNAME|REGION|REGIONNAME|PSU|PJ|PSU_VAR|URBANICITY|URBANICITYNAME|DRIVERRF|DRIVERRFNAME|PSUSTRAT|WEIGHT,c4367f5928811ee5788cf0712086e3d5a796848c97105491a28b68e8ce9b5c4d
2022,factor,94848,15,16300443,CASENUM|VEH_NO|STRATUM|STRATUMNAME|REGION|REGIONNAME|PSU|PJ|PSU_VAR|URBANICITY|URBANICITYNAME|VEHICLECC|VEHICLECCNAME|PSUSTRAT|WEIGHT,d772e4fdb2fa37b8ab16eedccbb6b93d33eb53e9b416de5ed34cc99320a2fefc
2022,maneuver,94758,15,16979628,CASENUM|VEH_NO|STRATUM|STRATUMNAME|REGION|REGIONNAME|PSU|PJ|PSU_VAR|URBANICITY|URBANICITYNAME|MANEUVER|MANEUVERNAME|PSUSTRAT|WEIGHT,34ee3f17b087ec2136f062392f39bf3a69da4b9d4df06a550d8a1fbf2dd0905a
2022,nmcrash,6971,16,1367816,CASENUM|VEH_NO|PER_NO|STRATUM|STRATUMNAME|REGION|REGIONNAME|PSU|PJ|PSU_VAR|URBANICITY|URBANICITYNAME|NMCC|NMCCNAME|PSUSTRAT|WEIGHT,c35dfbf22125105da5f61f3fd1df2206655e1dd7f3404123f0b688677afd11bb
2022,nmdistract,5222,16,953853,CASENUM|VEH_NO|PER_NO|STRATUM|STRATUMNAME|REGION|REGIONNAME|PSU|PJ|PSU_VAR|URBANICITY|URBANICITYNAME|NMDISTRACT|NMDISTRACTNAME|PSUSTRAT|WEIGHT,7accd9cb3fdef0711946e8ca93a18de38198a095e52bd5e8974354df1c409253
2022,nmimpair,5230,16,971058,CASENUM|VEH_NO|PER_NO|STRATUM|STRATUMNAME|REGION|REGIONNAME|PSU|PJ|PSU_VAR|URBANICITY|URBANICITYNAME|NMIMPAIR|NMIMPAIRNAME|PSUSTRAT|WEIGHT,e917e33280f4bacdb7e126a249198fa535e18518d8a6152e5a230a136f82c572
2022,nmprior,5299,16,1034324,CASENUM|VEH_NO|PER_NO|STRATUM|STRATUMNAME|REGION|REGIONNAME|PSU|PJ|PSU_VAR|URBANICITY|URBANICITYNAME|NMACTION|NMACTIONNAME|PSUSTRAT|WEIGHT,fccce42b42e6c91638d60ccf1cd5927cdc30340057d35873bca54938ff004ba5
2022,parkwork,3012,105,3559449,CASENUM|VEH_NO|PSU|PSU_VAR|PSUSTRAT|REGION|REGIONNAME|URBANICITY|URBANICITYNAME|STRATUM|STRATUMNAME|PJ|WEIGHT|PVE_FORMS|PMONTH|PMONTHNAME|PHOUR|PHOURNAME|PMINUTE|PMINUTENAME|PHARM_EV|PHARM_EVNAME|PMAN_COLL|PMAN_COLLNAME|PNUMOCCS|PNUMOCCSNAME|PTYPE|PTYPENAME|PHIT_RUN|PHIT_RUNNAME|PVIN|PVINNAME|PMODYEAR|PMODYEARNAME|PVPICMAKE|PVPICMAKENAME|PVPICMODEL|PVPICMODELNAME|PVPICBODYCLASS|PVPICBODYCLASSNAME|PMAKE|PMAKENAME|PMODEL|PBODYTYP|PBODYTYPNAME|PICFINALBODY|PICFINALBODYNAME|PGVWR_FROM|PGVWR_FROMNAME|PGVWR_TO|PGVWR_TONAME|PTRAILER|PTRAILERNAME|PTRLR1VIN|PTRLR1VINNAME|PTRLR2VIN|PTRLR2VINNAME|PTRLR3VIN|PTRLR3VINNAME|PTRLR1GVWR|PTRLR1GVWRNAME|PTRLR2GVWR|PTRLR2GVWRNAME|PTRLR3GVWR|PTRLR3GVWRNAME|PMCARR_ID|PMCARR_IDNAME|PMCARR_I1|PMCARR_I1NAME|PMCARR_I2|PMCARR_I2NAME|PV_CONFIG|PV_CONFIGNAME|PCARGTYP|PCARGTYPNAME|PHAZ_INV|PHAZ_INVNAME|PHAZPLAC|PHAZPLACNAME|PHAZ_ID|PHAZ_IDNAME|PHAZ_CNO|PHAZ_CNONAME|PHAZ_REL|PHAZ_RELNAME|PBUS_USE|PBUS_USENAME|PSP_USE|PSP_USENAME|PEM_USE|PEM_USENAME|PUNDEROVERRIDE|PUNDEROVERRIDENAME|PIMPACT1|PIMPACT1NAME|PVEH_SEV|PVEH_SEVNAME|PTOWED|PTOWEDNAME|PM_HARM|PM_HARMNAME|PFIRE|PFIRENAME|PMAK_MOD|PMAK_MODNAME,32ea4884a54279e143e837af58e9c9513223ec84fcd97f799819a318efb72e79
2022,pbtype,5182,54,2966400,CASENUM|VEH_NO|PER_NO|PSU|PSU_VAR|PSUSTRAT|REGION|REGIONNAME|URBANICITY|URBANICITYNAME|STRATUM|STRATUMNAME|PJ|WEIGHT|PBAGE|PBAGENAME|PBSEX|PBSEXNAME|PBPTYPE|PBPTYPENAME|PBCWALK|PBCWALKNAME|PBSWALK|PBSWALKNAME|PBSZONE|PBSZONENAME|PEDCTYPE|PEDCTYPENAME|BIKECTYPE|BIKECTYPENAME|PEDLOC|PEDLOCNAME|BIKELOC|BIKELOCNAME|PEDPOS|PEDPOSNAME|BIKEPOS|BIKEPOSNAME|PEDDIR|PEDDIRNAME|BIKEDIR|BIKEDIRNAME|MOTDIR|MOTDIRNAME|MOTMAN|MOTMANNAME|PEDLEG|PEDLEGNAME|PEDSNR|PEDSNRNAME|PEDCGP|PEDCGPNAME|BIKECGP|BIKECGPNAME,d9f953dea8d3c7d61fac52d6fde7d93c80c488bbc636f80ddbd91be9c73059fb
2022,person,132175,112,152171414,CASENUM|VE_FORMS|VEH_NO|PER_NO|PSU|PSU_VAR|PSUSTRAT|REGION|REGIONNAME|URBANICITY|URBANICITYNAME|STRATUM|STRATUMNAME|PJ|WEIGHT|MONTH|MONTHNAME|HOUR|HOURNAME|MINUTE|MINUTENAME|HARM_EV|HARM_EVNAME|MAN_COLL|MAN_COLLNAME|SCH_BUS|SCH_BUSNAME|MOD_YEAR|MOD_YEARNAME|VPICMAKE|VPICMAKENAME|VPICMODEL|VPICMODELNAME|VPICBODYCLASS|VPICBODYCLASSNAME|MAKE|MAKENAME|BODY_TYP|BODY_TYPNAME|ICFINALBODY|ICFINALBODYNAME|GVWR_FROM|GVWR_FROMNAME|GVWR_TO|GVWR_TONAME|TOW_VEH|TOW_VEHNAME|AGE|AGENAME|AGE_IM|AGE_IMNAME|SEX|SEXNAME|SEX_IM|SEX_IMNAME|PER_TYP|PER_TYPNAME|DEVTYPE|DEVTYPENAME|DEVMOTOR|DEVMOTORNAME|INJ_SEV|INJ_SEVNAME|INJSEV_IM|INJSEV_IMNAME|SEAT_POS|SEAT_POSNAME|SEAT_IM|SEAT_IMNAME|REST_USE|REST_USENAME|REST_MIS|REST_MISNAME|HELM_USE|HELM_USENAME|HELM_MIS|HELM_MISNAME|AIR_BAG|AIR_BAGNAME|EJECTION|EJECTIONNAME|EJECT_IM|EJECT_IMNAME|DRINKING|DRINKINGNAME|PERALCH_IM|PERALCH_IMNAME|ALC_STATUS|ALC_STATUSNAME|ATST_TYP|ATST_TYPNAME|ALC_RES|ALC_RESNAME|DRUGS|DRUGSNAME|HOSPITAL|HOSPITALNAME|STR_VEH|LOCATION|LOCATIONNAME|SPEC_USE|SPEC_USENAME|EMER_USE|EMER_USENAME|ROLLOVER|ROLLOVERNAME|IMPACT1|IMPACT1NAME|FIRE_EXP|FIRE_EXPNAME|MAK_MOD|MAK_MODNAME,56b5280983a9b79f88b7c11091a8e58f3f051d428978684c7e14345ddefcb504
2022,personrf,132186,16,22981521,CASENUM|VEH_NO|PER_NO|STRATUM|STRATUMNAME|REGION|REGIONNAME|PSU|PJ|PSU_VAR|URBANICITY|URBANICITYNAME|PERSONRF|PERSONRFNAME|PSUSTRAT|WEIGHT,47a8c31fcfd1c751419212acb719da57cbec3296331308a76fc96b4448d47a3f
2022,pvehiclesf,3012,15,492173,CASENUM|VEH_NO|STRATUM|STRATUMNAME|REGION|REGIONNAME|PSU|PJ|PSU_VAR|URBANICITY|URBANICITYNAME|PVEHICLESF|PVEHICLESFNAME|PSUSTRAT|WEIGHT,3e53d6ac1e0e408ee073f23c68275cfd57a768ab90d2abfaa8e4d92e031e30df
2022,safetyeq,5220,26,1230057,CASENUM|VEH_NO|PER_NO|STRATUM|STRATUMNAME|REGION|REGIONNAME|PSU|PJ|PSU_VAR|URBANICITY|URBANICITYNAME|NMHELMET|NMHELMETNAME|NMPROPAD|NMPROPADNAME|NMOTHPRO|NMOTHPRONAME|NMREFCLO|NMREFCLONAME|NMLIGHT|NMLIGHTNAME|NMOTHPRE|NMOTHPRENAME|PSUSTRAT|WEIGHT,098124423d9e172d9d2bf2315d2ad66938cb8fe5a6475874eb978b37c60eecfd
2022,vehicle,94756,167,171486599,CASENUM|VEH_NO|PSU|PSU_VAR|PSUSTRAT|REGION|REGIONNAME|URBANICITY|URBANICITYNAME|STRATUM|STRATUMNAME|PJ|WEIGHT|VE_FORMS|MONTH|MONTHNAME|HOUR|HOURNAME|MINUTE|MINUTENAME|HARM_EV|HARM_EVNAME|MAN_COLL|MAN_COLLNAME|NUMOCCS|NUMOCCSNAME|UNITTYPE|UNITTYPENAME|HIT_RUN|HIT_RUNNAME|VIN|VINNAME|MOD_YEAR|MOD_YEARNAME|MDLYR_IM|MDLYR_IMNAME|VPICMAKE|VPICMAKENAME|VPICMODEL|VPICMODELNAME|VPICBODYCLASS|VPICBODYCLASSNAME|MAKE|MAKENAME|MODEL|BODY_TYP|BODY_TYPNAME|ICFINALBODY|ICFINALBODYNAME|GVWR_FROM|GVWR_FROMNAME|GVWR_TO|GVWR_TONAME|TOW_VEH|TOW_VEHNAME|TRLR1VIN|TRLR1VINNAME|TRLR2VIN|TRLR2VINNAME|TRLR3VIN|TRLR3VINNAME|TRLR1GVWR|TRLR1GVWRNAME|TRLR2GVWR|TRLR2GVWRNAME|TRLR3GVWR|TRLR3GVWRNAME|J_KNIFE|J_KNIFENAME|MCARR_ID|MCARR_IDNAME|MCARR_I1|MCARR_I1NAME|MCARR_I2|MCARR_I2NAME|V_Config|V_ConfigNAME|CARGO_BT|CARGO_BTNAME|HAZ_INV|HAZ_INVNAME|HAZ_PLAC|HAZ_PLACNAME|HAZ_ID|HAZ_IDNAME|HAZ_CNO|HAZ_CNONAME|HAZ_REL|HAZ_RELNAME|BUS_USE|BUS_USENAME|SPEC_USE|SPEC_USENAME|EMER_USE|EMER_USENAME|TRAV_SP|TRAV_SPNAME|UNDEROVERRIDE|UNDEROVERRIDENAME|ROLLOVER|ROLLOVERNAME|ROLINLOC|ROLINLOCNAME|IMPACT1|IMPACT1NAME|IMPACT1_IM|IMPACT1_IMNAME|DEFORMED|DEFORMEDNAME|TOWED|TOWEDNAME|M_HARM|M_HARMNAME|VEVENT_IM|VEVENT_IMNAME|FIRE_EXP|FIRE_EXPNAME|DR_PRES|DR_PRESNAME|MAX_VSEV|MAX_VSEVNAME|MXVSEV_IM|MXVSEV_IMNAME|NUM_INJV|NUM_INJVNAME|NUMINJ_IM|NUMINJ_IMNAME|VEH_ALCH|VEH_ALCHNAME|V_ALCH_IM|V_ALCH_IMNAME|MAK_MOD|MAK_MODNAME|DR_ZIP|DR_ZIPNAME|SPEEDREL|SPEEDRELNAME|VTRAFWAY|VTRAFWAYNAME|VNUM_LAN|VNUM_LANNAME|VSPD_LIM|VSPD_LIMNAME|VALIGN|VALIGNNAME|VPROFILE|VPROFILENAME|VSURCOND|VSURCONDNAME|VTRAFCON|VTRAFCONNAME|VTCONT_F|VTCONT_FNAME|P_CRASH1|P_CRASH1NAME|PCRASH1_IM|PCRASH1_IMNAME|P_CRASH2|P_CRASH2NAME|P_CRASH3|P_CRASH3NAME|PCRASH4|PCRASH4NAME|PCRASH5|PCRASH5NAME|ACC_TYPE|ACC_TYPENAME,a1ced7847fe2ea7a1b4c3a4698f0ece1a8a4f06c646a475be5334bb59a50c341
2022,vehiclesf,94756,15,16261571,CASENUM|VEH_NO|STRATUM|STRATUMNAME|REGION|REGIONNAME|PSU|PJ|PSU_VAR|URBANICITY|URBANICITYNAME|VEHICLESF|VEHICLESFNAME|PSUSTRAT|WEIGHT,94a21bde6bb47fca398baff3d3b450548be4c018558897c077c4b5103efc3a52
2022,vevent,132865,24,31767985,CASENUM|EVENTNUM|VEH_NO|STRATUM|STRATUMNAME|REGION|REGIONNAME|PSU|PJ|PSU_VAR|URBANICITY|URBANICITYNAME|VEVENTNUM|VNUMBER1|AOI1|AOI1NAME|SOE|SOENAME|VNumber2|VNumber2NAME|AOI2|AOI2NAME|PSUSTRAT|WEIGHT,8d9a1d3ed2dd6063d498992011b258a25f78575cd6f0576e52e601c5bf5f37ef
2022,violatn,100961,15,17713630,CASENUM|VEH_NO|STRATUM|STRATUMNAME|REGION|REGIONNAME|PSU|PJ|PSU_VAR|URBANICITY|URBANICITYNAME|VIOLATION|VIOLATIONNAME|PSUSTRAT|WEIGHT,9dab8c8dc45b2822fa9a92ffb91d707da5d73cc9fe203621a82a7990e9675b2d
2022,vision,94776,15,17242505,CASENUM|VEH_NO|STRATUM|STRATUMNAME|REGION|REGIONNAME|PSU|PJ|PSU_VAR|URBANICITY|URBANICITYNAME|VISION|VISIONNAME|PSUSTRAT|WEIGHT,a30f82c4b9b5514890b7d351bf3ff37a5967cc0dbfd4108ab8201c967a0e8c92
2022,vpicdecode,91332,202,74134916,CASENUM|VEH_NO|VehicleDescriptor|VINDecodedOn|VINDecodeError|VehicleTypeId|VehicleType|ManufacturerFullNameId|ManufacturerFullName|MakeId|Make|ModelId|Model|ModelYear|Series|Trim|Series2|Trim2|PlantCountryId|PlantCountry|PlantState|PlantCity|PlantCompanyName|DestinationMarketId|DestinationMarket|BasePrice|NonLandUseId|NonLandUse|Note|BodyClassId|BodyClass|DoorsCount|Windows|WheelBaseTypeId|WheelBaseType|TrackWidthIN|GrossVehicleWeightRatingFromId|GrossVehicleWeightRatingFrom|GrossVehicleWeightRatingToId|GrossVehicleWeightRatingTo|GrossCombWeightRatingFromId|GrossCombWeightRatingFrom|GrossCombWeightRatingToId|GrossCombWeightRatingTo|CurbWeightLB|WheelBaseIN_from|WheelBaseIN_To|WheelsCount|WheelSizeFrontIN|WheelSizeRearIN|TruckBodyCabTypeId|TruckBodyCabType|TruckBedTypeId|TruckBedType|TruckBedLengthIN|BusTypeId|BusType|BusFloorConfigurationTypeId|BusFloorConfigurationType|BusLengthFT|OtherBusInfo|CustomMotorcycleTypeId|CustomMotorcycleType|MotorcycleSuspensionTypeId|MotorcycleSuspensionType|MotorcycleChassisTypeId|MotorcycleChassisType|OtherMotorcycleInfo|SteeringLocationId|SteeringLocation|EntertainmentSystemId|EntertainmentSystem|SeatsCount|SeatRowsCount|TransmissionSpeeds|TransmissionStyleId|TransmissionStyle|DriveTypeId|DriveType|AxlesCount|AxleConfigurationId|AxleConfiguration|BrakeSystemTypeId|BrakeSystemType|BrakeSystemDesc|EVDriveUnitId|EVDriveUnit|BatteryKWh_From|BatteryKWh_to|BatteryV_From|BatteryV_to|BatteryA_From|BatteryA_to|BatteryPacksPerVehicle|BatteryModulesPerPack|BatteryCellsPerModule|BatteryTypeId|BatteryType|OtherBatteryInfo|ChargerLevelId|ChargerLevel|ChargerPowerKW|EngineManufacturer|EngineModel|EngineConfigurationId|EngineConfiguration|EnginePowerKW|EngineStrokeCycles|EngineCylindersCount|EngineBrakeHP_From|EngineBrakeHP_To|EngineCoolingTypeId|EngineCoolingType|DisplacementCI|DisplacementCC|DisplacementL|FuelTypePrimaryId|FuelTypePrimary|FuelTypeSecondaryId|FuelTypeSecondary|FuelDeliveryInjectionTypeId|FuelDeliveryInjectionType|EngineValveTrainDesignId|EngineValveTrainDesign|EngineElectrificationLevelId|EngineElectrificationLevel|EngineTurboId|EngineTurbo|TopSpeedMPH|OtherEngineInfo|SeatBeltTypeId|SeatBeltType|PretensionerId|Pretensioner|AirBagLocFrontId|AirBagLocFront|AirBagLocKneeId|AirBagLocKnee|AirBagLocSideId|AirBagLocSide|AirBagLocCurtainId|AirBagLocCurtain|AirBagLocSeatCushionId|AirBagLocSeatCushion|OtherRestraintSystemInfo|ForwardCollisionWarningId|ForwardCollisionWarning|DynamicBrakeSupportId|DynamicBrakeSupport|CrashImminentBrakingID|CrashImminentBraking|PedestrianAutoEmergencyBrakingId|PedestrianAutoEmergencyBraking|BlindSpotWarningId|BlindSpotWarning|BlindSpotInterventionId|BlindSpotIntervention|LaneDepartureWarningId|LaneDepartureWarning|LaneKeepingAssistanceId|LaneKeepingAssistance|LaneCenteringAssistanceId|LaneCenteringAssistance|BackupCameraId|BackupCamera|RearCrossTrafficAlertId|RearCrossTrafficAlert|RearAutomaticEmergencyBrakingId|RearAutomaticEmergencyBraking|ParkAssistId|ParkAssist|DaytimeRunningLightId|DaytimeRunningLight|HeadlampLightSourceId|HeadlampLightSource|SemiAutoHeadlampBeamSwitchingId|SemiAutoHeadlampBeamSwitching|AdaptiveDrivingBeamId|AdaptiveDrivingBeam|AdaptiveCruiseControlId|AdaptiveCruiseControl|AntilockBrakeSystemId|AntilockBrakeSystem|ElectronicStabilityControlId|ElectronicStabilityControl|TPMSId|TPMS|AutomaticCrashNotificationId|AutomaticCrashNotification|EventDataRecorderId|EventDataRecorder|TractionControlId|TractionControl|AutoPedestrianAlertingSoundId|AutoPedestrianAlertingSound|KeylessIgnitionId|KeylessIgnition|SAEAutomationLevel_From|SAEAutomationLevel_to|AutoReverseSystemId|AutoReverseSystem|ActiveSafetySysNote,1f32dbbb5fe2e3616695947123ef8dc82c5cbe24c9a733e2a9c7ae1f8887d65d
2022,vpictrailerdecode,616,40,178409,CASENUM|VEH_NO|TRAILER_NO|VEHICLEDESCRIPTOR|VINDECODEDON|VINDECODEERROR|VEHICLETYPEID|VEHICLETYPE|MANUFACTURERFULLNAMEID|MANUFACTURERFULLNAME|MAKEID|MAKE|MODELID|MODEL|MODELYEAR|SERIES|TRIM|PLANTCOUNTRYID|PLANTCOUNTRY|PLANTSTATE|PLANTCITY|PLANTCOMPANYNAME|NONLANDUSEID|NONLANDUSE|NOTE|BODYCLASSID|BODYCLASS|GROSSVEHICLEWEIGHTRATINGFROMID|GROSSVEHICLEWEIGHTRATINGFROM|GROSSVEHICLEWEIGHTRATINGTOID|GROSSVEHICLEWEIGHTRATINGTO|TRAILERBODYTYPEID|TRAILERBODYTYPE|TRAILERTYPECONNECTIONID|TRAILERTYPECONNECTION|TRAILERLENGTHFT|OTHERTRAILERINFO|AXLESCOUNT|AXLECONFIGURATIONID|AXLECONFIGURATION,77ff63e9b01953c2aff8d29467aa91e2da7627b1ddd2ce443657b381c6c4ce82
2022,vsoe,132865,18,27289875,CASENUM|VEH_NO|STRATUM|STRATUMNAME|REGION|REGIONNAME|PSU|PJ|PSU_VAR|URBANICITY|URBANICITYNAME|VEVENTNUM|SOE|SOENAME|AOI|AOINAME|PSUSTRAT|WEIGHT,16212a76735a45139bb345644df178f4f3edcfa7f7ff4bd004fa50acd3acc781
2022,weather,54280,14,8928274,CASENUM|STRATUM|STRATUMNAME|REGION|REGIONNAME|PSU|PJ|PSU_VAR|URBANICITY|URBANICITYNAME|WEATHER|WEATHERNAME|PSUSTRAT|WEIGHT,1af0dc86e263b6b2b52445a5d8dc2d2f8b08c1851576a52108207e1a8d4934f4
2023,accident,50103,80,33490404,CASENUM|PSU|PSU_VAR|PSUSTRAT|REGION|REGIONNAME|URBANICITY|URBANICITYNAME|STRATUM|STRATUMNAME|PJ|WEIGHT|PEDS|PERNOTMVIT|VE_TOTAL|VE_FORMS|PVH_INVL|PERMVIT|MONTH|MONTHNAME|DAY_WEEK|DAY_WEEKNAME|WKDY_IM|WKDY_IMNAME|YEAR|YEARNAME|HOUR|HOURNAME|HOUR_IM|HOUR_IMNAME|MINUTE|MINUTENAME|MINUTE_IM|MINUTE_IMNAME|HARM_EV|HARM_EVNAME|EVENT1_IM|EVENT1_IMNAME|MAN_COLL|MAN_COLLNAME|MANCOL_IM|MANCOL_IMNAME|RELJCT1|RELJCT1NAME|RELJCT1_IM|RELJCT1_IMNAME|RELJCT2|RELJCT2NAME|RELJCT2_IM|RELJCT2_IMNAME|TYP_INT|TYP_INTNAME|REL_ROAD|REL_ROADNAME|WRK_ZONE|WRK_ZONENAME|LGT_COND|LGT_CONDNAME|LGTCON_IM|LGTCON_IMNAME|WEATHER|WEATHERNAME|WEATHR_IM|WEATHR_IMNAME|SCH_BUS|SCH_BUSNAME|INT_HWY|INT_HWYNAME|MAX_SEV|MAX_SEVNAME|MAXSEV_IM|MAXSEV_IMNAME|NUM_INJ|NUM_INJNAME|NO_INJ_IM|NO_INJ_IMNAME|ALCOHOL|ALCOHOLNAME|ALCHL_IM|ALCHL_IMNAME,1aaf6d08aaac36bb15844c62abab3c0376a49ba428537c1393dd57e4a8d8a974
2023,cevent,82748,22,19687865,CASENUM|PSU|PSU_VAR|PSUSTRAT|REGION|REGIONNAME|URBANICITY|URBANICITYNAME|STRATUM|STRATUMNAME|PJ|WEIGHT|EVENTNUM|VNUMBER1|AOI1|AOI1NAME|SOE|SOENAME|VNUMBER2|VNUMBER2NAME|AOI2|AOI2NAME,c114b916e3767de4139aac927abb1d4062a9bffca4c5baaa069b71d8fb7df52f
2023,crashrf,50292,14,8607885,CASENUM|PSU|PSU_VAR|PSUSTRAT|REGION|REGIONNAME|URBANICITY|URBANICITYNAME|STRATUM|STRATUMNAME|PJ|WEIGHT|CRASHRF|CRASHRFNAME,863195806f3c2a95d5850f4b3cc69c8f58be2e27a62341f7e5cbb8687bbae454
2023,damage,180295,15,31317748,CASENUM|VEH_NO|PSU|PSU_VAR|PSUSTRAT|REGION|REGIONNAME|URBANICITY|URBANICITYNAME|STRATUM|STRATUMNAME|PJ|WEIGHT|DAMAGE|DAMAGENAME,1c86c17bb3a514189b24c16c070434831a31505705fd738634d6c7b6a7ba9e29
2023,distract,87503,15,15563281,CASENUM|VEH_NO|PSU|PSU_VAR|PSUSTRAT|REGION|REGIONNAME|URBANICITY|URBANICITYNAME|STRATUM|STRATUMNAME|PJ|WEIGHT|DRDISTRACT|DRDISTRACTNAME,8f2aaa961251a39cdd81e2c004594e119740a2b40493f8d6e18c267792601425
2023,drimpair,87609,15,15868751,CASENUM|VEH_NO|PSU|PSU_VAR|PSUSTRAT|REGION|REGIONNAME|URBANICITY|URBANICITYNAME|STRATUM|STRATUMNAME|PJ|WEIGHT|DRIMPAIR|DRIMPAIRNAME,d5a84d50cd46ab22214ffbfe7f1d89c44965666e039b07530168fa67f7541d96
2023,driverrf,88844,15,15922152,CASENUM|VEH_NO|PSU|PSU_VAR|PSUSTRAT|REGION|REGIONNAME|URBANICITY|URBANICITYNAME|STRATUM|STRATUMNAME|PJ|WEIGHT|DRIVERRF|DRIVERRFNAME,4aa28a29bb0b2645a92f191379a063c6ef6d3cfb254628f66a8129300a71d425
2023,factor,87548,15,15027907,CASENUM|VEH_NO|PSU|PSU_VAR|PSUSTRAT|REGION|REGIONNAME|URBANICITY|URBANICITYNAME|STRATUM|STRATUMNAME|PJ|WEIGHT|VEHICLECC|VEHICLECCNAME,ded21117f69b46d3efdb1962ad9dceb736dba667fc6fee9895d3e2502fc2cbfe
2023,maneuver,87463,15,15737398,CASENUM|VEH_NO|PSU|PSU_VAR|PSUSTRAT|REGION|REGIONNAME|URBANICITY|URBANICITYNAME|STRATUM|STRATUMNAME|PJ|WEIGHT|MANEUVER|MANEUVERNAME,0f8e5a9935a33cb086506ec0575fa838993a2cbb3b17fc921020dffffd9306c3
2023,nmcrash,7708,16,1512854,CASENUM|VEH_NO|PER_NO|PSU|PSU_VAR|PSUSTRAT|REGION|REGIONNAME|URBANICITY|URBANICITYNAME|STRATUM|STRATUMNAME|PJ|WEIGHT|NMCC|NMCCNAME,0977df387ffdef99b3edeede69fd4529eafd381524159d138488649554699c07
2023,nmdistract,5382,16,979866,CASENUM|VEH_NO|PER_NO|PSU|PSU_VAR|PSUSTRAT|REGION|REGIONNAME|URBANICITY|URBANICITYNAME|STRATUM|STRATUMNAME|PJ|WEIGHT|NMDISTRACT|NMDISTRACTNAME,d9c477aaf4f45a137741838c279a63b239200ba93c7aec66b13042318edf564d
2023,nmimpair,5391,16,999108,CASENUM|VEH_NO|PER_NO|PSU|PSU_VAR|PSUSTRAT|REGION|REGIONNAME|URBANICITY|URBANICITYNAME|STRATUM|STRATUMNAME|PJ|WEIGHT|NMIMPAIR|NMIMPAIRNAME,b350dfce7ad32d70667a33dace1d82735e5854d898ac124ad5ec1188225a0984
2023,nmprior,5491,16,1069448,CASENUM|VEH_NO|PER_NO|PSU|PSU_VAR|PSUSTRAT|REGION|REGIONNAME|URBANICITY|URBANICITYNAME|STRATUM|STRATUMNAME|PJ|WEIGHT|NMACTION|NMACTIONNAME,6ab7afe3e8d16f502076df2883a5f9cbc67f3c245304fb5c2373af4fb71e8de3
2023,parkwork,2617,105,3086323,CASENUM|VEH_NO|PSU|PSU_VAR|PSUSTRAT|REGION|REGIONNAME|URBANICITY|URBANICITYNAME|STRATUM|STRATUMNAME|PJ|WEIGHT|PVE_FORMS|PMONTH|PMONTHNAME|PHOUR|PHOURNAME|PMINUTE|PMINUTENAME|PHARM_EV|PHARM_EVNAME|PMAN_COLL|PMAN_COLLNAME|PNUMOCCS|PNUMOCCSNAME|PTYPE|PTYPENAME|PHIT_RUN|PHIT_RUNNAME|PVIN|PVINNAME|PMODYEAR|PMODYEARNAME|PVPICMAKE|PVPICMAKENAME|PVPICMODEL|PVPICMODELNAME|PVPICBODYCLASS|PVPICBODYCLASSNAME|PMAKE|PMAKENAME|PMODEL|PBODYTYP|PBODYTYPNAME|PICFINALBODY|PICFINALBODYNAME|PGVWR_FROM|PGVWR_FROMNAME|PGVWR_TO|PGVWR_TONAME|PTRAILER|PTRAILERNAME|PTRLR1VIN|PTRLR1VINNAME|PTRLR2VIN|PTRLR2VINNAME|PTRLR3VIN|PTRLR3VINNAME|PTRLR1GVWR|PTRLR1GVWRNAME|PTRLR2GVWR|PTRLR2GVWRNAME|PTRLR3GVWR|PTRLR3GVWRNAME|PMCARR_ID|PMCARR_IDNAME|PMCARR_I1|PMCARR_I1NAME|PMCARR_I2|PMCARR_I2NAME|PV_CONFIG|PV_CONFIGNAME|PCARGTYP|PCARGTYPNAME|PHAZ_INV|PHAZ_INVNAME|PHAZPLAC|PHAZPLACNAME|PHAZ_ID|PHAZ_IDNAME|PHAZ_CNO|PHAZ_CNONAME|PHAZ_REL|PHAZ_RELNAME|PBUS_USE|PBUS_USENAME|PSP_USE|PSP_USENAME|PEM_USE|PEM_USENAME|PUNDEROVERRIDE|PUNDEROVERRIDENAME|PIMPACT1|PIMPACT1NAME|PVEH_SEV|PVEH_SEVNAME|PTOWED|PTOWEDNAME|PM_HARM|PM_HARMNAME|PFIRE|PFIRENAME|PMAK_MOD|PMAK_MODNAME,b1cca314295f584567c098759fdb98f6a729cd7fe647c2e83cf629e89bfd6ea9
2023,pbtype,5335,54,3056564,CASENUM|VEH_NO|PER_NO|PSU|PSU_VAR|PSUSTRAT|REGION|REGIONNAME|URBANICITY|URBANICITYNAME|STRATUM|STRATUMNAME|PJ|WEIGHT|PBAGE|PBAGENAME|PBSEX|PBSEXNAME|PBPTYPE|PBPTYPENAME|PBCWALK|PBCWALKNAME|PBSWALK|PBSWALKNAME|PBSZONE|PBSZONENAME|PEDCTYPE|PEDCTYPENAME|BIKECTYPE|BIKECTYPENAME|PEDLOC|PEDLOCNAME|BIKELOC|BIKELOCNAME|PEDPOS|PEDPOSNAME|BIKEPOS|BIKEPOSNAME|PEDDIR|PEDDIRNAME|BIKEDIR|BIKEDIRNAME|MOTDIR|MOTDIRNAME|MOTMAN|MOTMANNAME|PEDLEG|PEDLEGNAME|PEDSNR|PEDSNRNAME|PEDCGP|PEDCGPNAME|BIKECGP|BIKECGPNAME,0ce74f3fafefc39054083833b7dda1d013742f135b506d53b1a3152d4c78f7ca
2023,person,122388,112,140982827,CASENUM|VE_FORMS|VEH_NO|PER_NO|PSU|PSU_VAR|PSUSTRAT|REGION|REGIONNAME|URBANICITY|URBANICITYNAME|STRATUM|STRATUMNAME|PJ|WEIGHT|MONTH|MONTHNAME|HOUR|HOURNAME|MINUTE|MINUTENAME|HARM_EV|HARM_EVNAME|MAN_COLL|MAN_COLLNAME|SCH_BUS|SCH_BUSNAME|MOD_YEAR|MOD_YEARNAME|VPICMAKE|VPICMAKENAME|VPICMODEL|VPICMODELNAME|VPICBODYCLASS|VPICBODYCLASSNAME|MAKE|MAKENAME|BODY_TYP|BODY_TYPNAME|ICFINALBODY|ICFINALBODYNAME|GVWR_FROM|GVWR_FROMNAME|GVWR_TO|GVWR_TONAME|TOW_VEH|TOW_VEHNAME|SPEC_USE|SPEC_USENAME|EMER_USE|EMER_USENAME|ROLLOVER|ROLLOVERNAME|IMPACT1|IMPACT1NAME|FIRE_EXP|FIRE_EXPNAME|MAK_MOD|MAK_MODNAME|AGE|AGENAME|AGE_IM|AGE_IMNAME|SEX|SEXNAME|SEX_IM|SEX_IMNAME|PER_TYP|PER_TYPNAME|DEVTYPE|DEVTYPENAME|DEVMOTOR|DEVMOTORNAME|INJ_SEV|INJ_SEVNAME|INJSEV_IM|INJSEV_IMNAME|SEAT_POS|SEAT_POSNAME|SEAT_IM|SEAT_IMNAME|REST_USE|REST_USENAME|REST_MIS|REST_MISNAME|HELM_USE|HELM_USENAME|HELM_MIS|HELM_MISNAME|AIR_BAG|AIR_BAGNAME|EJECTION|EJECTIONNAME|EJECT_IM|EJECT_IMNAME|DRINKING|DRINKINGNAME|PERALCH_IM|PERALCH_IMNAME|ALC_STATUS|ALC_STATUSNAME|ATST_TYP|ATST_TYPNAME|ALC_RES|ALC_RESNAME|DRUGS|DRUGSNAME|HOSPITAL|HOSPITALNAME|STR_VEH|LOCATION|LOCATIONNAME,ceae9ceb83ec2c46eab426002510a29165178126dcd31331c96d2968f6ff4d89
2023,personrf,122396,16,21251453,CASENUM|VEH_NO|PER_NO|PSU|PSU_VAR|PSUSTRAT|REGION|REGIONNAME|URBANICITY|URBANICITYNAME|STRATUM|STRATUMNAME|PJ|WEIGHT|PERSONRF|PERSONRFNAME,34bf84f8d7b87257cc2ed4e14aafb4c174ea2dc2ce530cbb468dc484cbace5fb
2023,pvehiclesf,2617,15,428368,CASENUM|VEH_NO|PSU|PSU_VAR|PSUSTRAT|REGION|REGIONNAME|URBANICITY|URBANICITYNAME|STRATUM|STRATUMNAME|PJ|WEIGHT|PVEHICLESF|PVEHICLESFNAME,ea04c01204cc218f519410c9f444541e40eef5d6625a2acfe2cd485dce910021
2023,safetyeq,5381,26,1262703,CASENUM|VEH_NO|PER_NO|PSU|PSU_VAR|PSUSTRAT|REGION|REGIONNAME|URBANICITY|URBANICITYNAME|STRATUM|STRATUMNAME|PJ|WEIGHT|NMHELMET|NMHELMETNAME|NMPROPAD|NMPROPADNAME|NMOTHPRO|NMOTHPRONAME|NMREFCLO|NMREFCLONAME|NMLIGHT|NMLIGHTNAME|NMOTHPRE|NMOTHPRENAME,d4515f4cbb9864508983034dc2b17cb6ee0c8f4863910d83b46a7f37ba0e1ed8
2023,vehicle,87461,169,164355450,CASENUM|VEH_NO|PSU|PSU_VAR|PSUSTRAT|REGION|REGIONNAME|URBANICITY|URBANICITYNAME|STRATUM|STRATUMNAME|PJ|WEIGHT|VE_FORMS|MONTH|MONTHNAME|HOUR|HOURNAME|MINUTE|MINUTENAME|HARM_EV|HARM_EVNAME|MAN_COLL|MAN_COLLNAME|NUMOCCS|NUMOCCSNAME|UNITTYPE|UNITTYPENAME|HIT_RUN|HIT_RUNNAME|VIN|VINNAME|MOD_YEAR|MOD_YEARNAME|MDLYR_IM|MDLYR_IMNAME|VPICMAKE|VPICMAKENAME|VPICMODEL|VPICMODELNAME|VPICBODYCLASS|VPICBODYCLASSNAME|MAKE|MAKENAME|MODEL|BODY_TYP|BODY_TYPNAME|ICFINALBODY|ICFINALBODYNAME|GVWR_FROM|GVWR_FROMNAME|GVWR_TO|GVWR_TONAME|TOW_VEH|TOW_VEHNAME|TRLR1VIN|TRLR1VINNAME|TRLR2VIN|TRLR2VINNAME|TRLR3VIN|TRLR3VINNAME|TRLR1GVWR|TRLR1GVWRNAME|TRLR2GVWR|TRLR2GVWRNAME|TRLR3GVWR|TRLR3GVWRNAME|J_KNIFE|J_KNIFENAME|MCARR_ID|MCARR_IDNAME|MCARR_I1|MCARR_I1NAME|MCARR_I2|MCARR_I2NAME|V_Config|V_ConfigNAME|CARGO_BT|CARGO_BTNAME|HAZ_INV|HAZ_INVNAME|HAZ_PLAC|HAZ_PLACNAME|HAZ_ID|HAZ_IDNAME|HAZ_CNO|HAZ_CNONAME|HAZ_REL|HAZ_RELNAME|BUS_USE|BUS_USENAME|SPEC_USE|SPEC_USENAME|EMER_USE|EMER_USENAME|TRAV_SP|TRAV_SPNAME|UNDEROVERRIDE|UNDEROVERRIDENAME|ROLLOVER|ROLLOVERNAME|ROLINLOC|ROLINLOCNAME|IMPACT1|IMPACT1NAME|IMPACT1_IM|IMPACT1_IMNAME|DEFORMED|DEFORMEDNAME|TOWED|TOWEDNAME|M_HARM|M_HARMNAME|VEVENT_IM|VEVENT_IMNAME|FIRE_EXP|FIRE_EXPNAME|DR_PRES|DR_PRESNAME|MAX_VSEV|MAX_VSEVNAME|MXVSEV_IM|MXVSEV_IMNAME|NUM_INJV|NUM_INJVNAME|NUMINJ_IM|NUMINJ_IMNAME|VEH_ALCH|VEH_ALCHNAME|V_ALCH_IM|V_ALCH_IMNAME|MAK_MOD|MAK_MODNAME|DR_ZIP|DR_ZIPNAME|SPEEDREL|SPEEDRELNAME|VTRAFWAY|VTRAFWAYNAME|VNUM_LAN|VNUM_LANNAME|VSPD_LIM|VSPD_LIMNAME|VALIGN|VALIGNNAME|VPROFILE|VPROFILENAME|VSURCOND|VSURCONDNAME|VTRAFCON|VTRAFCONNAME|VTCONT_F|VTCONT_FNAME|P_CRASH1|P_CRASH1NAME|PCRASH1_IM|PCRASH1_IMNAME|P_CRASH2|P_CRASH2NAME|P_CRASH3|P_CRASH3NAME|PCRASH4|PCRASH4NAME|PCRASH5|PCRASH5NAME|ACC_TYPE|ACC_TYPENAME|ACC_CONFIG|ACC_CONFIGNAME,4a6ff49a413a469484b4f0d14aed917b30de3bccf65eab8286f789e4e6a83fac
2023,vehiclesf,87463,15,14989651,CASENUM|VEH_NO|PSU|PSU_VAR|PSUSTRAT|REGION|REGIONNAME|URBANICITY|URBANICITYNAME|STRATUM|STRATUMNAME|PJ|WEIGHT|VEHICLESF|VEHICLESFNAME,8be04cb6948aaaf18f1ecdb889c7a4688fb62de64424afe0b258cd03513e2f68
2023,vevent,122906,24,29385914,CASENUM|EVENTNUM|VEH_NO|PSU|PSU_VAR|PSUSTRAT|REGION|REGIONNAME|URBANICITY|URBANICITYNAME|STRATUM|STRATUMNAME|PJ|WEIGHT|VEVENTNUM|VNUMBER1|AOI1|AOI1NAME|SOE|SOENAME|VNumber2|VNumber2NAME|AOI2|AOI2NAME,6ceb1e4db8b9716d8bd89435101b02ad4d0353e5a443e9c9681419f15dea2b7d
2023,violatn,93692,15,16451503,CASENUM|VEH_NO|PSU|PSU_VAR|PSUSTRAT|REGION|REGIONNAME|URBANICITY|URBANICITYNAME|STRATUM|STRATUMNAME|PJ|WEIGHT|VIOLATION|VIOLATIONNAME,801314664ed2895acc1e14e8ded3bce6defad2a3db6f8819310f29478554389f
2023,vision,87497,15,15903903,CASENUM|VEH_NO|PSU|PSU_VAR|PSUSTRAT|REGION|REGIONNAME|URBANICITY|URBANICITYNAME|STRATUM|STRATUMNAME|PJ|WEIGHT|VISION|VISIONNAME,a09ca0431ff903ee9beceb8497adeb5860a050d4a6b6ac82cf83914f3febbf8e
2023,vpicdecode,74823,202,63474663,CASENUM|VEH_NO|VEHICLEDESCRIPTOR|VINDECODEDON|VINDECODEERROR|VEHICLETYPEID|VEHICLETYPE|MANUFACTURERFULLNAMEID|MANUFACTURERFULLNAME|MAKEID|MAKE|MODELID|MODEL|MODELYEAR|SERIES|TRIM|SERIES2|TRIM2|PLANTCOUNTRYID|PLANTCOUNTRY|PLANTSTATE|PLANTCITY|PLANTCOMPANYNAME|DESTINATIONMARKETID|DESTINATIONMARKET|BASEPRICE|NONLANDUSEID|NONLANDUSE|NOTE|BODYCLASSID|BODYCLASS|DOORSCOUNT|WINDOWS|WHEELBASETYPEID|WHEELBASETYPE|TRACKWIDTHIN|GROSSVEHICLEWEIGHTRATINGFROMID|GROSSVEHICLEWEIGHTRATINGFROM|GROSSVEHICLEWEIGHTRATINGTOID|GROSSVEHICLEWEIGHTRATINGTO|GROSSCOMBWEIGHTRATINGFROMID|GROSSCOMBWEIGHTRATINGFROM|GROSSCOMBWEIGHTRATINGTOID|GROSSCOMBWEIGHTRATINGTO|CURBWEIGHTLB|WHEELBASEIN_FROM|WHEELBASEIN_TO|WHEELSCOUNT|WHEELSIZEFRONTIN|WHEELSIZEREARIN|TRUCKBODYCABTYPEID|TRUCKBODYCABTYPE|TRUCKBEDTYPEID|TRUCKBEDTYPE|TRUCKBEDLENGTHIN|BUSTYPEID|BUSTYPE|BUSFLOORCONFIGURATIONTYPEID|BUSFLOORCONFIGURATIONTYPE|BUSLENGTHFT|OTHERBUSINFO|CUSTOMMOTORCYCLETYPEID|CUSTOMMOTORCYCLETYPE|MOTORCYCLESUSPENSIONTYPEID|MOTORCYCLESUSPENSIONTYPE|MOTORCYCLECHASSISTYPEID|MOTORCYCLECHASSISTYPE|OTHERMOTORCYCLEINFO|STEERINGLOCATIONID|STEERINGLOCATION|ENTERTAINMENTSYSTEMID|ENTERTAINMENTSYSTEM|SEATSCOUNT|SEATROWSCOUNT|TRANSMISSIONSPEEDS|TRANSMISSIONSTYLEID|TRANSMISSIONSTYLE|DRIVETYPEID|DRIVETYPE|AXLESCOUNT|AXLECONFIGURATIONID|AXLECONFIGURATION|BRAKESYSTEMTYPEID|BRAKESYSTEMTYPE|BRAKESYSTEMDESC|EVDRIVEUNITID|EVDRIVEUNIT|BATTERYKWH_FROM|BATTERYKWH_TO|BATTERYV_FROM|BATTERYV_TO|BATTERYA_FROM|BATTERYA_TO|BATTERYPACKSPERVEHICLE|BATTERYMODULESPERPACK|BATTERYCELLSPERMODULE|BATTERYTYPEID|BATTERYTYPE|OTHERBATTERYINFO|CHARGERLEVELID|CHARGERLEVEL|CHARGERPOWERKW|ENGINEMANUFACTURER|ENGINEMODEL|ENGINECONFIGURATIONID|ENGINECONFIGURATION|ENGINEPOWERKW|ENGINESTROKECYCLES|ENGINECYLINDERSCOUNT|ENGINEBRAKEHP_FROM|ENGINEBRAKEHP_TO|ENGINECOOLINGTYPEID|ENGINECOOLINGTYPE|DISPLACEMENTCI|DISPLACEMENTCC|DISPLACEMENTL|FUELTYPEPRIMARYID|FUELTYPEPRIMARY|FUELTYPESECONDARYID|FUELTYPESECONDARY|FUELDELIVERYINJECTIONTYPEID|FUELDELIVERYINJECTIONTYPE|ENGINEVALVETRAINDESIGNID|ENGINEVALVETRAINDESIGN|ENGINEELECTRIFICATIONLEVELID|ENGINEELECTRIFICATIONLEVEL|ENGINETURBOID|ENGINETURBO|TOPSPEEDMPH|OTHERENGINEINFO|SEATBELTTYPEID|SEATBELTTYPE|PRETENSIONERID|PRETENSIONER|AIRBAGLOCFRONTID|AIRBAGLOCFRONT|AIRBAGLOCKNEEID|AIRBAGLOCKNEE|AIRBAGLOCSIDEID|AIRBAGLOCSIDE|AIRBAGLOCCURTAINID|AIRBAGLOCCURTAIN|AIRBAGLOCSEATCUSHIONID|AIRBAGLOCSEATCUSHION|OTHERRESTRAINTSYSTEMINFO|FORWARDCOLLISIONWARNINGID|FORWARDCOLLISIONWARNING|DYNAMICBRAKESUPPORTID|DYNAMICBRAKESUPPORT|CRASHIMMINENTBRAKINGID|CRASHIMMINENTBRAKING|PEDESTRIANAUTOEMERGENCYBRAKINGID|PEDESTRIANAUTOEMERGENCYBRAKING|BLINDSPOTWARNINGID|BLINDSPOTWARNING|BLINDSPOTINTERVENTIONID|BLINDSPOTINTERVENTION|LANEDEPARTUREWARNINGID|LANEDEPARTUREWARNING|LANEKEEPINGASSISTANCEID|LANEKEEPINGASSISTANCE|LANECENTERINGASSISTANCEID|LANECENTERINGASSISTANCE|BACKUPCAMERAID|BACKUPCAMERA|REARCROSSTRAFFICALERTID|REARCROSSTRAFFICALERT|REARAUTOMATICEMERGENCYBRAKINGID|REARAUTOMATICEMERGENCYBRAKING|PARKASSISTID|PARKASSIST|DAYTIMERUNNINGLIGHTID|DAYTIMERUNNINGLIGHT|HEADLAMPLIGHTSOURCEID|HEADLAMPLIGHTSOURCE|SEMIAUTOHEADLAMPBEAMSWITCHINGID|SEMIAUTOHEADLAMPBEAMSWITCHING|ADAPTIVEDRIVINGBEAMID|ADAPTIVEDRIVINGBEAM|ADAPTIVECRUISECONTROLID|ADAPTIVECRUISECONTROL|ANTILOCKBRAKESYSTEMID|ANTILOCKBRAKESYSTEM|ELECTRONICSTABILITYCONTROLID|ELECTRONICSTABILITYCONTROL|TPMSID|TPMS|AUTOMATICCRASHNOTIFICATIONID|AUTOMATICCRASHNOTIFICATION|EVENTDATARECORDERID|EVENTDATARECORDER|TRACTIONCONTROLID|TRACTIONCONTROL|AUTOPEDESTRIANALERTINGSOUNDID|AUTOPEDESTRIANALERTINGSOUND|KEYLESSIGNITIONID|KEYLESSIGNITION|SAEAUTOMATIONLEVEL_FROM|SAEAUTOMATIONLEVEL_TO|AUTOREVERSESYSTEMID|AUTOREVERSESYSTEM|ACTIVESAFETYSYSNOTE,b70c2cceb0808717739a6a96d1dbda335c0239c2f13e895c8e2664f700a13fb5
2023,vpictrailerdecode,640,40,183751,CASENUM|VEH_NO|TRAILER_NO|VEHICLEDESCRIPTOR|VINDECODEDON|VINDECODEERROR|VEHICLETYPEID|VEHICLETYPE|MANUFACTURERFULLNAMEID|MANUFACTURERFULLNAME|MAKEID|MAKE|MODELID|MODEL|MODELYEAR|SERIES|TRIM|PLANTCOUNTRYID|PLANTCOUNTRY|PLANTSTATE|PLANTCITY|PLANTCOMPANYNAME|NONLANDUSEID|NONLANDUSE|NOTE|BODYCLASSID|BODYCLASS|GROSSVEHICLEWEIGHTRATINGFROMID|GROSSVEHICLEWEIGHTRATINGFROM|GROSSVEHICLEWEIGHTRATINGTOID|GROSSVEHICLEWEIGHTRATINGTO|TRAILERBODYTYPEID|TRAILERBODYTYPE|TRAILERTYPECONNECTIONID|TRAILERTYPECONNECTION|TRAILERLENGTHFT|OTHERTRAILERINFO|AXLESCOUNT|AXLECONFIGURATIONID|AXLECONFIGURATION,508a582b972ca372e5976d1fa6c25233624f693610517b4e6e30751c36277f16
2023,vsoe,122906,18,25213766,CASENUM|VEH_NO|PSU|PSU_VAR|PSUSTRAT|REGION|REGIONNAME|URBANICITY|URBANICITYNAME|STRATUM|STRATUMNAME|PJ|WEIGHT|VEVENTNUM|SOE|SOENAME|AOI|AOINAME,caa3652b70611da7a2bd04ec681f3e0e918d9df9f1909fb7a6d2918db6236da0
2023,weather,50464,14,8293032,CASENUM|PSU|PSU_VAR|PSUSTRAT|REGION|REGIONNAME|URBANICITY|URBANICITYNAME|STRATUM|STRATUMNAME|PJ|WEIGHT|WEATHER|WEATHERNAME,0da0777cebdb407bf95dc9a52cd2b515bb7e901b30432fe397edd550eea13da5
2024,accident,51658,80,34493307,CASENUM|PSU|PSU_VAR|PSUSTRAT|REGION|REGIONNAME|URBANICITY|URBANICITYNAME|STRATUM|STRATUMNAME|PJ|WEIGHT|PEDS|PERNOTMVIT|VE_TOTAL|VE_FORMS|PVH_INVL|PERMVIT|MONTH|MONTHNAME|DAY_WEEK|DAY_WEEKNAME|WKDY_IM|WKDY_IMNAME|YEAR|YEARNAME|HOUR|HOURNAME|HOUR_IM|HOUR_IMNAME|MINUTE|MINUTENAME|MINUTE_IM|MINUTE_IMNAME|HARM_EV|HARM_EVNAME|EVENT1_IM|EVENT1_IMNAME|MAN_COLL|MAN_COLLNAME|MANCOL_IM|MANCOL_IMNAME|RELJCT1|RELJCT1NAME|RELJCT1_IM|RELJCT1_IMNAME|RELJCT2|RELJCT2NAME|RELJCT2_IM|RELJCT2_IMNAME|TYP_INT|TYP_INTNAME|REL_ROAD|REL_ROADNAME|WRK_ZONE|WRK_ZONENAME|LGT_COND|LGT_CONDNAME|LGTCON_IM|LGTCON_IMNAME|WEATHER|WEATHERNAME|WEATHR_IM|WEATHR_IMNAME|SCH_BUS|SCH_BUSNAME|INT_HWY|INT_HWYNAME|MAX_SEV|MAX_SEVNAME|MAXSEV_IM|MAXSEV_IMNAME|NUM_INJ|NUM_INJNAME|NO_INJ_IM|NO_INJ_IMNAME|ALCOHOL|ALCOHOLNAME|ALCHL_IM|ALCHL_IMNAME,f03a2055f959d19cffa4ee024d4a43b54a80e47dcebfc681bd9f8528932beeb1
2024,cevent,84081,22,19974801,CASENUM|PSU|PSU_VAR|PSUSTRAT|REGION|REGIONNAME|URBANICITY|URBANICITYNAME|STRATUM|STRATUMNAME|PJ|WEIGHT|EVENTNUM|VNUMBER1|AOI1|AOI1NAME|SOE|SOENAME|VNUMBER2|VNUMBER2NAME|AOI2|AOI2NAME,3f115f9e562c89a9eab78a2026630ec24a740282d0a97589b1257919dcd5d65e
2024,crashrf,51817,14,8859801,CASENUM|PSU|PSU_VAR|PSUSTRAT|REGION|REGIONNAME|URBANICITY|URBANICITYNAME|STRATUM|STRATUMNAME|PJ|WEIGHT|CRASHRF|CRASHRFNAME,02ba9c4f690fcff27b5a131095b1d84dcb4c2c32a9b5eb30bf9183d34fcd55f0
2024,damage,191085,15,33199508,CASENUM|VEH_NO|PSU|PSU_VAR|PSUSTRAT|REGION|REGIONNAME|URBANICITY|URBANICITYNAME|STRATUM|STRATUMNAME|PJ|WEIGHT|DAMAGE|DAMAGENAME,cf4c6d91f55d76449db56ab23603da59f078910dd0833faa4f237f221f2f1573
2024,distract,90696,15,16093067,CASENUM|VEH_NO|PSU|PSU_VAR|PSUSTRAT|REGION|REGIONNAME|URBANICITY|URBANICITYNAME|STRATUM|STRATUMNAME|PJ|WEIGHT|DRDISTRACT|DRDISTRACTNAME,80e5a73cc23993b09617c28d1cf7f197dff4dd853a29e9a3059826edc12fd7bf
2024,drimpair,90761,15,16422718,CASENUM|VEH_NO|PSU|PSU_VAR|PSUSTRAT|REGION|REGIONNAME|URBANICITY|URBANICITYNAME|STRATUM|STRATUMNAME|PJ|WEIGHT|DRIMPAIR|DRIMPAIRNAME,a3016403a4b3084663ef07bbb23f0895ee34ff0b85c5b4aad2ce614ceaa38dd2
2024,driverrf,92041,15,16495353,CASENUM|VEH_NO|PSU|PSU_VAR|PSUSTRAT|REGION|REGIONNAME|URBANICITY|URBANICITYNAME|STRATUM|STRATUMNAME|PJ|WEIGHT|DRIVERRF|DRIVERRFNAME,1517a17c234d50345352705471461a162a8c630b5d540e46df31348ce71cf202
2024,factor,90708,15,15564749,CASENUM|VEH_NO|PSU|PSU_VAR|PSUSTRAT|REGION|REGIONNAME|URBANICITY|URBANICITYNAME|STRATUM|STRATUMNAME|PJ|WEIGHT|VEHICLECC|VEHICLECCNAME,1ea0142442804840dc14e8f0bf7aa10a532fa177dd760cd6a824b280ce085a40
2024,maneuver,90643,15,16300514,CASENUM|VEH_NO|PSU|PSU_VAR|PSUSTRAT|REGION|REGIONNAME|URBANICITY|URBANICITYNAME|STRATUM|STRATUMNAME|PJ|WEIGHT|MANEUVER|MANEUVERNAME,9d668ac155ee43e2189bfa1b1330674686301e4e4bbf53e126bdd154445ed12c
2024,nmcrash,7469,16,1470130,CASENUM|VEH_NO|PER_NO|PSU|PSU_VAR|PSUSTRAT|REGION|REGIONNAME|URBANICITY|URBANICITYNAME|STRATUM|STRATUMNAME|PJ|WEIGHT|NMCC|NMCCNAME,a4f07b445140fe4c5c5644f9e88e977863e5e760e13c992ef17044f682f0ee53
2024,nmdistract,5250,16,960228,CASENUM|VEH_NO|PER_NO|PSU|PSU_VAR|PSUSTRAT|REGION|REGIONNAME|URBANICITY|URBANICITYNAME|STRATUM|STRATUMNAME|PJ|WEIGHT|NMDISTRACT|NMDISTRACTNAME,cdd35e1ce72106088f3a6a3450a8f1ea4370832c462d2a2bf18e36adc92a97ec
2024,nmimpair,5256,16,974690,CASENUM|VEH_NO|PER_NO|PSU|PSU_VAR|PSUSTRAT|REGION|REGIONNAME|URBANICITY|URBANICITYNAME|STRATUM|STRATUMNAME|PJ|WEIGHT|NMIMPAIR|NMIMPAIRNAME,45eaf0c7b06acd97d3b913d7ca8ad021487c6b67ba83c1f15a88684ee9ce751c
2024,nmprior,5355,16,1046532,CASENUM|VEH_NO|PER_NO|PSU|PSU_VAR|PSUSTRAT|REGION|REGIONNAME|URBANICITY|URBANICITYNAME|STRATUM|STRATUMNAME|PJ|WEIGHT|NMACTION|NMACTIONNAME,aaf99d7668c80ab38e24c4ac14937ab385529d43ccb0f74c4959c44b893dc8ef
2024,parkwork,2554,105,3016706,CASENUM|VEH_NO|PSU|PSU_VAR|PSUSTRAT|REGION|REGIONNAME|URBANICITY|URBANICITYNAME|STRATUM|STRATUMNAME|PJ|WEIGHT|PVE_FORMS|PMONTH|PMONTHNAME|PHOUR|PHOURNAME|PMINUTE|PMINUTENAME|PHARM_EV|PHARM_EVNAME|PMAN_COLL|PMAN_COLLNAME|PNUMOCCS|PNUMOCCSNAME|PTYPE|PTYPENAME|PHIT_RUN|PHIT_RUNNAME|PVIN|PVINNAME|PMODYEAR|PMODYEARNAME|PVPICMAKE|PVPICMAKENAME|PVPICMODEL|PVPICMODELNAME|PVPICBODYCLASS|PVPICBODYCLASSNAME|PMAKE|PMAKENAME|PMODEL|PBODYTYP|PBODYTYPNAME|PICFINALBODY|PICFINALBODYNAME|PGVWR_FROM|PGVWR_FROMNAME|PGVWR_TO|PGVWR_TONAME|PTRAILER|PTRAILERNAME|PTRLR1VIN|PTRLR1VINNAME|PTRLR2VIN|PTRLR2VINNAME|PTRLR3VIN|PTRLR3VINNAME|PTRLR1GVWR|PTRLR1GVWRNAME|PTRLR2GVWR|PTRLR2GVWRNAME|PTRLR3GVWR|PTRLR3GVWRNAME|PMCARR_ID|PMCARR_IDNAME|PMCARR_I1|PMCARR_I1NAME|PMCARR_I2|PMCARR_I2NAME|PV_CONFIG|PV_CONFIGNAME|PCARGTYP|PCARGTYPNAME|PHAZ_INV|PHAZ_INVNAME|PHAZPLAC|PHAZPLACNAME|PHAZ_ID|PHAZ_IDNAME|PHAZ_CNO|PHAZ_CNONAME|PHAZ_REL|PHAZ_RELNAME|PBUS_USE|PBUS_USENAME|PSP_USE|PSP_USENAME|PEM_USE|PEM_USENAME|PUNDEROVERRIDE|PUNDEROVERRIDENAME|PIMPACT1|PIMPACT1NAME|PVEH_SEV|PVEH_SEVNAME|PTOWED|PTOWEDNAME|PM_HARM|PM_HARMNAME|PFIRE|PFIRENAME|PMAK_MOD|PMAK_MODNAME,e328360e6651fd60537efe7a7a316492e50a0e5051ccb0d1b94fb34af4c9c138
2024,pbtype,5211,54,2993241,CASENUM|VEH_NO|PER_NO|PSU|PSU_VAR|PSUSTRAT|REGION|REGIONNAME|URBANICITY|URBANICITYNAME|STRATUM|STRATUMNAME|PJ|WEIGHT|PBAGE|PBAGENAME|PBSEX|PBSEXNAME|PBPTYPE|PBPTYPENAME|PBCWALK|PBCWALKNAME|PBSWALK|PBSWALKNAME|PBSZONE|PBSZONENAME|PEDCTYPE|PEDCTYPENAME|BIKECTYPE|BIKECTYPENAME|PEDLOC|PEDLOCNAME|BIKELOC|BIKELOCNAME|PEDPOS|PEDPOSNAME|BIKEPOS|BIKEPOSNAME|PEDDIR|PEDDIRNAME|BIKEDIR|BIKEDIRNAME|MOTDIR|MOTDIRNAME|MOTMAN|MOTMANNAME|PEDLEG|PEDLEGNAME|PEDSNR|PEDSNRNAME|PEDCGP|PEDCGPNAME|BIKECGP|BIKECGPNAME,15d27c52d0817c5a8544f95eb7082787ac39d4e99d3fd35b218e4c9b0146c7f4
2024,person,126159,112,152458527,CASENUM|VE_FORMS|VEH_NO|PER_NO|PSU|PSU_VAR|PSUSTRAT|REGION|REGIONNAME|URBANICITY|URBANICITYNAME|STRATUM|STRATUMNAME|PJ|WEIGHT|MONTH|MONTHNAME|HOUR|HOURNAME|MINUTE|MINUTENAME|HARM_EV|HARM_EVNAME|MAN_COLL|MAN_COLLNAME|SCH_BUS|SCH_BUSNAME|MOD_YEAR|MOD_YEARNAME|VPICMAKE|VPICMAKENAME|VPICMODEL|VPICMODELNAME|VPICBODYCLASS|VPICBODYCLASSNAME|MAKE|MAKENAME|BODY_TYP|BODY_TYPNAME|ICFINALBODY|ICFINALBODYNAME|GVWR_FROM|GVWR_FROMNAME|GVWR_TO|GVWR_TONAME|TOW_VEH|TOW_VEHNAME|AGE|AGENAME|AGE_IM|AGE_IMNAME|SEX|SEXNAME|SEX_IM|SEX_IMNAME|PER_TYP|PER_TYPNAME|DEVTYPE|DEVTYPENAME|DEVMOTOR|DEVMOTORNAME|INJ_SEV|INJ_SEVNAME|INJSEV_IM|INJSEV_IMNAME|SEAT_POS|SEAT_POSNAME|SEAT_IM|SEAT_IMNAME|REST_USE|REST_USENAME|REST_MIS|REST_MISNAME|HELM_USE|HELM_USENAME|HELM_MIS|HELM_MISNAME|AIR_BAG|AIR_BAGNAME|EJECTION|EJECTIONNAME|EJECT_IM|EJECT_IMNAME|DRINKING|DRINKINGNAME|PERALCH_IM|PERALCH_IMNAME|ALC_STATUS|ALC_STATUSNAME|ATST_TYP|ATST_TYPNAME|ALC_RES|ALC_RESNAME|DRUGS|DRUGSNAME|HOSPITAL|HOSPITALNAME|STR_VEH|LOCATION|LOCATIONNAME|SPEC_USE|SPEC_USENAME|EMER_USE|EMER_USENAME|ROLLOVER|ROLLOVERNAME|IMPACT1|IMPACT1NAME|FIRE_EXP|FIRE_EXPNAME|MAK_MOD|MAK_MODNAME,7d192cf650f5a92e7a8c7cac86aa8c2afa9371ae637da69303055172a8613c2c
2024,personrf,126167,16,21897433,CASENUM|VEH_NO|PER_NO|PSU|PSU_VAR|PSUSTRAT|REGION|REGIONNAME|URBANICITY|URBANICITYNAME|STRATUM|STRATUMNAME|PJ|WEIGHT|PERSONRF|PERSONRFNAME,687ae3126e0ae6074d3542abb0fa62fdfe83f9080b109c5d90190b66dbc7466d
2024,pvehiclesf,2554,15,416826,CASENUM|VEH_NO|PSU|PSU_VAR|PSUSTRAT|REGION|REGIONNAME|URBANICITY|URBANICITYNAME|STRATUM|STRATUMNAME|PJ|WEIGHT|PVEHICLESF|PVEHICLESFNAME,c99fd03a97f1dd44def53518a46709be34ba69184e09a834414314ea8537e1b4
2024,safetyeq,5249,26,1219833,CASENUM|VEH_NO|PER_NO|PSU|PSU_VAR|PSUSTRAT|REGION|REGIONNAME|URBANICITY|URBANICITYNAME|STRATUM|STRATUMNAME|PJ|WEIGHT|NMHELMET|NMHELMETNAME|NMPROPAD|NMPROPADNAME|NMOTHPRO|NMOTHPRONAME|NMREFCLO|NMREFCLONAME|NMLIGHT|NMLIGHTNAME|NMOTHPRE|NMOTHPRENAME,56af89ef95cf0847358a8247b1454f2faaf0b051dd864411966475dc2568a92d
2024,vehicle,90641,167,164415942,CASENUM|VEH_NO|PSU|PSU_VAR|PSUSTRAT|REGION|REGIONNAME|URBANICITY|URBANICITYNAME|STRATUM|STRATUMNAME|PJ|WEIGHT|VE_FORMS|MONTH|MONTHNAME|HOUR|HOURNAME|MINUTE|MINUTENAME|HARM_EV|HARM_EVNAME|MAN_COLL|MAN_COLLNAME|NUMOCCS|NUMOCCSNAME|UNITTYPE|UNITTYPENAME|HIT_RUN|HIT_RUNNAME|VIN|VINNAME|MOD_YEAR|MOD_YEARNAME|MDLYR_IM|MDLYR_IMNAME|VPICMAKE|VPICMAKENAME|VPICMODEL|VPICMODELNAME|VPICBODYCLASS|VPICBODYCLASSNAME|MAKE|MAKENAME|MODEL|BODY_TYP|BODY_TYPNAME|ICFINALBODY|ICFINALBODYNAME|GVWR_FROM|GVWR_FROMNAME|GVWR_TO|GVWR_TONAME|TOW_VEH|TOW_VEHNAME|TRLR1VIN|TRLR1VINNAME|TRLR2VIN|TRLR2VINNAME|TRLR3VIN|TRLR3VINNAME|TRLR1GVWR|TRLR1GVWRNAME|TRLR2GVWR|TRLR2GVWRNAME|TRLR3GVWR|TRLR3GVWRNAME|J_KNIFE|J_KNIFENAME|MCARR_ID|MCARR_IDNAME|MCARR_I1|MCARR_I1NAME|MCARR_I2|MCARR_I2NAME|V_CONFIG|V_CONFIGNAME|CARGO_BT|CARGO_BTNAME|HAZ_INV|HAZ_INVNAME|HAZ_PLAC|HAZ_PLACNAME|HAZ_ID|HAZ_IDNAME|HAZ_CNO|HAZ_CNONAME|HAZ_REL|HAZ_RELNAME|BUS_USE|BUS_USENAME|SPEC_USE|SPEC_USENAME|EMER_USE|EMER_USENAME|TRAV_SP|TRAV_SPNAME|UNDEROVERRIDE|UNDEROVERRIDENAME|ROLLOVER|ROLLOVERNAME|ROLINLOC|ROLINLOCNAME|IMPACT1|IMPACT1NAME|IMPACT1_IM|IMPACT1_IMNAME|DEFORMED|DEFORMEDNAME|TOWED|TOWEDNAME|M_HARM|M_HARMNAME|VEVENT_IM|VEVENT_IMNAME|FIRE_EXP|FIRE_EXPNAME|DR_PRES|DR_PRESNAME|MAX_VSEV|MAX_VSEVNAME|MXVSEV_IM|MXVSEV_IMNAME|NUM_INJV|NUM_INJVNAME|NUMINJ_IM|NUMINJ_IMNAME|VEH_ALCH|VEH_ALCHNAME|V_ALCH_IM|V_ALCH_IMNAME|MAK_MOD|MAK_MODNAME|DR_ZIP|DR_ZIPNAME|SPEEDREL|SPEEDRELNAME|VTRAFWAY|VTRAFWAYNAME|VNUM_LAN|VNUM_LANNAME|VSPD_LIM|VSPD_LIMNAME|VALIGN|VALIGNNAME|VPROFILE|VPROFILENAME|VSURCOND|VSURCONDNAME|VTRAFCON|VTRAFCONNAME|VTCONT_F|VTCONT_FNAME|P_CRASH1|P_CRASH1NAME|PCRASH1_IM|PCRASH1_IMNAME|P_CRASH2|P_CRASH2NAME|P_CRASH3|P_CRASH3NAME|PCRASH4|PCRASH4NAME|PCRASH5|PCRASH5NAME|ACC_TYPE|ACC_TYPENAME,973a5be535dc6fce98056397b0d6e00943fb307dce16bdebe6ef779651b4140b
2024,vehiclesf,90641,15,15528659,CASENUM|VEH_NO|PSU|PSU_VAR|PSUSTRAT|REGION|REGIONNAME|URBANICITY|URBANICITYNAME|STRATUM|STRATUMNAME|PJ|WEIGHT|VEHICLESF|VEHICLESFNAME,5413f007d2cdf7d8248a99993525816874cbf95003667cb05e39795f92238646
2024,vevent,125797,24,30034486,CASENUM|EVENTNUM|VEH_NO|PSU|PSU_VAR|PSUSTRAT|REGION|REGIONNAME|URBANICITY|URBANICITYNAME|STRATUM|STRATUMNAME|PJ|WEIGHT|VEVENTNUM|VNUMBER1|AOI1|AOI1NAME|SOE|SOENAME|VNumber2|VNumber2NAME|AOI2|AOI2NAME,b6ee23b85b914e886c32f59d41784d30c7f801756c7dae19dc94c643ee10a9a3
2024,violatn,97551,15,17142530,CASENUM|VEH_NO|PSU|PSU_VAR|PSUSTRAT|REGION|REGIONNAME|URBANICITY|URBANICITYNAME|STRATUM|STRATUMNAME|PJ|WEIGHT|VIOLATION|VIOLATIONNAME,3a59b4792e47ae0c398eeefd4438cf45942854084907e9daf998c7e280c1ea09
2024,vision,90668,15,16471126,CASENUM|VEH_NO|PSU|PSU_VAR|PSUSTRAT|REGION|REGIONNAME|URBANICITY|URBANICITYNAME|STRATUM|STRATUMNAME|PJ|WEIGHT|VISION|VISIONNAME,b836983e13448be4d38adf4774d0d3f968fc4a780ba64ece427c4ac74a8c390a
2024,vpicdecode,77959,202,67183737,CASENUM|VEH_NO|VEHICLEDESCRIPTOR|VINDECODEDON|VINDECODEERROR|VEHICLETYPEID|VEHICLETYPE|MANUFACTURERFULLNAMEID|MANUFACTURERFULLNAME|MAKEID|MAKE|MODELID|MODEL|MODELYEAR|SERIES|TRIM|SERIES2|TRIM2|PLANTCOUNTRYID|PLANTCOUNTRY|PLANTSTATE|PLANTCITY|PLANTCOMPANYNAME|DESTINATIONMARKETID|DESTINATIONMARKET|BASEPRICE|NONLANDUSEID|NONLANDUSE|NOTE|BODYCLASSID|BODYCLASS|DOORSCOUNT|WINDOWS|WHEELBASETYPEID|WHEELBASETYPE|TRACKWIDTHIN|GROSSVEHICLEWEIGHTRATINGFROMID|GROSSVEHICLEWEIGHTRATINGFROM|GROSSVEHICLEWEIGHTRATINGTOID|GROSSVEHICLEWEIGHTRATINGTO|GROSSCOMBWEIGHTRATINGFROMID|GROSSCOMBWEIGHTRATINGFROM|GROSSCOMBWEIGHTRATINGTOID|GROSSCOMBWEIGHTRATINGTO|CURBWEIGHTLB|WHEELBASEIN_FROM|WHEELBASEIN_TO|WHEELSCOUNT|WHEELSIZEFRONTIN|WHEELSIZEREARIN|TRUCKBODYCABTYPEID|TRUCKBODYCABTYPE|TRUCKBEDTYPEID|TRUCKBEDTYPE|TRUCKBEDLENGTHIN|BUSTYPEID|BUSTYPE|BUSFLOORCONFIGURATIONTYPEID|BUSFLOORCONFIGURATIONTYPE|BUSLENGTHFT|OTHERBUSINFO|CUSTOMMOTORCYCLETYPEID|CUSTOMMOTORCYCLETYPE|MOTORCYCLESUSPENSIONTYPEID|MOTORCYCLESUSPENSIONTYPE|MOTORCYCLECHASSISTYPEID|MOTORCYCLECHASSISTYPE|OTHERMOTORCYCLEINFO|STEERINGLOCATIONID|STEERINGLOCATION|ENTERTAINMENTSYSTEMID|ENTERTAINMENTSYSTEM|SEATSCOUNT|SEATROWSCOUNT|TRANSMISSIONSPEEDS|TRANSMISSIONSTYLEID|TRANSMISSIONSTYLE|DRIVETYPEID|DRIVETYPE|AXLESCOUNT|AXLECONFIGURATIONID|AXLECONFIGURATION|BRAKESYSTEMTYPEID|BRAKESYSTEMTYPE|BRAKESYSTEMDESC|EVDRIVEUNITID|EVDRIVEUNIT|BATTERYKWH_FROM|BATTERYKWH_TO|BATTERYV_FROM|BATTERYV_TO|BATTERYA_FROM|BATTERYA_TO|BATTERYPACKSPERVEHICLE|BATTERYMODULESPERPACK|BATTERYCELLSPERMODULE|BATTERYTYPEID|BATTERYTYPE|OTHERBATTERYINFO|CHARGERLEVELID|CHARGERLEVEL|CHARGERPOWERKW|ENGINEMANUFACTURER|ENGINEMODEL|ENGINECONFIGURATIONID|ENGINECONFIGURATION|ENGINEPOWERKW|ENGINESTROKECYCLES|ENGINECYLINDERSCOUNT|ENGINEBRAKEHP_FROM|ENGINEBRAKEHP_TO|ENGINECOOLINGTYPEID|ENGINECOOLINGTYPE|DISPLACEMENTCI|DISPLACEMENTCC|DISPLACEMENTL|FUELTYPEPRIMARYID|FUELTYPEPRIMARY|FUELTYPESECONDARYID|FUELTYPESECONDARY|FUELDELIVERYINJECTIONTYPEID|FUELDELIVERYINJECTIONTYPE|ENGINEVALVETRAINDESIGNID|ENGINEVALVETRAINDESIGN|ENGINEELECTRIFICATIONLEVELID|ENGINEELECTRIFICATIONLEVEL|ENGINETURBOID|ENGINETURBO|TOPSPEEDMPH|OTHERENGINEINFO|SEATBELTTYPEID|SEATBELTTYPE|PRETENSIONERID|PRETENSIONER|AIRBAGLOCFRONTID|AIRBAGLOCFRONT|AIRBAGLOCKNEEID|AIRBAGLOCKNEE|AIRBAGLOCSIDEID|AIRBAGLOCSIDE|AIRBAGLOCCURTAINID|AIRBAGLOCCURTAIN|AIRBAGLOCSEATCUSHIONID|AIRBAGLOCSEATCUSHION|OTHERRESTRAINTSYSTEMINFO|FORWARDCOLLISIONWARNINGID|FORWARDCOLLISIONWARNING|DYNAMICBRAKESUPPORTID|DYNAMICBRAKESUPPORT|CRASHIMMINENTBRAKINGID|CRASHIMMINENTBRAKING|PEDESTRIANAUTOEMERGENCYBRAKINGID|PEDESTRIANAUTOEMERGENCYBRAKING|BLINDSPOTWARNINGID|BLINDSPOTWARNING|BLINDSPOTINTERVENTIONID|BLINDSPOTINTERVENTION|LANEDEPARTUREWARNINGID|LANEDEPARTUREWARNING|LANEKEEPINGASSISTANCEID|LANEKEEPINGASSISTANCE|LANECENTERINGASSISTANCEID|LANECENTERINGASSISTANCE|BACKUPCAMERAID|BACKUPCAMERA|REARCROSSTRAFFICALERTID|REARCROSSTRAFFICALERT|REARAUTOMATICEMERGENCYBRAKINGID|REARAUTOMATICEMERGENCYBRAKING|PARKASSISTID|PARKASSIST|DAYTIMERUNNINGLIGHTID|DAYTIMERUNNINGLIGHT|HEADLAMPLIGHTSOURCEID|HEADLAMPLIGHTSOURCE|SEMIAUTOHEADLAMPBEAMSWITCHINGID|SEMIAUTOHEADLAMPBEAMSWITCHING|ADAPTIVEDRIVINGBEAMID|ADAPTIVEDRIVINGBEAM|ADAPTIVECRUISECONTROLID|ADAPTIVECRUISECONTROL|ANTILOCKBRAKESYSTEMID|ANTILOCKBRAKESYSTEM|ELECTRONICSTABILITYCONTROLID|ELECTRONICSTABILITYCONTROL|TPMSID|TPMS|AUTOMATICCRASHNOTIFICATIONID|AUTOMATICCRASHNOTIFICATION|EVENTDATARECORDERID|EVENTDATARECORDER|TRACTIONCONTROLID|TRACTIONCONTROL|AUTOPEDESTRIANALERTINGSOUNDID|AUTOPEDESTRIANALERTINGSOUND|KEYLESSIGNITIONID|KEYLESSIGNITION|SAEAUTOMATIONLEVEL_FROM|SAEAUTOMATIONLEVEL_TO|AUTOREVERSESYSTEMID|AUTOREVERSESYSTEM|ACTIVESAFETYSYSNOTE,12598293cfd6514a6f9f5a84715cac607ffdb19ff1fe3b21f36225701f81e49f
2024,vpictrailerdecode,628,40,185561,CASENUM|VEH_NO|TRAILER_NO|VEHICLEDESCRIPTOR|VINDECODEDON|VINDECODEERROR|VEHICLETYPEID|VEHICLETYPE|MANUFACTURERFULLNAMEID|MANUFACTURERFULLNAME|MAKEID|MAKE|MODELID|MODEL|MODELYEAR|SERIES|TRIM|PLANTCOUNTRYID|PLANTCOUNTRY|PLANTSTATE|PLANTCITY|PLANTCOMPANYNAME|NONLANDUSEID|NONLANDUSE|NOTE|BODYCLASSID|BODYCLASS|GROSSVEHICLEWEIGHTRATINGFROMID|GROSSVEHICLEWEIGHTRATINGFROM|GROSSVEHICLEWEIGHTRATINGTOID|GROSSVEHICLEWEIGHTRATINGTO|TRAILERBODYTYPEID|TRAILERBODYTYPE|TRAILERTYPECONNECTIONID|TRAILERTYPECONNECTION|TRAILERLENGTHFT|OTHERTRAILERINFO|AXLESCOUNT|AXLECONFIGURATIONID|AXLECONFIGURATION,d2227f84949d748af4467d4ca5f7ab2e6b66188254d968bf56ceb353667e7534
2024,vsoe,125797,18,25796593,CASENUM|VEH_NO|PSU|PSU_VAR|PSUSTRAT|REGION|REGIONNAME|URBANICITY|URBANICITYNAME|STRATUM|STRATUMNAME|PJ|WEIGHT|VEVENTNUM|SOE|SOENAME|AOI|AOINAME,14d18cdd9a7e3959131e6e301a54af8c9330707f027dcdebb2774a14f3a80249
2024,weather,52032,14,8544451,CASENUM|PSU|PSU_VAR|PSUSTRAT|REGION|REGIONNAME|URBANICITY|URBANICITYNAME|STRATUM|STRATUMNAME|PJ|WEIGHT|WEATHER|WEATHERNAME,920a7bf5cd662817db9d9fea9fc0537f5e015d785f3b31f4e34b3ed35bde02b9
