year,complaints,serious_rate,crash_rate,fire_rate,injury_rate
1995,23631,0.2092590241631755,0.1522153103973594,0.04676061106174093,0.09339427023824637
1996,22226,0.2578061729505984,0.1441105012147935,0.10082785926392514,0.08719517681994061
1997,21668,0.17583533321026398,0.10960863946834042,0.04725863023813919,0.07171866346686358
1998,23503,0.14976811470876059,0.08245755860953921,0.040760753946304726,0.06475769050759478
1999,37493,0.13085109220387806,0.0841490411543488,0.03336622836262769,0.048942469260928705
2000,44646,0.1305828069703893,0.09122877749406441,0.024481476504054113,0.059087040272364826
2001,39560,0.14138018200202224,0.09797775530839231,0.029448938321536906,0.060743174924165824
2002,38234,0.1429617617827065,0.09211696395878015,0.034995030601035725,0.06062666736412617
2003,43798,0.11687748299009088,0.07977533220695009,0.02678204484223024,0.048449700899584454
2004,47925,0.11735002608242046,0.07906103286384976,0.026103286384976526,0.05433489827856025
2005,39378,0.1478744476611306,0.08004469500736452,0.0535070343846818,0.06056681395703185
2006,30032,0.11724160895045285,0.07115743207245605,0.03026771443793287,0.0585042621204049
2007,32475,0.1151039260969977,0.060538876058506545,0.04024634334103156,0.05046959199384141
2008,36972,0.10745969923185113,0.05542031807854593,0.037785351076490316,0.04811749432002597
2009,37784,0.08789434681346601,0.047242218928647044,0.03099195426635613,0.035914672877408425
2010,65149,0.10337840949208738,0.07530430244516416,0.0219036362799122,0.03756005464396998
2011,48986,0.07594006450822684,0.043747193075572614,0.024476381006818274,0.028130486261380802
2012,41505,0.08895313817612335,0.05107818335140345,0.030165040356583545,0.03312853873027346
2013,50045,0.07759016884803677,0.04833649715256269,0.021101009091817363,0.030052952342891397
2014,76997,0.08875670480668078,0.06308037975505539,0.01941634089639856,0.03824824343805603
2015,74692,0.08413216944251058,0.05615059176350881,0.02151502168906978,0.03727306806619183
2016,70868,0.07718575379578936,0.051631201670711745,0.020051363097589887,0.03365411751425185
2017,67698,0.07521640225708293,0.0498833052675116,0.019911961948654317,0.032467724305001625
2018,64711,0.0812072136112871,0.05034692710667429,0.024060824280261472,0.03269923196983511
2019,74351,0.06867426127422631,0.04400747804333499,0.01822436819948622,0.02914553940094955
2020,58008,0.06718038891187422,0.04225279271824576,0.019169769686939734,0.027461729416632188
2021,48613,0.07168864295558801,0.043218892065908295,0.022524839034826074,0.028305185855635323
2022,52728,0.06563874981034744,0.041306326809285386,0.01799802761341223,0.02643756637839478
2023,61773,0.062486847004354654,0.03979084713386107,0.01557314684409046,0.02643549770935522
2024,65149,0.05122104713809882,0.03263288768822238,0.013154461311762268,0.019401679227616694
2025,72353,0.05261703039265822,0.03406907799261952,0.01277072132461681,0.020690227081116196
2026,57323,0.06449418209095825,0.04022818066046788,0.015630724142141898,0.026359401985241525
