,kendall_tau,p_value,share_2010,share_latest
SPEED CONTROL,-0.7352941176470588,6.6254254208949975e-06,0.11432255291715913,0.03553547441690072
STRUCTURE,-0.7352941176470588,6.6254254208949975e-06,0.06606394572441633,0.04701428745878618
LIGHTING,-0.6617647058823529,8.216178860308908e-05,0.04327004251792046,0.025522041763341066
SUSPENSION,-0.5735294117647058,0.0009013347020841902,0.05119034827856145,0.03143589833051306
TIRES,-0.5147058823529411,0.0033456623826434947,0.023008795223257456,0.0081817071681524
LATCHES/LOCKS,-0.49999999999999994,0.004507537046975066,0.026723357227279008,0.004797376271304712
EQUIPMENT,-0.4411764705882352,0.013367514323499561,0.022655758338577723,0.0032971058737330567
SEATS,-0.3529411764705882,0.05175324945907756,0.016776926737171714,0.017584564659909634
VISIBILITY,-0.338235294117647,0.06302241248726353,0.05281738783404197,0.03141845332589013
STEERING,-0.30882352941176466,0.09138624889203259,0.10733856237240787,0.07391448458733842
WHEELS,-0.2794117647058823,0.12878898834482916,0.008350089794164147,0.012159168222179578
AIR BAGS,-0.2352941176470588,0.20489900152579948,0.043131897650002304,0.03904192034610889
FUEL/PROPULSION,-0.16176470588235295,0.3927276123262421,0.09278730295169535,0.0946565950839977
SEAT BELTS,0.0588235294117647,0.7764940676883935,0.010529708821317287,0.01829980984944961
BRAKES,0.10294117647058822,0.5976439315443395,0.13593455003146634,0.08945798370636568
POWER TRAIN,0.2205882352941176,0.23617204064651248,0.13223533745721347,0.18247474835580832
ELECTRICAL,0.49999999999999994,0.004507537046975066,0.11123731753365362,0.21469567189435304
ENGINE,0.764705882352941,2.0270077800034225e-06,0.09782191591582373,0.2578197233222267
DRIVER ASSISTANCE,0.8676470588235293,9.575975226992579e-09,0.018388616862883542,0.10535038291785147
