field,target,cramers_v,p_value
EVENT1_IM,y_injury,0.34401391917156193,0.0
MANCOL_IM,y_injury,0.26370211433977897,0.0
REGION,y_injury,0.10513881603748083,0.0
RELJCT2_IM,y_injury,0.10172585070303013,0.0
REL_ROAD,y_injury,0.10078475142431657,0.0
ALCHL_IM,y_injury,0.09091364113525555,2.0845983125250806e-289
TYP_INT,y_injury,0.072612528832786,7.149028041202616e-179
LGTCON_IM,y_injury,0.06081501578159222,1.6220709548057772e-124
HOUR_IM,y_injury,0.05999468488578392,1.7051799434983375e-115
MONTH,y_injury,0.05863194408334224,7.692016570864214e-111
WEATHR_IM,y_injury,0.058075284381001194,2.5275970305759514e-114
WKDY_IM,y_injury,0.05069605084978977,1.2006824316171909e-85
URBANICITY,y_injury,0.03965298937994309,1.2529981884731168e-56
INT_HWY,y_injury,0.033316463765338374,2.847033203663037e-39
SCH_BUS,y_injury,0.027730210589837205,1.4137263129704016e-28
RELJCT1_IM,y_injury,0.019543266833907637,5.480957288998967e-15
WRK_ZONE,y_injury,0.013830688229896177,1.0365565105746555e-06
EVENT1_IM,y_serious,0.2161924661449874,0.0
MANCOL_IM,y_serious,0.21476817564814502,0.0
ALCHL_IM,y_serious,0.15664207950093784,0.0
REL_ROAD,y_serious,0.15512579898132517,0.0
LGTCON_IM,y_serious,0.1225120487176018,0.0
RELJCT2_IM,y_serious,0.11102737747753962,0.0
HOUR_IM,y_serious,0.110676528532725,0.0
WKDY_IM,y_serious,0.0695132770450634,3.138293966093434e-163
TYP_INT,y_serious,0.0687781578076784,9.991782602106542e-160
REGION,y_serious,0.0520461054156935,2.4670296037510648e-93
MONTH,y_serious,0.039733866720901984,1.150102402063927e-47
WEATHR_IM,y_serious,0.03171694658092655,7.869111035250289e-33
URBANICITY,y_serious,0.01984463442185651,2.2661164006883834e-15
SCH_BUS,y_serious,0.012796027327447215,3.210293921658213e-07
WRK_ZONE,y_serious,0.011753234769758607,6.413699230820407e-05
INT_HWY,y_serious,0.011519345044824256,2.533021627091151e-05
RELJCT1_IM,y_serious,0.01061362042569093,2.244955932998997e-05
