year,target,sample_rate,weighted_national_rate,weighted_crashes_millions
2020,y_injury,0.5493408803157817,0.29012808523199385,5.070549788716285
2020,y_serious,0.14300922640170333,0.03199929302228287,5.058751917559807
2021,y_injury,0.532315607631065,0.2832041772699598,5.909701071141041
2021,y_serious,0.1312450585444825,0.031226890699668827,5.899822532108851
2022,y_injury,0.5097628219654052,0.27866139029355685,5.743314075326678
2022,y_serious,0.1337697721940513,0.031228164184756844,5.734826041181186
2023,y_injury,0.5147866411747956,0.27292288014611993,5.94879483083772
2023,y_serious,0.13503047102704685,0.03008451312100994,5.94030476430385
2024,y_injury,0.5129674484551309,0.27112740296611737,6.004536429345889
2024,y_serious,0.129999605164449,0.03017242852320513,5.995899367047556
