year,ENGINE,POWER TRAIN,ELECTRICAL,BRAKES,STEERING,SUSPENSION,AIR BAGS,SEAT BELTS,SEATS,STRUCTURE,LATCHES/LOCKS,SPEED CONTROL,TIRES,WHEELS,LIGHTING,FUEL/PROPULSION,VISIBILITY,DRIVER ASSISTANCE,EQUIPMENT
2010,0.09782191591582373,0.13223533745721347,0.11123731753365362,0.13593455003146634,0.10733856237240787,0.05119034827856145,0.043131897650002304,0.010529708821317287,0.016776926737171714,0.06606394572441633,0.026723357227279008,0.11432255291715913,0.023008795223257456,0.008350089794164147,0.04327004251792046,0.09278730295169535,0.05281738783404197,0.018388616862883542,0.022655758338577723
2011,0.12158575919650512,0.14912423957865512,0.1299554974890785,0.08622871840934145,0.09112807740987221,0.061364471481647816,0.05264769525987017,0.012003429551300371,0.018617564202016903,0.07479688074143633,0.02698730249459029,0.06201771934838525,0.024884660923529173,0.01204425754297146,0.05038174172212469,0.12650553219287144,0.04950393990119626,0.01359572122647287,0.01796431633527947
2012,0.16031803397181063,0.16137814721117938,0.14431996145042766,0.11189013371882905,0.10357788218286954,0.057776171545596916,0.06591976870256595,0.014937959282014215,0.021515480062643054,0.08533911576918443,0.015612576797976148,0.08500180701120347,0.021900975786049874,0.021322732200939647,0.05201782917720756,0.11405854716299241,0.04878930249367546,0.017202746657029273,0.010601132393687507
2013,0.19760215805774803,0.17999800179838146,0.15078429413527825,0.1074233190128884,0.11082026176441202,0.04987511239884104,0.07391347786991707,0.01652512738535318,0.01728444400039964,0.08782096113497852,0.016505145369167747,0.10914177240483565,0.019182735538015784,0.02134079328604256,0.05574982515735838,0.12306923768608252,0.03842541712458787,0.024118293535817764,0.009171745429113797
2014,0.1678117329246594,0.1293167266257127,0.2237489772328792,0.11222515162928426,0.1421613829110225,0.04670311830331052,0.11180955102146838,0.017468213047261583,0.016727924464589528,0.10566645453718976,0.012636855981401874,0.06767796147901867,0.01748120056625583,0.02032546722599582,0.04761224463290777,0.09860124420431965,0.03652090341182124,0.028637479382313598,0.011286154006000233
2015,0.1491458255234831,0.11243506667380711,0.2456621860440208,0.07924543458469448,0.10442885449579607,0.04859958228458202,0.17173191238686875,0.015865152894553633,0.013923847266106142,0.07427836983880469,0.006024741605526697,0.04774273014512933,0.011969153322979703,0.01898463021474857,0.042789053713918494,0.07698280940395223,0.031194773201949338,0.02712472553954908,0.00884967600278477
2016,0.13554777896935147,0.11597618106902975,0.15071682564768302,0.07547835412315855,0.08889766890557092,0.039891065078737936,0.2581983405768471,0.01656601004684766,0.013292318112547271,0.0715979003217249,0.007760907602867303,0.04183834735000282,0.007577467968617712,0.01744087599480725,0.040201501382852625,0.062087260822938424,0.02758649884291923,0.03493819495399898,0.00268104080826325
2017,0.13734526869331443,0.0964134834116222,0.13399214156991343,0.07190758958905728,0.08812668025643298,0.03644125380365742,0.2974977104198056,0.024520665307690034,0.013043221365476084,0.06496499158025348,0.00580519365416999,0.03675145499128482,0.004963219002038465,0.016632692250878902,0.03542202133002452,0.06397530207687081,0.02657390174008095,0.03545156430027475,0.001816892670389081
2018,0.17779048384355056,0.12076772109842221,0.14938727573364652,0.08703311647169724,0.11373645902551344,0.03928234766886619,0.17199548762961475,0.01917757413731823,0.0160869094898858,0.06346679853502496,0.004589637001437159,0.044474664276552674,0.0055631963653783745,0.020444746642765528,0.04682356940860132,0.0779002024385344,0.03260651203041214,0.045077343882802,0.0026270649503175657
2019,0.20338663904991192,0.1502333526112628,0.15780554397385374,0.08942717650065231,0.1286062056999906,0.047665801401460636,0.10736910061734206,0.01584376807305887,0.015050234697583086,0.057968285564417424,0.003295180965958763,0.04410162607093381,0.004411507578916222,0.021828892684698255,0.04918561956127019,0.07638094981910129,0.03570900189641027,0.04894352463315894,0.0016005164691799707
2020,0.19654185629568335,0.13694662805130328,0.1795614398014067,0.0894359398703627,0.11831126741139153,0.050372362432767895,0.08743621569438698,0.015204799338022343,0.020479933802234174,0.06331885257205902,0.004706247414149773,0.04292511377741001,0.003620190318576748,0.020342021790097916,0.044545579920011034,0.08769480071714246,0.049303544338711904,0.051441180526823886,0.002327265204799338
2021,0.20893588134861046,0.12877213913973629,0.18250262275523008,0.09193014214304815,0.1024623043218892,0.05253738711867196,0.07236747372102112,0.012280665665562709,0.01684734536029457,0.05798860387139242,0.009318495052763665,0.03717112706477691,0.00938020694053031,0.017423322979449943,0.038569929854154236,0.07685187089873079,0.04838212000905108,0.048011848682451196,0.004587250323987411
2022,0.22041420118343194,0.13766879077529964,0.16588909118494918,0.10827264451524807,0.09237976027916857,0.043126991351843426,0.05727507206797148,0.014470490062206038,0.011511910180549234,0.04538385677438932,0.007737824305871643,0.04090805644060082,0.009824002427552724,0.015589440145653163,0.032468517675618265,0.0715748748293127,0.04549764830829919,0.1036071916249431,0.006334395387649826
2023,0.2357178702669451,0.13734155699091835,0.17520599614718405,0.11388470691078627,0.10324899227817978,0.034011623201074904,0.05787318083952536,0.014957991355446554,0.011882213912227024,0.05640004532724653,0.007203794538066793,0.04087546339015428,0.009065449306331245,0.014100011331811633,0.03226328654913959,0.07882084405808362,0.044598772926683176,0.08675311220112347,0.006329626212099137
2024,0.2570722497659212,0.1415677907565734,0.17593516400865708,0.11231177761746151,0.09191238545488035,0.029808592610784508,0.053738353620163014,0.015134537751922516,0.011757663202812015,0.05504305515050116,0.006431411073078635,0.038051236396567864,0.007398425148505733,0.012156748376797802,0.03026907550384503,0.09168214400835009,0.031757970191407386,0.08391533254539593,0.0035610677063347097
2025,0.2824761931087861,0.1690600251544511,0.19672992135778752,0.09629179163268974,0.07773001810567634,0.028595911710640885,0.04208533163794176,0.014539825577377579,0.012204055118654375,0.051027600790568464,0.00624714939256147,0.03498127237294929,0.0063300761544096305,0.0106560888974887,0.023523558110928364,0.08486171962461819,0.028319489171147016,0.09819910715519743,0.0028195099028374775
2026,0.2578197233222267,0.18247474835580832,0.21469567189435304,0.08945798370636568,0.07391448458733842,0.03143589833051306,0.03904192034610889,0.01829980984944961,0.017584564659909634,0.04701428745878618,0.004797376271304712,0.03553547441690072,0.0081817071681524,0.012159168222179578,0.025522041763341066,0.0946565950839977,0.03141845332589013,0.10535038291785147,0.0032971058737330567
