mk,complaints,exposure,complaints_per_10k
RAM,10431,758817.7261298912,137.46384198482028
SUBARU,10840,836893.7761994927,129.52659355679137
KIA,16709,1688649.2541204342,98.94890818344162
JEEP,16870,1752162.8299833573,96.28100603047399
AUDI,2884,300058.3354802329,96.11464368701036
HYUNDAI,18949,2087918.3377383917,90.75546518033522
FORD,53406,6125930.9561360385,87.18021861886297
MERCEDESBENZ,6272,726259.3420048862,86.36033490028143
VOLKSWAGEN,6665,813822.3371025058,81.8974817492691
BMW,5698,699960.031875029,81.40464798734854
LINCOLN,1969,275769.3987760652,71.40023544087644
CHRYSLER,5299,761196.7485522715,69.61406508998135
ACURA,3138,485953.024909744,64.57414274934949
GMC,7920,1335723.769970242,59.293696631425874
CADILLAC,2552,435695.6790300434,58.5729930964963
HONDA,22130,4532253.978556592,48.82780202676957
DODGE,8577,1959723.423062026,43.76637998538906
MAZDA,3205,746911.445376561,42.910040003258686
CHEVROLET,24666,5837236.108935901,42.25629996744553
BUICK,2157,636881.7759935909,33.8681381899316
NISSAN,12327,3820122.5324588744,32.26859844222211
PONTIAC,731,236021.7898067925,30.971716662194485
INFINITI,1297,437590.6388191058,29.63957372351749
MITSUBISHI,962,343301.524997939,28.022013593029488
TOYOTA,15387,5988434.687121404,25.694527541714603
LEXUS,1715,761583.4862420413,22.518870629174202
FREIGHTLINER,166,525019.3134819827,3.1617884473443603
