component,complaints,serious_rate_if_component,serious_rate_otherwise,chi2_p,relative_risk
AIR BAGS,114780,0.18694894580937446,0.05998596407272618,0.0,3.116544823431029
SPEED CONTROL,55889,0.17071337830342287,0.06841195505798646,0.0,2.4953734790757696
SEAT BELTS,16757,0.16005251536671242,0.07245559818679703,0.0,2.2089737628565658
SEATS,16081,0.15540078353336234,0.07258510264110979,0.0,2.1409459776026893
BRAKES,101971,0.11716076139294505,0.06919865370956967,0.0,1.6931075261185693
STRUCTURE,69820,0.0954740761959324,0.0723136305215726,4.16042290256531e-113,1.320277733358313
EQUIPMENT,7095,0.09513742071881606,0.07370762577908405,7.0893217406417835e-12,1.2907405402523917
WHEELS,17358,0.08843184698698006,0.07360745207727235,1.452420971766633e-13,1.2013980173385872
DRIVER ASSISTANCE,54199,0.0837100315503976,0.07331627790318536,2.2153412091502944e-19,1.1417659753668519
ELECTRICAL,180739,0.0735480444176409,0.07391549166293193,0.5901741844549936,0.9950288195745669
ENGINE,198170,0.06253721552202654,0.07648171448874796,2.225743815042817e-101,0.8176753873793854
STEERING,108178,0.05632383663961249,0.07586359784083303,9.290436045192585e-120,0.7424356113162958
SUSPENSION,45505,0.05236787166245468,0.07482465458046396,1.0413921360645279e-71,0.6998745527938255
TIRES,11541,0.051122086474308985,0.0741046826655173,7.204882548447758e-21,0.6898631049411041
LIGHTING,42333,0.04140977488011716,0.07521395655036207,1.5878824044984389e-149,0.5505597202879473
FUEL/PROPULSION,90933,0.040392376804900314,0.07702163297278379,0.0,0.5244289850251979
POWER TRAIN,145574,0.03962246005468009,0.07935606792765429,0.0,0.4992996892285828
LATCHES/LOCKS,10170,0.031071779744346117,0.07427033020458713,1.4118482123447704e-61,0.41836059781550616
VISIBILITY,39760,0.031312877263581486,0.07552495131968405,1.3127344405362595e-239,0.41460307774366506
