mk,MOD_YEAR,crss_sample_vehicles,est_crash_involved_vehicles,complaints,serious_complaints,complaints_per_10k_crash_involved
TESLA,2016,41,5110.963244281,659,49,1289.3851286005615
TESLA,2017,46,5775.676741842,522,30,903.7901934821958
TESLA,2018,167,17888.6500572627,1004,125,561.2497291780724
TESLA,2021,366,34233.2595627582,1635,141,477.60570301599023
TESLA,2022,351,32599.165388972,1556,118,477.31283345259527
TESLA,2020,214,18634.6697758001,772,124,414.2815565224329
TESLA,2019,143,14840.512916297,585,61,394.191227284056
TESLA,2024,76,7924.733824972001,308,30,388.65658683632597
SUBARU,2020,602,54195.9347145981,1898,59,350.21076949684175
TESLA,2023,431,40612.441866754,1371,176,337.58127730859803
RAM,2018,803,86243.6385461779,2902,52,336.4885861635077
VOLKSWAGEN,2023,161,15678.540190288,489,44,311.8912820103678
SUBARU,2019,778,80569.0322715959,2229,77,276.6571643166949
PORSCHE,2020,46,3615.1433729935,99,5,273.84806018916913
HONDA,2023,719,63389.804598344,1701,53,268.33968187439984
GENESIS,2023,44,4354.488573147,112,5,257.2058649795866
CADILLAC,2024,38,3365.238609115,84,6,249.61082929596648
CHRYSLER,2018,247,25370.726171902,602,24,237.2813438295326
ACURA,2023,97,9586.046710295,223,4,232.62978654225378
VOLKSWAGEN,2022,317,31311.020557483,727,21,232.18661897823534
CHRYSLER,2017,293,32215.5138461239,739,21,229.39258505383575
GENESIS,2022,50,4811.5906293281005,109,7,226.53631282680624
GMC,2024,116,13070.379475756,284,6,217.2851985872225
VOLVO,2016,68,7891.1579943171,167,8,211.62926926601494
ALFAROMEO,2018,43,4730.0220978140005,96,4,202.95888267491773
CHRYSLER,2021,155,14920.506722938,294,11,197.04424619039239
VOLVO,2022,62,5852.943020834,114,6,194.77380797012418
ACURA,2019,223,21963.5333897263,414,14,188.4942612164823
SUBARU,2022,317,31400.36447764,584,32,185.9851023117463
BMW,2024,111,10568.502406805,195,25,184.51053185590476
ACURA,2024,43,3876.473532632,71,3,183.15615830296485
KIA,2014,759,96619.4025282792,1758,151,181.95103198712673
JEEP,2022,461,45034.622171513,813,45,180.5277719226141
VOLVO,2023,48,4457.553503905,80,10,179.47064444636888
FIAT,2014,36,4301.941854818,76,4,176.66440543561296
VOLKSWAGEN,2021,501,46395.8192516965,802,45,172.8604027119694
GENESIS,2019,41,3693.462323446,63,6,170.5716600926932
LANDROVER,2015,45,5651.3012979414,95,7,168.10287576527847
VOLKSWAGEN,2024,97,8498.205738947001,142,8,167.09409534440735
SUBARU,2017,663,75378.9926392151,1250,59,165.82869526830225
MERCURY,2010,93,11654.488600949,192,12,164.74339336036235
PORSCHE,2021,53,5267.619516836,85,9,161.3632110829738
JEEP,2023,326,32223.580388304,514,33,159.51051801387146
SUBARU,2018,694,72687.4479761758,1150,57,158.21163516112532
JEEP,2014,989,128394.4793977384,2029,121,158.02860134777256
RAM,2013,294,38494.876272928,599,28,155.60512410875165
CHRYSLER,2022,142,13361.345908199,207,9,154.92451241231421
HONDA,2025,64,6071.163347085,94,6,154.83029301976043
ACURA,2020,272,24057.147630469,372,13,154.6317982971732
KIA,2016,1282,149895.6476448238,2311,135,154.1739227463022
LINCOLN,2013,115,14716.073910351,225,14,152.89404046940766
MAZDA,2024,126,12085.843951387,181,9,149.76198660849664
JEEP,2018,1500,159861.8728207027,2379,94,148.81597206534857
FORD,2017,3808,436541.1751446584,6486,196,148.57704998504911
HYUNDAI,2022,955,89104.5216648583,1312,65,147.24280827573716
KIA,2012,680,83597.201101894,1225,110,146.536006451566
AUDI,2019,253,26386.142200199,381,23,144.39397662198857
JAGUAR,2019,45,4376.3585025851,63,10,143.9552997378668
ACURA,2015,235,31429.837805298,449,6,142.85788007608295
LANDROVER,2017,72,8395.7912822,119,5,141.7376826080623
KIA,2013,967,126673.7183198231,1788,159,141.15003678077056
BMW,2011,331,41165.5831928031,581,36,141.13731786060913
FORD,2021,1820,178660.0359849857,2515,135,140.7701496383532
HYUNDAI,2017,1774,187487.7003854262,2629,111,140.22253164316677
FORD,2018,3580,374294.6437456043,5150,160,137.59213726553577
KIA,2015,1136,150786.3230973981,2064,174,136.88244116588686
FORD,2022,1387,144064.73396171432,1971,144,136.81349666905987
CADILLAC,2014,217,25885.3092289241,354,13,136.75710684747872
CADILLAC,2015,183,24133.232473762,330,13,136.74090296804658
MINI,2011,38,5425.574772031,74,3,136.3910794879691
MERCEDESBENZ,2023,165,16091.873003642,219,25,136.09354234304158
RAM,2017,722,82256.8271414146,1113,52,135.30791773508946
HYUNDAI,2023,698,66357.527256858,896,49,135.026128464936
HONDA,2018,2667,263616.289493842,3556,132,134.89302982102203
SUBARU,2016,499,59315.9799812993,800,46,134.87090666835783
HONDA,2024,447,39141.031057773,526,31,134.38583138589598
AUDI,2013,112,13555.224759056,182,9,134.26557156745713
HYUNDAI,2016,1297,157262.2766884178,2096,87,133.28053263229708
LANDROVER,2023,43,4024.231051798,53,1,131.70217941715833
AUDI,2020,136,13704.5435108786,180,13,131.34330221004214
AUDI,2017,241,28150.9699968643,368,11,130.723737065185
BMW,2012,172,21042.8483830575,275,18,130.68572989453952
RAM,2015,459,60437.595727117,787,48,130.21696024332263
FORD,2020,2980,284873.8648631276,3695,186,129.70652824804847
FORD,2016,3589,433775.9160455126,5614,186,129.42166202263218
HYUNDAI,2024,266,26658.309794999,345,21,129.41555659493488
GENESIS,2021,37,3327.307069687,43,4,129.23363879380395
FIAT,2012,51,5430.670623748,70,7,128.8975245412494
SUBARU,2021,529,48631.0169482044,626,30,128.7244312959229
FORD,2013,3037,398526.6839247413,5107,202,128.14700259730708
FIAT,2016,50,6016.4624988985,77,3,127.98218224429594
MERCURY,2009,72,9357.379625507,117,10,125.03500411704279
MERCEDESBENZ,2024,58,5161.801909906,64,7,123.98771033266071
JEEP,2021,1132,105429.9334744671,1304,80,123.6840389656322
RAM,2016,605,71351.0601946167,875,43,122.63307617481163
MERCEDESBENZ,2012,251,31422.3482735248,383,13,121.8877712976978
BMW,2010,127,16809.796955659,203,19,120.76291018593194
JEEP,2024,141,13638.643456215,163,9,119.51335227971111
MERCEDESBENZ,2011,218,27875.390453418,333,24,119.46021009336876
RAM,2022,508,54934.970036478,652,32,118.68578422215539
KIA,2024,309,28733.861104502,340,19,118.32729293270268
FORD,2023,809,81874.841661392,968,57,118.22923627789554
VOLVO,2024,33,3050.98804356,36,6,117.99456269908531
HONDA,2022,1379,123125.8404815849,1444,85,117.27838724609309
RAM,2014,570,74566.0597226225,873,36,117.0773946279934
HYUNDAI,2014,812,105146.275676244,1230,104,116.97989225859926
AUDI,2022,121,11381.376033237,133,13,116.85757470063415
KIA,2017,1247,128857.1311535395,1482,118,115.01109692052087
ACURA,2014,158,19018.2507069289,218,3,114.62673584409963
ACURA,2018,169,17380.078430623,196,13,112.7727937376024
LINCOLN,2021,61,5592.821541755,63,5,112.64439519418478
GMC,2017,774,84996.7202509149,955,38,112.35727651382176
HONDA,2019,2851,264566.3009338282,2963,139,111.99461116331246
AUDI,2015,194,24846.479572316,278,8,111.88707808318576
LINCOLN,2012,77,8848.2387468862,99,7,111.88667353131636
LANDROVER,2016,91,10718.976594221,119,6,111.01806124304566
MINI,2012,47,6856.077038099,76,8,110.85056305183043
PORSCHE,2019,35,2636.4580476532,29,1,109.9960609113954
FORD,2015,2815,362562.3387318612,3978,155,109.71906276625144
MERCEDESBENZ,2013,297,39270.6820497949,430,24,109.4964430347208
AUDI,2021,205,19352.18032126,211,15,109.03164217015834
FORD,2014,3030,397128.3960760281,4309,173,108.50395092812917
VOLVO,2012,78,9696.31003286,105,5,108.28861664299471
CHRYSLER,2019,234,22562.2311340991,244,14,108.14533303456597
HYUNDAI,2012,902,115895.6497895477,1245,94,107.42422189795454
FIAT,2013,35,4282.895251443,46,1,107.40398095074029
VOLKSWAGEN,2019,767,77412.1943375128,831,41,107.34742854296144
LINCOLN,2016,105,12581.054129768,135,17,107.30420408936709
MERCEDESBENZ,2016,475,55170.8953180675,591,31,107.12169824194568
LINCOLN,2017,187,22333.8745374407,238,12,106.56458179749094
JEEP,2015,1173,153826.4040392198,1639,103,106.54867805283402
HYUNDAI,2015,1000,133079.6400725775,1408,104,105.8013080913144
VOLVO,2013,74,9262.997237109,98,3,105.79728946414541
LINCOLN,2020,139,13256.958438255,139,6,104.85059649798255
LANDROVER,2013,44,5374.438203507,56,4,104.19693720444702
MERCEDESBENZ,2014,380,48197.2238175147,502,37,104.15537664590029
LINCOLN,2019,152,14152.5042209439,147,13,103.86854347830455
FORD,2019,3816,386328.8610351327,4004,155,103.64226967852335
PORSCHE,2017,53,5892.610863959,61,2,103.51947788219744
MITSUBISHI,2022,195,18058.253076996,186,12,102.99999629362887
MERCEDESBENZ,2015,394,51669.4111999606,531,23,102.76873447329024
HYUNDAI,2013,1637,210783.15138646011,2138,194,101.43125700213517
RAM,2019,1149,117005.2653500973,1183,80,101.1065610133259
GMC,2016,656,81340.8402541805,822,39,101.05624646012352
GMC,2015,727,99629.3647070729,1006,39,100.97424619315895
MERCEDESBENZ,2022,278,25718.64269789,259,28,100.7051589162008
LINCOLN,2022,64,6599.2337331,66,10,100.01161145264726
JEEP,2016,1260,151328.4570999715,1511,65,99.84903229415694
SATURN,2009,77,10118.841461224,101,2,99.81379823672304
JEEP,2017,1302,142408.0017983299,1420,72,99.71349798243241
LINCOLN,2014,97,12036.84405199,120,6,99.69390604521533
BMW,2014,337,43251.9655492703,431,40,99.64865053566828
AUDI,2023,96,8605.073851733001,85,15,98.7789314357617
BMW,2023,212,21082.801623722,206,30,97.70997407109898
VOLKSWAGEN,2018,409,42336.690430916104,413,21,97.55131915044765
JEEP,2019,1589,151068.68034800192,1470,60,97.30673469932397
SUBARU,2023,201,19243.695941846,187,19,97.17468025118961
LANDROVER,2018,90,9224.816080388,89,9,96.47888827747406
BMW,2013,360,44785.314188392,432,33,96.46019187958962
DODGE,2016,936,109094.5812216096,1048,41,96.06343305641755
SUBARU,2024,157,15489.238088299,148,7,95.55021309395671
AUDI,2018,336,36240.8553063405,342,17,94.36863371714233
MERCEDESBENZ,2017,495,53354.2319058643,503,29,94.27555828888505
LINCOLN,2018,98,9981.7389857814,94,5,94.17196756386774
LANDROVER,2014,40,5210.011233612,49,1,94.04970124417417
GMC,2014,521,68012.921216754,639,28,93.95273553440484
KIA,2022,922,82480.2981719017,772,85,93.59810974386059
AUDI,2016,211,25431.592103501,236,10,92.79796523927082
MERCEDESBENZ,2006,143,17497.404937977,162,11,92.58515795584599
VOLVO,2015,56,7244.546427769,67,5,92.48336064654505
LINCOLN,2023,34,3486.438991554,32,0,91.7841960737616
MERCURY,2008,144,18654.050608368,171,10,91.66909835834329
RAM,2020,722,72116.0939740347,657,43,91.10310386978973
JEEP,2011,442,57155.2663645015,513,37,89.75550857000617
LANDROVER,2020,153,13155.276841786,118,15,89.69784628567342
SUBARU,2015,467,65068.502039103,583,41,89.59788249768611
KIA,2011,638,78308.6505898597,701,59,89.51756858529926
CADILLAC,2016,194,23589.790573867802,211,9,89.44547402372478
CHRYSLER,2016,445,54272.9093021706,482,18,88.810422399951
CHEVROLET,2024,456,44195.0055187784,391,17,88.47153550730175
RAM,2021,716,71922.2651196785,631,39,87.73361057942452
FORD,2011,2140,271454.1315552997,2356,70,86.79182691017705
HYUNDAI,2021,1012,91030.5893813473,786,41,86.34460189060975
AUDI,2014,142,19503.544689173,168,7,86.13818804602316
JEEP,2012,572,70765.4499211104,608,30,85.91763363022503
MAZDA,2018,453,47967.2739915054,412,16,85.89189372591025
FORD,2012,2395,311276.6981555092,2668,88,85.71152340696915
JEEP,2013,344,44325.314039008,377,33,85.05297890686693
MERCEDESBENZ,2020,502,44734.541421639304,379,34,84.722004061199
CADILLAC,2023,97,9472.94308142,80,3,84.45105107504557
JEEP,2020,1401,124269.9532037245,1037,84,83.44736384506179
VOLVO,2021,108,10686.216340614,89,6,83.28485701879988
TOYOTA,2024,553,52038.715165651,433,32,83.20728108325946
CHRYSLER,2023,71,7002.864129671,58,1,82.8232547797909
BMW,2017,394,41121.5114085136,337,16,81.95224067815492
CADILLAC,2012,164,22471.969690442,184,12,81.87978291829964
GMC,2018,685,75227.4591532839,614,26,81.61913308130082
INFINITI,2023,35,2953.8330167624,24,5,81.25036135693824
BMW,2016,408,47103.8432879196,382,19,81.09741654519493
MERCEDESBENZ,2009,149,18016.17440531,146,11,81.0382918789733
CADILLAC,2013,226,28484.934671745,228,11,80.04231100665277
ACURA,2016,227,25620.2326485211,205,13,80.014886208238
KIA,2023,810,75766.24053138,606,60,79.98285196017002
DODGE,2015,804,104491.6882885962,835,55,79.91066214700338
MITSUBISHI,2016,114,13805.1417225656,110,4,79.68045689831368
HONDA,2017,2579,272737.5320492371,2169,84,79.52700839165882
LEXUS,2024,92,8688.091360879,69,7,79.41905435144857
BMW,2008,259,31819.850982311,250,32,78.56730697418341
BMW,2009,169,20874.2352940437,164,16,78.56575232089872
MINI,2013,49,6784.054709073,53,2,78.12436997171876
CHRYSLER,2015,657,87467.56996623,680,37,77.74309955821779
CHRYSLER,2020,238,21560.9691114494,167,11,77.45477447547519
GMC,2022,372,39026.082754836,302,20,77.38414380381977
LINCOLN,2015,121,16154.146886621,125,7,77.37951182276673
ACURA,2021,144,13375.653499051,102,7,76.25795629891046
VOLKSWAGEN,2015,441,56032.364664012,426,16,76.02748921171406
BMW,2015,438,54002.6852696589,410,35,75.92215052875457
GMC,2019,836,83608.1953598532,631,34,75.47107042367671
CHEVROLET,2017,3390,379704.1414511842,2851,122,75.08477492775866
VOLKSWAGEN,2013,503,65334.848729389996,482,15,73.77379903279379
ACURA,2022,122,11548.264890994,85,8,73.6041308389868
HYUNDAI,2011,893,114909.0147247101,844,77,73.4494157853488
MERCEDESBENZ,2008,193,23717.412002981,174,16,73.36382231675624
ACURA,2017,214,25440.7098173911,186,9,73.11116762664052
FORD,2024,289,28548.007692346,208,19,72.85972535861647
MERCEDESBENZ,2010,222,28993.3615527486,211,9,72.77527982263132
DODGE,2013,960,124035.9102345281,899,54,72.47901017537289
HONDA,2020,2336,200570.5808513359,1450,95,72.2937528447778
VOLKSWAGEN,2016,432,54047.390034061,390,17,72.15889606403188
HYUNDAI,2020,1581,141416.3602168192,1019,70,72.0567265652766
MAZDA,2019,393,39024.6478355251,279,12,71.49327808821874
KIA,2021,1245,110345.7664822193,787,59,71.32126814550826
BMW,2000,49,6173.0236910471,44,4,71.27787321440928
GMC,2023,241,25678.872338521,183,8,71.26481162705919
BMW,2019,413,39183.1610104706,279,24,71.20405623360635
KIA,2020,1605,141012.1567496435,1001,82,70.98678745671555
HONDA,2016,2475,290952.7185504903,2061,65,70.83625168610844
CADILLAC,2011,218,27991.137027595,198,11,70.73667632894018
LINCOLN,2011,123,15924.281043642,111,5,69.7048737684257
DODGE,2014,923,118476.7557720109,820,87,69.21188841277487
AUDI,2024,42,4381.220654611,30,4,68.4740677656274
VOLVO,2018,82,8670.8748015153,59,4,68.04388409539636
VOLVO,2019,117,12063.989084592,82,13,67.97088378066384
MERCEDESBENZ,2021,409,38330.9370565051,259,24,67.56944126312337
BUICK,2014,279,35067.3213657138,234,8,66.7287921879279
SUBARU,2013,288,39143.393810094,261,25,66.67791793073786
MERCEDESBENZ,2007,165,21516.8833169501,143,11,66.45943926616481
VOLKSWAGEN,2009,174,23033.360658855,153,7,66.42539152929919
HYUNDAI,2019,1409,131774.7598563467,875,78,66.40118342494989
VOLKSWAGEN,2014,435,55445.7947260276,367,16,66.19077277428242
KIA,2018,1108,108018.8900363019,712,65,65.91439698748229
BMW,2007,245,30212.2535501739,199,29,65.86731429005056
CHEVROLET,2016,3004,364970.8185814059,2403,96,65.84088035695973
VOLKSWAGEN,2020,442,39209.8133190999,258,11,65.79985421004872
ALFAROMEO,2019,41,4408.6112990991,29,8,65.78035130002537
YAMAHA,2018,54,1673.398638899,11,0,65.73448635787923
BMW,2018,467,47747.161428108004,312,35,65.344198622105
DODGE,2017,913,99217.4208665808,639,32,64.40401236182839
GMC,2021,625,63591.524373104,409,34,64.31674724454102
PONTIAC,2010,35,4668.919700001,30,1,64.25469257908543
BMW,2022,290,25874.424395492,166,24,64.15601656009072
CHRYSLER,2014,401,51928.9551433201,332,28,63.93350281816848
BMW,2006,223,27148.4000794448,173,19,63.72382884212231
JAGUAR,2020,41,3766.628879008,24,2,63.71745338054322
VOLKSWAGEN,2017,591,64022.9316085533,406,30,63.41477808019641
HYUNDAI,2018,1476,146916.59141487652,931,83,63.369289406596494
DODGE,2012,1024,130100.186883399,821,48,63.10521296451427
SUBARU,2012,206,27468.007596948,173,10,62.98236207682651
ACURA,2013,179,23220.652618458,146,6,62.875063159915335
CHRYSLER,2013,401,54201.242956137,339,25,62.544691138234555
MERCEDESBENZ,2005,117,12505.792321929,78,11,62.371098121649126
MINI,2015,55,6436.532220462,40,2,62.1452649189549
INFINITI,2022,47,4686.761332746,29,2,61.87641729776057
GMC,2013,400,54549.217833802,336,18,61.5957502862294
MERCEDESBENZ,2004,88,11414.5155682369,70,5,61.3254233887845
MAZDA,2017,358,40285.8370052995,247,8,61.31186996747958
BMW,2020,418,35914.0037689699,220,24,61.25744192021343
VOLVO,2020,112,10021.485457504,61,7,60.8692196966905
CADILLAC,2022,73,6409.25540649,39,6,60.84950205059495
HONDA,2021,1789,153623.8703968257,922,67,60.016714695338855
TOYOTA,2023,1198,116679.34091675,700,63,59.99348252227836
CADILLAC,2010,177,23372.6210511715,140,6,59.89914425664417
RAM,2023,190,19747.596237947,118,10,59.75410808392522
LANDROVER,2021,70,6864.719822252,41,3,59.72567134801108
SUBARU,2011,252,35171.531622504,209,13,59.42305903626737
PORSCHE,2018,68,6080.0342351949,36,0,59.210192915708134
MAZDA,2021,506,48306.7224371565,286,23,59.205010311362976
AUDI,2012,124,16105.5757418885,95,6,58.985783260711
JAGUAR,2017,73,8272.2154903319,48,7,58.0255677044435
MINI,2016,53,6919.2999384672,40,5,57.809316485362544
MERCEDESBENZ,2019,614,60668.3593450048,350,43,57.690698047336866
VOLKSWAGEN,2010,214,28330.583333304,162,10,57.18202060794174
VOLVO,2017,89,10347.6209878561,59,5,57.01793684678054
FIAT,2017,35,3510.381966194,20,0,56.97385695518556
CHRYSLER,2011,206,27931.618772687,159,10,56.924735116132446
VOLVO,2011,45,6676.269013812,38,3,56.9180180148296
DODGE,2011,693,89125.6739369758,507,41,56.885965357021504
MERCEDESBENZ,2018,613,57762.8588497085,327,20,56.6107714389296
CHEVROLET,2015,3011,401400.6650033266,2268,105,56.50214854480134
MERCEDESBENZ,2003,113,14221.851274638,80,5,56.251467164942845
FORD,2010,1979,260498.035053484,1463,67,56.161652033176566
LINCOLN,2010,123,15524.276519722,87,10,56.04125892081053
BMW,2004,135,15205.092273188,85,15,55.902324348195705
BUICK,2024,56,5725.116092125,32,2,55.89406308112524
NISSAN,2022,830,73410.142194077,410,44,55.850593357532055
CHEVROLET,2014,2668,346934.6166215355,1935,94,55.774197998548395
DODGE,2018,1070,106429.4967597011,591,24,55.52971854544921
INFINITI,2014,226,29611.2087505235,164,7,55.384432760483186
MINI,2020,32,2556.356335435,14,3,54.765448016532886
VOLVO,2010,57,7135.545751666,39,3,54.65594553982689
GMC,2020,757,74812.3705759648,407,33,54.4027674656734
BUICK,2015,290,38852.33530547,210,9,54.05080501568569
LANDROVER,2019,115,11863.913401026,64,6,53.94510043748737
BMW,2021,394,33836.299690453,182,25,53.788387520208595
MITSUBISHI,2015,164,21208.730062731,114,2,53.75145030504504
BUICK,2017,389,43758.370412479,234,13,53.475483157679
NISSAN,2023,758,71499.0024264906,382,29,53.42731884864283
HARLEYDAVIDSON,2022,151,4316.616892896,23,0,53.2824676608477
LEXUS,2023,118,11119.945592352,59,9,53.057813556730544
ACURA,2000,54,5670.564514009,30,1,52.90478562740215
NISSAN,2013,1824,239532.5565779869,1263,37,52.727696729141414
KIA,2019,1374,127819.3431294712,672,78,52.57420227228953
AUDI,2010,69,8568.924321858,45,0,52.51534301127151
CHRYSLER,2012,392,49369.925302994,259,17,52.4610880835773
CHEVROLET,2019,3553,350837.8370620257,1836,113,52.331869771372695
CHRYSLER,2010,262,32571.3208846973,170,12,52.19315501566583
NISSAN,2024,299,26060.161052855,136,7,52.18693764945119
KAWASAKI,2023,115,4245.677133248,22,4,51.81741170970696
CHEVROLET,2023,901,89685.027128634,461,47,51.40211412756714
ACURA,2001,68,7587.32837922,39,5,51.40149213366367
GMC,2011,456,60264.0902063204,307,17,50.94244332718763
SATURN,2008,187,24552.458050795998,125,8,50.911399478370136
CHEVROLET,2018,3599,380299.7795122954,1925,74,50.61796255755555
MAZDA,2016,574,72308.7418356073,363,17,50.20139899893078
TOYOTA,2019,3406,323258.4245656222,1615,101,49.96002817776993
LINCOLN,2009,62,8473.722250997,42,3,49.564994881745584
BUICK,2012,273,36922.68332112,183,19,49.56302834450899
MAZDA,2009,140,19796.300072433,98,3,49.504200098718556
FORD,2009,1086,139653.3745569561,690,36,49.40804346396878
SUBARU,2014,399,56346.380350862,277,32,49.16021193822123
MITSUBISHI,2023,81,6929.866733579,34,1,49.06299256124419
BUICK,2022,102,9425.174624168,46,3,48.805461791707245
CHEVROLET,2013,2228,288141.1299854957,1399,57,48.55259643322778
CHEVROLET,2009,1382,176554.9879044032,852,41,48.256920414014054
HARLEYDAVIDSON,2023,94,2951.449976964,14,2,47.434312318588084
AUDI,2007,54,6960.872994599,33,2,47.40784672497973
TOYOTA,2025,47,4443.5817317030005,21,3,47.25917349550305
VOLVO,2006,60,7622.0378076519,36,4,47.23146343338649
LINCOLN,2008,132,16541.479909671,78,10,47.15418476819428
VOLKSWAGEN,2011,257,33798.946264068,159,9,47.04288670946955
JEEP,2008,359,46844.432651592,220,19,46.96395869200977
CHEVROLET,2021,2244,215840.9388369585,981,77,45.45013588645599
CHEVROLET,2022,1399,139201.5340190366,631,45,45.329960222543754
INFINITI,2011,168,19910.7290590751,90,3,45.201760183150576
NISSAN,2014,1910,244848.7806683385,1103,53,45.04821290060153
PONTIAC,2006,311,38913.848824302004,175,8,44.97113631451205
CADILLAC,2021,150,14255.9465960341,64,6,44.89354640105367
INFINITI,2013,230,31243.7472988348,140,5,44.808965666298654
MAZDA,2014,310,41825.2720923067,187,6,44.709810754440156
MERCEDESBENZ,2001,68,6040.4527359839,27,4,44.69863631107793
BUICK,2010,128,15446.892300439,69,1,44.66917918372424
PONTIAC,2009,212,27828.3336553929,124,7,44.55890228122582
CHEVROLET,2010,1417,184939.9217586394,823,25,44.500938043765224
GMC,2012,485,62476.801673192,277,16,44.336456505720456
PONTIAC,2007,277,33837.0238383878,149,9,44.03460561769644
BUICK,2013,242,31851.371468092,140,5,43.9541512805026
BUICK,2016,356,42870.9742049805,187,7,43.61925602760747
JAGUAR,2018,44,5331.301736819,23,2,43.141433622406986
DODGE,2010,737,95019.2420584679,408,25,42.93867127975474
MINI,2019,51,4426.0016208226,19,2,42.92813610960389
CADILLAC,2017,247,28023.3255982001,119,5,42.46462454393465
LINCOLN,2006,79,9657.510159033,41,5,42.454006596774114
BMW,2005,100,11835.96248236,50,9,42.244135256865384
JEEP,2009,183,24464.331366105,103,7,42.10211121596607
RAM,2024,87,9741.477806779,41,7,42.08807001692135
JEEP,2010,273,37391.4821541473,156,8,41.72073183857387
BUICK,2008,181,22904.5890698631,95,15,41.476404449009316
CHEVROLET,2020,3322,306377.0268457567,1270,102,41.45219415029353
HYUNDAI,2010,530,68573.93360125,284,20,41.41515370132174
MAZDA,2022,193,18497.168585627,76,10,41.087369479377976
TOYOTA,2022,2024,187171.6691480015,765,83,40.871570119679525
BUICK,2023,87,8321.378035056,34,3,40.8586172347489
MERCURY,2007,113,13738.857702596,56,1,40.76030279389139
TOYOTA,2020,3486,312329.5475778626,1272,89,40.72621402183842
NISSAN,2016,2350,273540.9463621402,1113,60,40.68860676260518
GMC,2010,237,29711.5230541792,120,4,40.38837045855207
HYUNDAI,2008,441,57783.5304512037,232,32,40.14984861402964
SATURN,2007,235,28216.3563148052,113,8,40.04769387630272
SUBARU,2010,219,31524.634202832,126,5,39.96874291682688
BUICK,2018,258,26790.7272659406,106,7,39.565928519887244
LINCOLN,2007,127,17225.068256015,68,13,39.4773471949839
BUICK,2011,276,35787.176259811,141,13,39.39958799106008
BMW,2003,105,14237.899859734,56,12,39.33164339663098
HUMMER,2007,41,4845.242330152,19,1,39.21372493954074
MAZDA,2020,357,31952.3920906244,125,12,39.12070171318348
BUICK,2020,289,25117.2295207101,98,11,39.01704203451074
MAZDA,2010,363,47480.82521658,185,4,38.96309703046172
TOYOTA,2021,3341,299666.969474627,1167,156,38.943230948875424
MAZDA,2023,213,22139.628621248,86,15,38.84437335026635
AUDI,2009,65,8263.627662649,32,5,38.723913160605825
VOLVO,2004,85,10357.650017663,40,3,38.618798599863496
BMW,2002,77,8806.259635428,34,10,38.60890026818695
VOLVO,2009,41,5447.534366765,21,1,38.54955028483974
VOLKSWAGEN,2012,497,63601.0467033108,244,13,38.36414849243329
MAZDA,2011,262,32872.6316288716,125,11,38.025553113981346
SUZUKI,2012,68,4480.687548839,17,0,37.94060579922585
NISSAN,2015,2526,324868.4145521122,1226,65,37.73835636469168
INFINITI,2017,326,33927.6473991342,128,5,37.72734327675972
AUDI,2011,109,13864.497650431,52,3,37.50586664666029
DODGE,2009,442,57099.70359615,214,22,37.478303129830806
CHEVROLET,2012,2174,286847.7810121655,1060,50,36.953397242945535
HYUNDAI,2009,481,59610.541876346,219,19,36.738468248499714
CADILLAC,2020,213,18801.8585977595,69,8,36.69849958781325
JEEP,2006,335,42334.382828002,155,12,36.613265541094776
CADILLAC,2018,204,19500.2858728837,71,5,36.40972263833819
HARLEYDAVIDSON,2019,216,6912.393665086,25,4,36.166921635660294
MITSUBISHI,2013,50,6947.2569376540005,25,2,35.98542593768265
CHEVROLET,2011,1994,260135.2725939804,934,40,35.90439661205764
MERCEDESBENZ,2002,89,10045.8438437932,36,1,35.835715306527
VOLVO,2002,32,3665.818480161,13,0,35.46274882500197
KIA,2008,286,33633.8399536,119,28,35.38103296090128
GMC,2008,397,50911.757398414,180,18,35.35529103648803
SUBARU,2005,117,15334.650306446,54,3,35.21436675820434
SUBARU,2006,115,15669.9062288372,55,3,35.09912516182385
HONDA,2015,1947,239115.08090987,827,42,34.58585702136129
INFINITI,2019,269,26618.4953101057,92,8,34.56243447580309
GMC,2009,260,33324.71982812,115,6,34.50891728216749
LEXUS,2019,420,41449.12136852,143,22,34.50012817608395
SUBARU,2007,99,12864.910444611,44,4,34.20155949739333
JEEP,2007,409,51397.0893397126,175,10,34.04862069976871
HARLEYDAVIDSON,2013,177,5013.734215973,17,2,33.906863163668646
INFINITI,2015,292,37490.3051625442,127,8,33.875424446233396
DODGE,2019,1313,126077.262622613,424,39,33.630171783564094
NISSAN,2018,2831,280881.9040395932,938,82,33.394817768957424
HYUNDAI,2007,519,62612.193064917,209,30,33.380079784668546
CHEVROLET,2008,1887,238071.5065421768,790,42,33.18330746397169
CHRYSLER,2008,334,40706.2864866652,135,8,33.164410623460846
TOYOTA,2018,3578,365395.3769428075,1196,149,32.73166754343475
HONDA,2014,1833,232049.2738715767,758,50,32.6654760583091
CADILLAC,2007,211,24798.546844279,81,10,32.66320422266461
NISSAN,2019,3157,282875.0949798487,923,83,32.62924224791695
NISSAN,2017,3362,363383.9078250348,1184,103,32.58262059777513
PONTIAC,2005,200,24566.03455507,80,2,32.565288394699174
HARLEYDAVIDSON,2016,231,7678.436276346,25,0,32.55871260794907
HUMMER,2006,65,7488.852900326,24,1,32.04763175272844
HONDA,2013,2005,252366.0711180498,808,35,32.01698217277553
SUBARU,2008,139,18876.214020995,60,6,31.786035024430863
BMW,2001,80,10157.151468004,32,11,31.504895935443184
SUBARU,2009,140,19146.222810089,60,2,31.337773823661617
BUICK,2021,188,16921.843980975,53,5,31.320463691538095
HARLEYDAVIDSON,2018,213,7138.299374118,22,1,30.819665647209277
SUZUKI,2020,42,973.98672239,3,0,30.8012412390849
YAMAHA,2014,74,1950.716682423,6,0,30.757926325556177
VOLVO,2001,31,3957.881584303,12,4,30.319249690521634
PONTIAC,2008,284,35654.948725117,108,8,30.29032542793135
BUICK,2009,89,13250.359914088,40,8,30.187859242579023
NISSAN,2020,2632,224309.7571559597,673,63,30.003153163420873
INFINITI,2012,163,21161.5156774292,63,5,29.77102442014377
HYUNDAI,2001,34,4395.269557617,13,1,29.577253066244836
INFINITI,2003,100,12410.854456922,36,1,29.00686663029994
NISSAN,2021,1728,152776.380603383,442,53,28.931173670585867
VOLVO,2005,51,5906.755834889,17,1,28.78060389696041
MERCURY,2006,110,13227.911592829,38,4,28.727134841602833
SATURN,2003,68,8420.224891653,24,2,28.502801657698342
CADILLAC,2008,183,23344.749165833,66,9,28.27188226832462
NISSAN,2007,804,100087.8050236896,282,19,28.175260705662787
LEXUS,2022,244,23426.113243276,66,12,28.17368776228553
DODGE,2021,512,45197.099773893104,127,14,28.099148094754113
CHEVROLET,2007,2077,259897.4010701192,727,41,27.972576755542796
LEXUS,2008,354,45891.569566,128,8,27.89183312109513
MAZDA,2012,334,44265.1025149475,123,10,27.78712642955366
FORD,2008,1920,243635.5869998667,675,49,27.7053121964637
LEXUS,2007,400,50660.480026562,139,8,27.437560782511408
MITSUBISHI,2008,119,14229.782976616,39,6,27.407304850741045
HYUNDAI,2006,325,39152.808422057,107,12,27.328818624341856
MERCURY,2003,86,12891.655104788,35,3,27.149345615832438
NISSAN,2009,1003,128032.027357349,345,18,26.94638264510752
MERCURY,2005,138,16708.334789819,45,1,26.93266598142392
KIA,2010,296,39982.848962492,107,11,26.76147467639861
LEXUS,2010,291,39317.274027196,105,10,26.705818904782376
JEEP,2003,179,20595.8667746778,55,12,26.704387148018156
VOLVO,2008,89,10980.713529061,29,4,26.409941324168113
CADILLAC,2006,145,18604.510364967,49,3,26.33769932062757
VOLKSWAGEN,2008,165,19376.431832172,51,7,26.320635523472003
CADILLAC,2009,99,12978.271690165,34,2,26.19763309914784
BUICK,2019,355,34775.781701318,91,10,26.167636081218873
KIA,2007,230,26831.057389764,70,12,26.08916934697657
CHRYSLER,2009,127,16565.634029798,43,2,25.95735238545792
HARLEYDAVIDSON,2021,202,7329.59107124,19,1,25.92231928811498
LANDROVER,2006,35,4280.021724849,11,1,25.700804124745613
INFINITI,2021,78,7413.765768695,19,2,25.628001467524722
YAMAHA,2012,71,2341.998934919,6,0,25.619140600537953
ACURA,2012,177,22716.658940002,58,2,25.531923577840576
HARLEYDAVIDSON,2020,240,7060.529345489,18,3,25.493839228216327
TOYOTA,2012,2044,258142.518538263,657,52,25.451057180362046
INFINITI,2016,156,19271.0581877745,49,7,25.426730344826343
INFINITI,2009,141,17744.919792718,45,1,25.359370752674067
DODGE,2023,189,17386.461608237,44,2,25.30704693769006
MAZDA,2013,256,34404.136467578,87,2,25.287656931016897
MAZDA,2015,337,45093.351544831,114,12,25.280888666406454
HARLEYDAVIDSON,2012,207,7146.030305185,18,4,25.188810054359276
HARLEYDAVIDSON,2011,134,3977.997368095,10,0,25.138277064242608
CHRYSLER,2006,425,55521.906815791,139,11,25.03516323046509
GMC,2007,506,62451.1655874201,156,16,24.979517761222375
YAMAHA,2022,49,1618.780003867,4,0,24.70996670606664
INFINITI,2018,255,26350.9609203732,65,2,24.66703214217337
MITSUBISHI,2014,105,13523.93277651,33,4,24.40118606424781
ACURA,2002,120,15171.522951011,37,0,24.38779555584062
VOLKSWAGEN,2005,89,10667.346054386,26,5,24.373447591783904
LEXUS,2006,277,37337.3338425204,91,8,24.372388340264305
KIA,2006,233,28815.8550851802,70,11,24.292182131357446
TOYOTA,2008,1774,224743.882416623,543,40,24.160835621474405
SUBARU,2003,82,10823.788880924,26,1,24.021163278436422
YAMAHA,2006,104,2925.92704143,7,0,23.924041511912964
LEXUS,2013,304,38959.0113438568,93,14,23.87124231135413
TOYOTA,2007,2396,310339.1097404085,734,46,23.65154687122658
LEXUS,2018,303,30276.6045062938,71,11,23.45044999522346
DODGE,2006,698,86557.6330602038,202,13,23.337052188049327
VOLKSWAGEN,2007,147,18874.950985699,44,7,23.311318812609112
MITSUBISHI,2018,270,27916.5268796244,65,10,23.283698677947626
MITSUBISHI,2017,207,22339.8946188716,52,7,23.27674364053314
JEEP,2005,352,46521.239487118,108,8,23.215202602223403
KIA,2005,126,15198.923097968,35,4,23.027947292317887
MITSUBISHI,2024,43,3925.2406381680003,9,2,22.92853057844756
CADILLAC,2004,137,17466.6827263271,40,2,22.900742302777957
AUDI,2006,52,6587.08403826,15,4,22.771836389022752
YAMAHA,2017,54,1318.778162842,3,0,22.7483293591617
DODGE,2008,759,95670.490803684,215,21,22.472969271285578
LEXUS,2017,389,44060.4525512029,99,17,22.469129177679587
TOYOTA,2010,2088,273528.2682067092,610,39,22.301168504419966
LEXUS,2014,281,35552.298907368,79,10,22.220785273502447
MITSUBISHI,2009,78,10811.879884846001,24,4,22.19780487354336
TOYOTA,2006,1825,228081.3965735169,505,48,22.141218336376884
MAZDA,2008,274,33879.519959045,75,7,22.137267614967147
MITSUBISHI,2010,69,8152.799866808,18,1,22.07830474691561
CHRYSLER,2004,114,14507.501016724,32,6,22.057554890474208
AUDI,2008,68,8168.550071378,18,1,22.03573442375126
MERCEDESBENZ,2000,66,6860.452741898,15,2,21.864446217073027
LEXUS,2012,178,22918.6358344831,50,6,21.816307201308472
NISSAN,2011,1191,156644.665373944,341,12,21.76901455188153
VOLVO,2007,85,11984.603004019,26,1,21.69450251400149
DODGE,2007,786,99793.3820227428,216,19,21.64472188654493
INFINITI,2010,120,14543.35774305,31,1,21.315572749913493
LEXUS,2020,359,32871.9697732917,70,16,21.29473849080825
LEXUS,2021,431,38584.8028258976,82,15,21.25189038026202
MITSUBISHI,2012,88,13194.197150023,28,3,21.22145037066631
HONDA,2000,573,66916.4898681001,142,11,21.220479478212006
NISSAN,2010,1084,137291.9767274531,288,22,20.977190864672803
TOYOTA,2004,1431,181214.3512319146,380,21,20.96964161043092
LEXUS,2011,196,26765.891338181,56,9,20.922150244298845
SUZUKI,2007,209,10087.67756122,21,3,20.81747743477664
ACURA,2005,212,26652.515526229,55,6,20.635950833936842
HARLEYDAVIDSON,2010,127,5404.12782581,11,1,20.354810904849867
VOLKSWAGEN,2006,134,17213.6838202606,35,2,20.332661134861095
CADILLAC,2005,135,17249.661915142,35,4,20.290252743606814
HONDA,2001,609,70215.46563978,142,12,20.22346483159275
MERCURY,2001,65,7934.405918226,16,2,20.165340877313387
SUBARU,2004,95,12904.57624807,26,2,20.14789133729869
TOYOTA,2013,2186,288487.068457352,581,71,20.139550902812516
ACURA,2011,141,18989.099827183,38,2,20.011480452381843
MAZDA,2004,119,14494.426514275001,29,1,20.00769052258744
HARLEYDAVIDSON,2009,217,6506.324896836,13,2,19.980557697513458
YAMAHA,2015,108,3010.732731652,6,1,19.928703524300474
KAWASAKI,2022,95,3026.688030909,6,1,19.823648617654293
NISSAN,2012,1683,218951.2553892535,433,19,19.776091223145023
NISSAN,2008,1117,135096.9019719079,265,21,19.615549737410277
ACURA,2003,140,16444.11999421,32,1,19.459843403762104
CHRYSLER,2005,378,48312.8125874963,94,10,19.456536468408355
MERCURY,2004,110,13449.928568484,26,1,19.330957683242605
DODGE,2005,738,91046.467242596,176,20,19.33078847870536
SUZUKI,2013,55,3127.574855461,6,0,19.184193112192062
HARLEYDAVIDSON,2015,226,7313.464628855,14,1,19.142773925183864
ACURA,2004,220,26138.93915445,50,8,19.12854982543842
NISSAN,2005,736,91717.7139782851,175,17,19.080283667060502
TOYOTA,2017,3335,364349.6096474995,695,118,19.075085620989075
INFINITI,2006,161,20750.388467841,39,0,18.794828858477658
INFINITI,2004,124,14961.944350177,28,4,18.714145263926717
KIA,2009,286,37481.090964755,70,9,18.67608391277187
LEXUS,2009,177,23043.838169025,43,1,18.66008591303146
CHEVROLET,2006,1654,201517.3147770355,376,30,18.65844631842267
HARLEYDAVIDSON,2008,224,6993.834855886,13,4,18.58779949466382
TOYOTA,2003,1231,157530.6304902109,292,22,18.536077656220968
TOYOTA,2014,2514,325321.5026226807,602,82,18.504771284615046
MITSUBISHI,2020,295,24909.2480934575,46,9,18.46703675173642
SUZUKI,2022,36,1083.040322411,2,1,18.466533134682546
LEXUS,2016,368,46286.0864924911,85,9,18.36404985627579
CADILLAC,2019,258,24028.3592093665,44,7,18.31169561625679
TOYOTA,2011,1965,253784.9222210992,463,43,18.243794625302094
SATURN,2004,100,12260.96920721,22,1,17.943116590703948
HYUNDAI,2005,238,31621.430358446,56,5,17.709508825252286
TAOTAO,2020,41,1148.355981621,2,0,17.416202223084465
TOYOTA,2005,1737,217998.5294295631,379,27,17.38543837849409
SATURN,2006,136,15689.1473372942,27,3,17.20934823259586
SATURN,2005,91,12250.130378124,21,2,17.142674691447624
VOLKSWAGEN,2003,97,12265.747529227,21,6,17.120848077103247
LEXUS,2015,427,56167.9981979041,95,9,16.913545621703307
HYUNDAI,2004,152,19526.3312723805,33,6,16.900256141140893
NISSAN,2004,530,68146.071166323,115,11,16.87551432265572
YAMAHA,2016,96,2383.681702192,4,0,16.780763959893036
HYUNDAI,2002,89,11334.435130416,19,3,16.763076219840393
NISSAN,2006,875,105113.0453256893,176,14,16.743877932055895
TOYOTA,2009,1703,221141.405850598,370,33,16.73137595272276
MITSUBISHI,2001,53,7187.206000347,12,1,16.69633512580638
KAWASAKI,2016,66,1809.303387908,3,0,16.580967128286527
VOLKSWAGEN,2004,99,11471.7720776152,19,4,16.562393213054317
INFINITI,2001,33,4229.042840141,7,1,16.552208773005983
CHRYSLER,2007,385,49229.486502984,81,7,16.45355370405707
LINCOLN,2005,80,9127.376054545999,15,6,16.43407690267026
KAWASAKI,2017,66,1832.048473538,3,0,16.37511257661477
TOYOTA,2015,2706,345738.2242424505,565,108,16.34184363727718
OLDSMOBILE,2001,34,4294.261031264,7,0,16.300825564717886
MAZDA,2005,140,17269.684079861,28,5,16.21338286822058
CHRYSLER,2002,112,13101.7463716896,21,1,16.028397592382824
DODGE,2020,804,71979.2162647347,115,17,15.976834142933393
SATURN,2002,69,8203.9113241794,13,1,15.846100093360445
CADILLAC,2003,102,12633.173649672,20,3,15.831334670618785
JEEP,2004,340,39862.518425263,62,10,15.553457846935055
YAMAHA,2021,48,1291.91079941,2,0,15.480944976335639
KAWASAKI,2021,91,2588.235739533,4,1,15.454542794937709
INFINITI,2007,159,20739.327419904,32,3,15.429622837859668
FORD,2007,1697,213659.0777324193,324,31,15.164345153907695
YAMAHA,2011,42,1323.22763486,2,0,15.114557369500552
MITSUBISHI,2011,105,14608.206147194,22,0,15.06002843766402
HARLEYDAVIDSON,2014,208,6664.757212492,10,1,15.004297502775692
KAWASAKI,2011,46,1342.760309723,2,0,14.894691074184214
HONDA,2007,1940,231664.8173767287,345,32,14.89220520865574
OLDSMOBILE,2002,42,5385.572999162,8,1,14.854501092538912
HYUNDAI,2003,132,15485.4956942701,23,2,14.852608178703894
YAMAHA,2007,167,5405.130746567,8,0,14.800752054112841
MITSUBISHI,2019,350,34310.489126161,50,9,14.572803032958246
MAZDA,2007,220,26811.969209456,39,4,14.545742498557525
PONTIAC,2001,60,7562.543386007,11,3,14.545371098767298
MITSUBISHI,2002,68,7565.698211578,11,1,14.539305814718318
MAZDA,2001,48,5537.890142843,8,1,14.44593481208535
TOYOTA,2002,960,118625.759379161,169,12,14.246484143450571
HONDA,2011,1328,167857.3308700955,239,24,14.238281924365976
BUICK,2006,226,27634.990965441,39,1,14.112543061357082
HONDA,2008,1885,237467.2917640324,335,37,14.107205986620018
ACURA,2007,179,22134.199546213,31,2,14.005475976339914
NISSAN,2003,304,37864.2190248052,53,5,13.997383642134334
SUZUKI,2018,52,1439.729232004,2,1,13.8915009540797
ACURA,2008,175,19481.500236814,27,6,13.85930224664031
INFINITI,2005,117,13729.786041415,19,0,13.838525919258862
TOYOTA,2016,2986,358673.6429799899,496,91,13.828727304271741
OLDSMOBILE,2004,38,5808.958428273,8,4,13.771832074168234
HONDA,2010,1583,201043.5715888108,276,46,13.728367329471029
LINCOLN,2003,90,11657.758472887,16,1,13.724765388828354
KAWASAKI,2005,71,2196.672496096,3,0,13.657019903202231
FORD,2006,1695,213286.9891970124,291,26,13.643588907863688
INFINITI,2020,210,19812.060312166,27,3,13.628062692409683
CADILLAC,2002,76,8833.874984882,12,2,13.58407269803614
MERCURY,2002,81,9762.121231307001,13,1,13.316777872322627
PONTIAC,2000,51,6035.266358029,8,2,13.255421592714333
HARLEYDAVIDSON,2017,236,7564.583004278,10,2,13.219499335713149
MITSUBISHI,2007,128,16010.168772334,21,1,13.116663727048627
HONDA,2012,1987,256997.9827705291,337,37,13.112943392279615
ACURA,2006,237,29188.179983644,38,0,13.01896864459991
YAMAHA,2001,68,1544.494719372,2,1,12.949218763358486
MITSUBISHI,2006,82,10853.779159389,14,1,12.898733053628957
FORD,2005,1666,210522.7342029612,271,22,12.872718997594518
HONDA,2006,1599,187578.3037237148,240,29,12.794656697263742
MITSUBISHI,2021,131,11765.551443623,15,1,12.749083688831337
JEEP,2002,194,25118.601216013,32,4,12.739562893972032
YAMAHA,2023,58,2361.336925994,3,0,12.70466728815989
HONDA,2009,1437,179504.306545805,227,28,12.64593615429919
CHEVROLET,2005,1681,208879.7730124556,264,19,12.638849429631348
MAZDA,2003,94,10295.633952149,13,1,12.626711536579561
MITSUBISHI,2004,89,10369.617780519,13,1,12.536624083119628
KAWASAKI,2006,88,2436.137001344,3,1,12.314578360514703
INFINITI,2002,34,4903.601786669,6,0,12.235903854003162
SUZUKI,2006,216,9878.301746818,12,1,12.147837054952731
YAMAHA,2005,102,3302.598376985,4,0,12.111675545761244
HONDA,2003,1184,134570.6866617202,162,23,12.038282929121914
PONTIAC,2003,121,15863.094066633,19,6,11.977486813222193
KIA,2004,95,11846.633217188,14,4,11.81770359842637
VOLKSWAGEN,2000,35,3395.39254704,4,2,11.780670260017736
MITSUBISHI,2000,44,5159.72243653,6,0,11.628532491439792
LEXUS,2004,224,25856.542224007,30,5,11.602479457653825
DODGE,2004,553,71620.2364684946,83,9,11.588903373212306
MAZDA,2006,207,26005.428003179,30,3,11.53605316410585
NISSAN,2002,247,30870.401530284,35,3,11.33772100944811
INFINITI,2008,272,33125.327724105,37,4,11.169700812673149
LINCOLN,2002,45,5380.063005238,6,1,11.15228575233865
MERCURY,2000,83,8282.996323205,9,1,10.865633218725812
LINCOLN,2001,52,6455.450118692,7,0,10.84355059878975
HONDA,2002,804,86176.4917377653,91,15,10.559724370877456
DODGE,2022,285,26690.675232207,28,3,10.490555130734599
KAWASAKI,2015,57,1908.1364174340001,2,0,10.481430896274885
SUBARU,2002,78,9577.473027165,10,1,10.441167489207817
YAMAHA,2003,89,2886.097780839,3,0,10.394658212612216
SUZUKI,2017,40,966.851157202,1,0,10.34285362903149
HONDA,2005,1351,158736.814193165,163,21,10.268569444870375
SUZUKI,2008,173,11714.843072991,12,1,10.243415063464607
SUZUKI,2005,157,6851.9124713520005,7,0,10.216125832411253
KAWASAKI,2001,33,995.881374196,1,0,10.041356590360223
HONDA,2004,1305,152198.8681565028,152,16,9.986933663902262
BUICK,2004,185,22101.117171173,22,2,9.954247936703903
CHRYSLER,2000,50,6053.315896455,6,2,9.911922824833537
YAMAHA,2024,35,1018.60612855,1,0,9.817337359078271
LINCOLN,2004,103,12279.374471003,12,1,9.772484769755392
FORD,2001,1069,127026.8563629165,123,25,9.682991732755179
BUICK,2003,193,22827.0162300592,22,5,9.637702877273044
GMC,2006,313,39824.797030997,38,5,9.541793764930755
FORD,2002,1249,151551.8421294829,143,18,9.435715065596078
LEXUS,2005,203,24554.2701174889,23,1,9.367006182610224
DODGE,2000,290,34287.964820731,32,3,9.332720727901686
CHRYSLER,2003,98,12878.317917335,12,1,9.317987082650966
YAMAHA,2020,79,2154.978534965,2,2,9.280834901831089
DODGE,2003,536,66296.2141670212,61,8,9.201128716991537
KAWASAKI,2019,114,3266.952403253,3,0,9.182870240205558
TOYOTA,2001,859,105622.5070721667,96,9,9.08897191148927
YAMAHA,2002,68,2206.232430406,2,1,9.065227998810407
BUICK,2001,144,17811.2411958926,16,10,8.983090972733397
VOLKSWAGEN,2002,64,7867.768731788,7,1,8.897058668893036
MITSUBISHI,2005,56,6757.8762942429,6,1,8.878528902802582
CHEVROLET,2004,1567,195739.9090343692,172,19,8.787170733271324
GMC,2005,409,50935.2615815575,44,11,8.638416419938718
SUZUKI,2011,41,3479.995071349,3,0,8.620701864491627
FORD,2000,895,106796.413742226,92,13,8.614521478414057
TOYOTA,2000,771,94127.732498173,81,10,8.60532787205643
VOLKSWAGEN,2001,63,8199.692976793,7,2,8.536905003408782
KENWORTH,2023,66,8307.827183362,7,1,8.425789132950223
KIA,2003,47,5944.37480845,5,3,8.411313487319878
DODGE,2001,403,51171.070907267,43,7,8.403185479140209
FORD,2003,1422,174254.088207767,145,23,8.32118210202984
FORD,2004,1561,195135.6293730331,160,24,8.199425215890958
LEXUS,2003,133,16128.426824797,13,2,8.06030255846954
MAZDA,2002,73,8716.736675162,7,2,8.030528236497297
JEEP,2000,158,20637.875461923,16,3,7.752735997229993
ACURA,2010,208,26359.462928168,20,4,7.587408003911866
YONGFU,2022,50,1358.166832154,1,1,7.362865712263336
LEXUS,2000,82,9604.42718742,7,3,7.288305552640024
BUICK,2000,143,19322.2758418,14,3,7.245523309274838
FREIGHTLINER,2024,124,16827.634489697,12,1,7.131127079891829
YAMAHA,2004,91,2815.766431166,2,0,7.102861863339305
MITSUBISHI,2003,112,12760.458207571,9,0,7.0530382636731215
ACURA,2009,177,22902.0512482036,16,0,6.986273773732392
PONTIAC,2004,228,28723.0770879408,20,3,6.9630422739062565
LEXUS,2002,163,18955.059000849,13,3,6.858327372875879
GMC,2004,411,49775.058683556,34,4,6.830730269180466
DODGE,2002,346,42858.5884495814,29,6,6.766438431381246
BUICK,2007,195,25401.21434952,17,2,6.692593419385575
CHEVROLET,2002,1203,143852.096990321,96,19,6.673521068410931
CHEVROLET,2000,754,91990.1673112861,61,11,6.631143499672277
BUICK,2002,174,21207.532640511,14,4,6.601428010185851
OLDSMOBILE,2003,32,3071.468772519,2,1,6.5115426791715105
JEEP,2001,141,17264.351755996002,11,1,6.371510587520113
FREIGHTLINER,2003,52,6330.3041785479,4,1,6.318811682944365
KAWASAKI,2012,57,1589.400815361,1,0,6.291679168245993
CHEVROLET,2003,1387,172279.353391208,100,15,5.804526081133025
KAWASAKI,2007,112,3446.572345186,2,0,5.802866731619605
KENWORTH,2018,126,13852.5740836813,8,2,5.775099957360425
SUZUKI,2009,74,3514.426726123,2,1,5.690828564254444
PONTIAC,2002,94,12368.699609912,7,5,5.659447007986479
GMC,2002,291,35418.055359093,20,4,5.646837410249101
YAMAHA,2008,94,3561.696068659,2,0,5.615302264555695
CHEVROLET,2001,874,108942.102971308,60,8,5.507512556077805
NISSAN,2000,206,25572.041781714,14,2,5.4747290496025585
BUICK,2005,268,36787.062756845,20,1,5.4366939084525265
YAMAHA,2013,51,1861.411277991,1,0,5.372267869136845
KAWASAKI,2013,54,1867.6208784,1,0,5.354405765996281
GMC,2003,356,43025.4376394796,23,1,5.345674852333284
MACK,2019,71,7613.027883075,4,0,5.25415125418449
FREIGHTLINER,2020,486,59722.9187456288,31,2,5.190637137483996
FREIGHTLINER,2021,330,38935.4847757366,20,3,5.136702448986428
YAMAHA,2019,55,1979.7993872949999,1,0,5.051016817245813
ISUZU,2020,38,3991.522087388,2,0,5.010619899409786
KAWASAKI,2024,54,2014.082643198,1,0,4.9650395597083365
SUBARU,2001,51,6378.928963098,3,0,4.702983866656849
LEXUS,2001,115,13107.241920179,6,1,4.5776220783434365
SUZUKI,2004,90,4394.883493214,2,0,4.550746346491634
NISSAN,2001,209,26747.359370357,12,0,4.486424186343833
FREIGHTLINER,2011,71,6854.321663278,3,0,4.3768007213208096
KAWASAKI,2014,60,2285.68052003,1,0,4.375064630584832
SUZUKI,2002,86,4581.902156483,2,1,4.364999364227303
KAWASAKI,2018,82,2317.165098031,1,0,4.315618256332901
FREIGHTLINER,2019,471,55655.7526548082,24,7,4.312222700293785
MACK,2018,60,7107.828765384,3,0,4.2206981893125635
CHRYSLER,2001,77,9582.041574715,4,1,4.174475730261035
KENWORTH,2020,184,22528.076279466,9,0,3.9950148820311675
GMC,2001,245,30058.776064295,12,5,3.992178515296926
KENWORTH,2014,70,7554.399712362,3,1,3.9711957458258498
FREIGHTLINER,2022,321,40376.250552544,16,3,3.962725557980738
PETERBILT,2012,67,7707.0515281284,3,0,3.8925391753914065
LINCOLN,2000,58,7783.110340173,3,1,3.8545001533838175
MACK,2020,82,10555.9386356736,4,0,3.7893361623779
HARLEYDAVIDSON,2007,257,8041.448930012,3,1,3.7306709600598347
INTERNATIONAL,2014,47,5560.058132866,2,0,3.597084692654239
KENWORTH,2024,39,5568.018953623,2,0,3.5919417959212216
MAZDA,2000,45,5594.280949063,2,0,3.5750796540438055
KAWASAKI,2009,103,2866.216039213,1,0,3.488920536061818
KENWORTH,2019,144,17536.4752474798,6,2,3.421440121419081
HARLEYDAVIDSON,2003,197,5978.306588873,2,0,3.3454289609744317
PETERBILT,2020,176,21143.4738524531,7,0,3.3107142415898934
GILLIG,2014,33,3043.399479594,1,0,3.2857993395379155
PETERBILT,2022,97,12338.350681755,4,0,3.2419243893877088
MACK,2023,48,6192.4081989179995,2,0,3.2297612427253424
FREIGHTLINER,2012,156,18935.2732188609,6,1,3.168689424572742
INTERNATIONAL,2024,45,6315.538268574,2,0,3.1667926231275687
PETERBILT,2018,99,12701.63337777,4,1,3.1492012728069088
ISUZU,2016,51,7111.986646352,2,1,2.8121537616017234
INTERNATIONAL,2017,87,10701.175962679,3,1,2.803430212214696
FREIGHTLINER,2023,202,25630.53708748,7,1,2.7311171732797432
SUBARU,2000,30,3682.952608041,1,0,2.715212782854434
KENWORTH,2015,90,11145.0518580854,3,1,2.691777515439365
FREIGHTLINER,2000,67,7567.9008864145,2,1,2.6427407414786517
SUZUKI,2001,82,3818.447774474,1,1,2.618865201417485
INTERNATIONAL,2021,95,11632.564948983,3,2,2.5789669029634616
HINO,2020,63,7783.3445839510005,2,0,2.569589433473026
MACK,2014,30,3908.747932536,1,1,2.5583640011066127
GMC,2000,202,24002.377569575,6,0,2.499752361035057
HARLEYDAVIDSON,2006,264,8272.240634725,2,1,2.4177246387205558
HARLEYDAVIDSON,2001,165,4191.39914787,1,0,2.385838152656455
INTERNATIONAL,2010,34,4193.6663381841,1,0,2.3845483149072138
FREIGHTLINER,2015,297,35564.6975231683,8,0,2.2494216335703325
INTERNATIONAL,2009,42,4596.5908234746,1,1,2.175525380447268
SUZUKI,2003,106,4708.135526689,1,0,2.123983038150244
PETERBILT,2019,168,19454.64491779,4,0,2.056064254527854
INTERNATIONAL,2013,37,4942.67588586,1,0,2.023195578858
HINO,2019,42,4964.929557048,1,0,2.014127267083665
FREIGHTLINER,2018,416,50170.9250389004,10,1,1.993186291113115
FREIGHTLINER,2008,47,5138.663384533,1,0,1.9460313415545503
FREIGHTLINER,2016,430,51818.865191607,10,3,1.929799111389973
ISUZU,2019,43,5471.449842804,1,0,1.8276691347453193
INTERNATIONAL,2019,211,27632.4318797785,5,1,1.8094679548125532
INTERNATIONAL,2006,46,5604.8797674036,1,0,1.7841595921748723
PETERBILT,2023,84,11400.079732902,2,0,1.7543736946222925
MACK,2022,45,5709.061371825,1,0,1.75160141899181
MACK,2021,47,5752.227247778,1,0,1.738457047896161
PETERBILT,2021,90,11577.506580847,2,0,1.7274876814224032
KENWORTH,2013,52,5950.275367535,1,1,1.6805944905609744
KENWORTH,2021,99,11976.124610318,2,0,1.6699893037827154
HARLEYDAVIDSON,2004,180,5993.748178673,1,0,1.6684050950925957
KENWORTH,2022,94,12054.235213212,2,2,1.6591678896458795
INTERNATIONAL,2020,200,24141.5564883396,4,0,1.6568939960155447
INTERNATIONAL,2005,52,6144.203844551,1,0,1.6275501680935474
FREIGHTLINER,2010,57,6472.779418528,1,0,1.5449313738972028
FREIGHTLINER,2014,219,26918.505684995,4,0,1.4859665862617673
INTERNATIONAL,2018,125,14282.718354646,2,0,1.4002936628302438
INTERNATIONAL,2022,116,14801.670476236,2,0,1.3511988415165632
PETERBILT,2013,60,7404.272510731,1,0,1.3505715768169009
HARLEYDAVIDSON,2005,269,8352.055132999,1,0,1.1973101040114025
PETERBILT,2017,82,9129.554427612,1,0,1.0953437080954762
FREIGHTLINER,2017,307,39379.190927294,4,1,1.0157649016672843
FREIGHTLINER,2013,181,20502.6588145629,2,1,0.9754832376079016
PETERBILT,2015,94,11575.190404644,1,1,0.8639166744063209
FREIGHTLINER,2006,96,12216.6492453982,1,0,0.8185550554106993
KENWORTH,2016,110,12619.582167502,1,0,0.7924192629572191
KENWORTH,2017,105,12825.303189528,1,0,0.7797086628069041
INTERNATIONAL,2023,96,12879.516915622,1,0,0.7764266366132617
INTERNATIONAL,2016,109,13311.204297132,1,0,0.7512468276183377
PETERBILT,2016,106,13515.218161376,1,0,0.7399066652566627
