feature,target,median_positive,median_negative,rank_biserial,p_value,n
person.AGE_IM__min,y_injury,25.0,26.0,0.04313932670773468,2.5504109560732007e-50,159920
person.AGE_IM__min,y_serious,27.0,25.0,-0.045510956302022176,3.5704624487718735e-27,159516
person.AGE_IM__max,y_injury,50.0,48.0,-0.03594871084171536,1.8370181578016014e-35,159920
person.AGE_IM__max,y_serious,48.0,49.0,0.019659066142749593,3.1190199148211702e-06,159516
vehicle.TRAV_SP__max,y_injury,35.0,20.0,-0.17678356014642027,0.0,84769
vehicle.TRAV_SP__max,y_serious,45.0,25.0,-0.39935508732703706,0.0,84552
vehicle.VSPD_LIM__max,y_injury,40.0,40.0,-0.0156376321063858,3.6935791055286815e-07,138406
vehicle.VSPD_LIM__max,y_serious,45.0,40.0,-0.1529538800953112,1.8800384268113603e-259,138047
vehicle.MDLYR_IM__min,y_injury,2009.0,2010.0,0.03217266741672664,8.755467618332835e-29,159920
vehicle.MDLYR_IM__min,y_serious,2008.0,2010.0,0.115449241083726,2.3425610288625287e-165,159516
accident.VE_TOTAL,y_injury,2.0,2.0,0.11372044117426017,0.0,159920
accident.VE_TOTAL,y_serious,2.0,2.0,0.16623714941871304,0.0,159516
accident.PERMVIT,y_injury,2.0,2.0,0.015032108399018251,5.303140339082182e-08,159920
accident.PERMVIT,y_serious,2.0,2.0,0.07849198224812093,1.2975507056758178e-84,159516
