term,z,count_in_class
report,109.32065090961964,4279
police,101.85582805230365,4213
filed,99.51295154782437,3534
injuries,98.560653756262,3755
deploy,97.9750903752997,3434
hit,80.171988899345,3788
crashed,78.94111076659807,2818
smoke,78.61875771228925,2291
deployed,76.98875679588072,2131
attention,65.50673955701707,1578
destroyed,65.45125662189363,1763
crash,64.86141784133982,2041
driver,63.940064634744765,5159
bags,62.9942444243065,3616
airbags,62.28193980610967,1928
vehicle,62.26585542170331,30082
air bags,62.17332262591763,3551
insurance,60.90376844445826,1371
sustained,59.7739280864096,2457
caught,59.44268221269265,1261
damage,59.348643471234624,2232
impact,59.02221131203947,1346
police report,58.16067739266931,3324
did,57.852236926893234,5718
report filed,57.71244944962256,3204
