year,complaints,serious_rate
1995,25601,0.20569509003554548
1996,24987,0.2620562692600152
1997,24926,0.16561020621038272
1998,26328,0.1417882102704345
1999,41582,0.12507815881871964
2000,49722,0.12656369413941515
2001,43825,0.13359954363947518
2002,41696,0.13706350729086722
2003,45365,0.11691832910834343
2004,49085,0.11612508913109912
2005,40172,0.14726675296226227
2006,30700,0.1165472312703583
2007,33117,0.11450312528308723
2008,37626,0.10750544836017648
2009,38162,0.08815051622032388
2010,65778,0.10308917875277449
2011,49420,0.07592067988668555
2012,41921,0.08897688509338995
2013,50425,0.07756073376301438
2014,77631,0.08852133812523348
2015,76541,0.08283142368142564
2016,72515,0.07610839136730331
2017,69385,0.07416588599841464
2018,65559,0.0806906755746732
2019,75263,0.06842671697912653
2020,58601,0.06697837920854594
2021,49195,0.071511332452485
2022,53447,0.0654480139203323
2023,62994,0.061815410991523004
2024,67762,0.04998376671290694
2025,74369,0.052548777044198525
2026,58418,0.06403848129001335
