component_l1,count
ELECTRICAL SYSTEM,242823
POWER TRAIN,213562
ENGINE,170185
AIR BAGS,153894
STEERING,141696
UNKNOWN OR OTHER,117732
ENGINE AND ENGINE COOLING,113181
STRUCTURE,101918
"SERVICE BRAKES, HYDRAULIC",95863
SUSPENSION,84690
VEHICLE SPEED CONTROL,84364
SERVICE BRAKES,79072
FUEL/PROPULSION SYSTEM,62749
EXTERIOR LIGHTING,60795
"FUEL SYSTEM, GASOLINE",54067
VISIBILITY,50496
TIRES,44409
SEAT BELTS,38268
SEATS,28276
EQUIPMENT,25977
VISIBILITY/WIPER,24173
WHEELS,24085
FORWARD COLLISION AVOIDANCE,22255
ELECTRONIC STABILITY CONTROL (ESC),21286
LATCHES/LOCKS/LINKAGES,20417
CHILD SEAT,13992
BACK OVER PREVENTION,7881
LANE DEPARTURE,6870
"FUEL SYSTEM, OTHER",5825
PARKING BRAKE,4822
"SERVICE BRAKES, AIR",4229
"FUEL SYSTEM, DIESEL",3171
INTERIOR LIGHTING,2669
"SERVICE BRAKES, ELECTRIC",2639
TRACTION CONTROL SYSTEM,2344
EQUIPMENT ADAPTIVE/MOBILITY,1557
TRAILER HITCHES,975
HYBRID PROPULSION SYSTEM,575
"Chest Clip, Buckle, Harness",500
Other/I am not sure,341
ELECTRONIC STABILITY CONTROL,330
"Carry Handle, Shell, Base",279
FIRERELATED,175
,147
"Insert, Padding",126
"Tether, Lower Anchor (on car seat or vehicle)",111
COMMUNICATION,107
I suspect the car seat is counterfeit,85
NONE,11
Other/Unknown,10
"SERVICE BRAKES, HYDRAULIC; AUTOHOLD BRAKE SYSTEM/BRAKE HOLD",8
OTHER,6
ROLLOVER,2
TRAILER HARDWARE,1
COMMUNICATIONS,1
