n_features,n_columns,validation_roc_auc,validation_pr_auc,test_roc_auc,test_pr_auc,fit_seconds,k,n_fields,n_tables,share_of_benchmark_validation_pr_auc,share_of_benchmark_test_pr_auc,meets_rule
5,5,0.800617753579695,0.41496026690145055,0.7963635837656601,0.40006236419788244,1.3,5,5,3,0.6615331809676639,0.6495446557802551,False
10,13,0.8484726984626629,0.5072700787452753,0.8487366527602973,0.4966788451397258,3.0,10,8,5,0.8086942668218778,0.806411995655865,False
15,18,0.8603822010711297,0.546252250453707,0.8599288152959138,0.5335162433515168,3.1,15,11,5,0.870839975961377,0.8662215085784121,False
20,23,0.8704671374088904,0.5723560775550488,0.8705655397547089,0.5557700742315447,5.6,20,16,6,0.9124549187768097,0.9023530175938662,False
25,29,0.8757172754571153,0.5848589092554678,0.8745508359543784,0.5657582906086249,5.8,25,20,7,0.93238703923654,0.9185699706219702,False
30,46,0.8814926547673988,0.5973252687219558,0.8794915056327852,0.5801611760084834,8.4,30,24,8,0.9522610153512476,0.9419546178082927,False
40,70,0.8860884326702572,0.6060578112160075,0.8844177539422586,0.5956074709587905,8.9,40,28,8,0.9661825087442459,0.9670333536116309,False
50,80,0.8870031895586636,0.6118649944625635,0.8857055218835831,0.6000931900631151,12.3,50,35,9,0.9754403695853385,0.9743164052863049,False
75,126,0.8892987861537408,0.6187009303889371,0.8878991395990753,0.6071075870530693,14.8,75,47,11,0.986338276683849,0.9857050398745169,True
100,157,0.8907663886139782,0.6215809834051584,0.8895020135900984,0.6109320029753781,21.6,100,58,11,0.9909296816571567,0.9919143940805722,True
150,216,0.8911764589763358,0.6245656454204837,0.8898377816536858,0.608459642124823,27.1,150,82,20,0.9956878551850823,0.9879002479839799,True
200,266,0.8918327557982478,0.6247344667019842,0.8904033784391369,0.6109031366332527,41.2,200,102,20,0.9959569915055305,0.9918675264420802,True
300,369,0.8918229852739668,0.6266279702264743,0.8902409080203882,0.6116067885006777,38.8,300,129,24,0.9989756309022199,0.9930099815963712,True
