feature,importance,table,field
person__REST_USE=20,0.02205034068768008,person,REST_USE
person__EJECT_IM=8,0.0180362460167649,person,EJECT_IM
person__AIR_BAG=8,0.011170980967826538,person,AIR_BAG
vehicle__HIT_RUN=1,0.007610281969379851,vehicle,HIT_RUN
cevent__AOI2=77,0.007113327079163456,cevent,AOI2
drimpair__DRIMPAIR=99,0.00531422456521502,drimpair,DRIMPAIR
person__AIR_BAG=9,0.005194229008967266,person,AIR_BAG
acc__REGION,0.005020466897842968,accident,REGION
person__AIR_BAG=20,0.004400667892180132,person,AIR_BAG
vehicle__TRAV_SP__max,0.004110114853906943,vehicle,TRAV_SP
person__AGE_IM__max,0.0033832574983573283,person,AGE_IM
person__EJECT_IM=1,0.002772360240190508,person,EJECT_IM
vehicle__IMPACT1_IM=12,0.0020434851552084687,vehicle,IMPACT1_IM
drimpair__DRIMPAIR=1,0.0019106710825665396,drimpair,DRIMPAIR
person__PERALCH_IM=1,0.001891680687908126,person,PERALCH_IM
vehicle__PCRASH1_IM=1,0.0015899707927730655,vehicle,PCRASH1_IM
vehicle__VSPD_LIM__max,0.0014444568937030944,vehicle,VSPD_LIM
person__DRUGS=9,0.0012806647397746729,person,DRUGS
vehicle__VEVENT_IM=11,0.001270338712679231,vehicle,VEVENT_IM
violatn__VIOLATION=0,0.0012418531206916383,violatn,VIOLATION
cevent__n_rows,0.0011711139005891602,cevent,n_rows
distract__DRDISTRACT=99,0.0011077334584168597,distract,DRDISTRACT
acc__URBANICITY,0.001003998427595354,accident,URBANICITY
person__MOD_YEAR__min,0.0009721895165424876,person,MOD_YEAR
distract__DRDISTRACT=96,0.0009451282041543774,distract,DRDISTRACT
vehicle__TRAV_SP__min,0.000931597547960239,vehicle,TRAV_SP
personrf__PERSONRF=0,0.0009007381566403794,personrf,PERSONRF
vehicle__V_CONFIG=0,0.0009003820867405921,vehicle,V_CONFIG
vehicle__VTRAFWAY=8,0.0008525500301947986,vehicle,VTRAFWAY
acc__EVENT1_IM,0.0008501762308624761,accident,EVENT1_IM
drimpair__DRIMPAIR=0,0.0008267943074393158,drimpair,DRIMPAIR
vehicle__VPROFILE=8,0.000736589932812004,vehicle,VPROFILE
person__MOD_YEAR__max,0.0007358777930122629,person,MOD_YEAR
person__DRUGS=0,0.0007244835562172924,person,DRUGS
vehicle__MDLYR_IM__max,0.0007053744715923016,vehicle,MDLYR_IM
person__AIR_BAG=1,0.0006862653869673108,person,AIR_BAG
person__AIR_BAG=98,0.0006669189224090544,person,AIR_BAG
acc__MANCOL_IM,0.0006647825030099419,accident,MANCOL_IM
acc__LGTCON_IM,0.0006556433755804947,accident,LGTCON_IM
person__AGE_IM__min,0.0006438930688857925,person,AGE_IM
person__REST_MIS=7,0.0006434183090192058,person,REST_MIS
person__GVWR_FROM=18.0,0.0005789696571473768,person,GVWR_FROM
person__IMPACT1=6.0,0.0005780201374145921,person,IMPACT1
pbtype__PEDPOS=3,0.0005561811835572694,pbtype,PEDPOS
person__PER_TYP=2,0.0005452617066288856,person,PER_TYP
person__n_rows,0.0005164200447413947,person,n_rows
person__REST_USE=99,0.0004901895621196029,person,REST_USE
person__DRUGS=1,0.0004865101731543753,person,DRUGS
cevent__AOI1=2,0.0004830681641226353,cevent,AOI1
vehicle__IMPACT1_IM=9,0.0004575498213003626,vehicle,IMPACT1_IM
vehicle__VTRAFCON=20,0.00045636292163420134,vehicle,VTRAFCON
vehicle__SPEEDREL=3,0.00043844073667537176,vehicle,SPEEDREL
acc__RELJCT2_IM,0.0004207559316496967,accident,RELJCT2_IM
cevent__SOE=34,0.00042063724168323047,cevent,SOE
vehicle__P_CRASH2=62,0.00041778868248443235,vehicle,P_CRASH2
driverrf__DRIVERRF=36,0.00040580099585640905,driverrf,DRIVERRF
vehicle__HIT_RUN=0,0.00038894702059699693,vehicle,HIT_RUN
drimpair__DRIMPAIR=98,0.00038348728213272176,drimpair,DRIMPAIR
person__REST_USE=98,0.00038301252226624616,person,REST_USE
person__BODY_TYP=66.0,0.00034977933161411956,person,BODY_TYP
person__IMPACT1=12.0,0.0003490671918144894,person,IMPACT1
driverrf__DRIVERRF=6,0.0003427766235838403,driverrf,DRIVERRF
vehicle__VNUM_LAN=8,0.0003183264904611516,vehicle,VNUM_LAN
vehicle__VSURCOND=1,0.0003153592412958872,vehicle,VSURCOND
vehicle__VTRAFWAY=7,0.0003139349616964604,vehicle,VTRAFWAY
maneuver__MANEUVER=92,0.00030538928410017707,maneuver,MANEUVER
driverrf__DRIVERRF=0,0.00030515190416702254,driverrf,DRIVERRF
distract__DRDISTRACT=0,0.0003028967948012773,distract,DRDISTRACT
vehicle__SPEEDREL=5,0.0002973183663702583,vehicle,SPEEDREL
person__EJECT_IM=0,0.0002934015974722093,person,EJECT_IM
vehicle__VNUM_LAN=4,0.0002922146978058815,vehicle,VNUM_LAN
person__REST_MIS=0,0.00027737845197894906,person,REST_MIS
vehicle__BODY_TYP=14,0.0002666963549836088,vehicle,BODY_TYP
vehicle__VEVENT_IM=24,0.0002482994101583036,vehicle,VEVENT_IM
acc__HOUR_IM,0.00023453137403089963,accident,HOUR_IM
person__IMPACT1=5.0,0.00022764735596736418,person,IMPACT1
acc__PEDS,0.00022289975730277467,accident,PEDS
pbtype__PBSZONE=0,0.00021506621950634353,pbtype,PBSZONE
person__ROLLOVER=3.0,0.00021328587000696286,person,ROLLOVER
vehicle__UNDEROVERRIDE=0.0,0.00020913172117548173,vehicle,UNDEROVERRIDE
vehicle__PCRASH1_IM=10,0.00020735137167610107,vehicle,PCRASH1_IM
pbtype__BIKEPOS=1,0.0002024850830449343,pbtype,BIKEPOS
vehicle__PCRASH4=9,0.00019880569407987325,vehicle,PCRASH4
vehicle__V_CONFIG=99,0.00019500761514823495,vehicle,V_CONFIG
vehicle__VTRAFCON=0,0.00019417678538202754,vehicle,VTRAFCON
vehicle__GVWR_TO=11,0.00019405809541545027,vehicle,GVWR_TO
cevent__AOI2=55,0.0001880049071179002,cevent,AOI2
person__SEX_IM=2,0.0001861058676521088,person,SEX_IM
vehicle__VTRAFWAY=1,0.000184681588052793,vehicle,VTRAFWAY
acc__TYP_INT,0.00018195171882068317,accident,TYP_INT
pbtype__PBCWALK=0,0.00017744150008935922,pbtype,PBCWALK
vehicle__PCRASH1_IM=2,0.0001769667402228281,vehicle,PCRASH1_IM
vehicle__UNDEROVERRIDE=7.0,0.0001744742509238173,vehicle,UNDEROVERRIDE
vehicle__P_CRASH2=52,0.00017293128135797975,vehicle,P_CRASH2
person__REST_USE=3,0.0001722191415582386,person,REST_USE
vehicle__V_CONFIG=1,0.00017186307165834025,vehicle,V_CONFIG
vehicle__VPROFILE=1,0.00017103224189207733,vehicle,VPROFILE
vehicle__P_CRASH3=99,0.0001688958224930759,vehicle,P_CRASH3
maneuver__MANEUVER=98,0.00016616595326091055,maneuver,MANEUVER
drimpair__DRIMPAIR=9,0.00016414822382843086,drimpair,DRIMPAIR
driverrf__DRIVERRF=51,0.00016165573452947557,driverrf,DRIVERRF
nmimpair__NMIMPAIR=99,0.00015999407499689422,nmimpair,NMIMPAIR
vehicle__VSURCOND=3,0.0001495493579348195,vehicle,VSURCOND
violatn__VIOLATION=61,0.00014931197800149842,violatn,VIOLATION
violatn__VIOLATION=58,0.00014824376830208097,violatn,VIOLATION
person__DEVMOTOR=2.0,0.00014824376830202546,person,DEVMOTOR
violatn__VIOLATION=4,0.00014824376830196995,violatn,VIOLATION
vehicle__PCRASH1_IM=5,0.00014480175927022998,vehicle,PCRASH1_IM
person__PER_TYP=5,0.0001418345101048546,person,PER_TYP
person__GVWR_FROM=17.0,0.0001383925010729481,person,GVWR_FROM
vehicle__VTRAFWAY=3,0.0001360187017407366,vehicle,VTRAFWAY
cevent__SOE=68,0.00013506918200772988,cevent,SOE
vevent__AOI1=12,0.00012949075357676643,vevent,AOI1
nmcrash__NMCC=3,0.00012699826427797767,nmcrash,NMCC
vehicle__P_CRASH2=17,0.00012462446494559964,vehicle,P_CRASH2
pbtype__PEDDIR=3,0.00012450577497902238,pbtype,PEDDIR
person__BODY_TYP=4.0,0.00011975817631454388,person,BODY_TYP
vehicle__VTRAFCON=21,0.00011940210641459004,vehicle,VTRAFCON
vehicle__MAKE=49,0.00011833389671506156,vehicle,MAKE
person__AIR_BAG=3,0.00011821520674842878,person,AIR_BAG
vehicle__GVWR_FROM=18,0.00011358629805036102,vehicle,GVWR_FROM
pbtype__BIKECGP=145,0.00011323022815068473,pbtype,BIKECGP
vehicle__MDLYR_IM__min,0.0001105003589185749,vehicle,MDLYR_IM
cevent__AOI1=82,0.00010682096995340284,cevent,AOI1
person__GVWR_TO=11.0,0.00010504062045424423,person,GVWR_TO
acc__WRK_ZONE,0.0001046845505544014,accident,WRK_ZONE
vehicle__VSURCOND=4,0.00010100516158922934,vehicle,VSURCOND
vehicle__PCRASH5=9,9.06791344937874e-05,vehicle,PCRASH5
vehicle__MAKE=37,9.056044452726564e-05,vehicle,MAKE
vehicle__IMPACT1_IM=10,8.937354486110438e-05,vehicle,IMPACT1_IM
vision__VISION=0,8.771188532846752e-05,vision,VISION
person__HELM_MIS=7,8.735581542856918e-05,person,HELM_MIS
vsoe__AOI=98,8.426987629678306e-05,vsoe,AOI
vehicle__V_ALCH_IM=2,8.426987629661653e-05,vehicle,V_ALCH_IM
vehicle__PCRASH4=1,8.426987629650551e-05,vehicle,PCRASH4
person__BODY_TYP=14.0,8.035310739834545e-05,person,BODY_TYP
crashrf__CRASHRF=20,8.035310739823442e-05,crashrf,CRASHRF
factor__VEHICLECC=0,7.975965756523706e-05,factor,VEHICLECC
vehicle__BODY_TYP=4,7.928489769876146e-05,vehicle,BODY_TYP
parkwork__PV_CONFIG=0,7.643633849990783e-05,parkwork,PV_CONFIG
pbtype__n_rows,7.584288866691047e-05,pbtype,n_rows
parkwork__PGVWR_TO=12,7.513074886733584e-05,parkwork,PGVWR_TO
vehicle__NUMOCCS__max,7.501205890064755e-05,vehicle,NUMOCCS
vehicle__GVWR_FROM=11,7.418122913427361e-05,vehicle,GVWR_FROM
person__MAKE=20.0,7.299432946816786e-05,person,MAKE
safetyeq__NMOTHPRO=1,7.263825956832504e-05,safetyeq,NMOTHPRO
vehicle__GVWR_TO=18,7.133266993564202e-05,vehicle,GVWR_TO
acc__WKDY_IM,7.050184016932359e-05,accident,WKDY_IM
cevent__SOE=12,6.967101040300516e-05,cevent,SOE
vehicle__PCRASH1_IM=15,6.94336304696841e-05,vehicle,PCRASH1_IM
vehicle__P_CRASH2=10,6.836542077015562e-05,vehicle,P_CRASH2
distract__DRDISTRACT=17,6.824673080357835e-05,distract,DRDISTRACT
vehicle__ACC_TYPE=13,6.682245120420705e-05,vehicle,ACC_TYPE
person__MAKE=12.0,6.682245120415153e-05,person,MAKE
vehicle__V_CONFIG=2,6.51607916716812e-05,vehicle,V_CONFIG
pbtype__PBSEX=1,6.326175220572328e-05,pbtype,PBSEX
pbtype__PBAGE__min,6.326175220572328e-05,pbtype,PBAGE
vehicle__TRLR1GVWR=77,6.290568230593596e-05,vehicle,TRLR1GVWR
vehicle__VTRAFWAY=2,5.9344983307563215e-05,vehicle,VTRAFWAY
vehicle__PCRASH1_IM=13,5.8395463574612005e-05,vehicle,PCRASH1_IM
person__IMPACT1=10.0,5.803939367476918e-05,person,IMPACT1
pbtype__BIKELOC=1,5.732725387502802e-05,pbtype,BIKELOC
nmcrash__n_rows,5.7327253874972506e-05,nmcrash,n_rows
pbtype__PBSWALK=1,5.6615114075286854e-05,pbtype,PBSWALK
pbtype__PEDCTYPE=791,5.590297427549018e-05,pbtype,PEDCTYPE
acc__PERMVIT,5.5665594342391156e-05,accident,PERMVIT
cevent__AOI2=10,5.5665594342335645e-05,cevent,AOI2
person__IMPACT1=2.0,5.447869467628541e-05,person,IMPACT1
vehicle__VTRAFWAY=5,5.364786490985596e-05,vehicle,VTRAFWAY
vehicle__UNDEROVERRIDE=8.0,5.305441507691411e-05,vehicle,UNDEROVERRIDE
vehicle__TOW_VEH=0,5.281703514370406e-05,vehicle,TOW_VEH
person__STR_VEH=1,5.281703514364855e-05,person,STR_VEH
parkwork__PMODYEAR__min,5.2342275277117434e-05,parkwork,PMODYEAR
cevent__AOI2=12,5.103668564443442e-05,cevent,AOI2
vehicle__PCRASH4=2,5.008716591148321e-05,vehicle,PCRASH4
nmcrash__NMCC=0,4.6763846846265e-05,nmcrash,NMCC
maneuver__MANEUVER=0,4.6763846846265e-05,maneuver,MANEUVER
violatn__VIOLATION=72,4.676384684620949e-05,violatn,VIOLATION
vehicle__ACC_TYPE=45,4.617039701326764e-05,vehicle,ACC_TYPE
person__IMPACT1=3.0,4.510218731368365e-05,person,IMPACT1
pbtype__BIKECTYPE=141,4.4746117413840825e-05,pbtype,BIKECTYPE
vehicle__SPEEDREL=4,4.462742744731907e-05,vehicle,SPEEDREL
person__MAKE=55.0,4.42713575472542e-05,person,MAKE
vehicle__PCRASH1_IM=14,4.403397761404415e-05,vehicle,PCRASH1_IM
factor__VEHICLECC=1,4.34405277811023e-05,factor,VEHICLECC
vehicle__J_KNIFE=0,4.332183781446952e-05,vehicle,J_KNIFE
vehicle__VEVENT_IM=12,4.225362811488553e-05,vehicle,VEVENT_IM
cevent__AOI2=62,4.2016248181675486e-05,cevent,AOI2
person__MAKE=63.0,4.082934851562525e-05,person,MAKE
violatn__VIOLATION=75,4.0235898682405846e-05,violatn,VIOLATION
vehicle__VNUM_LAN=5,3.833685921655894e-05,vehicle,VNUM_LAN
parkwork__PMAKE=2,3.311450068560484e-05,parkwork,PMAKE
person__SPEC_USE=99.0,3.299581071891655e-05,person,SPEC_USE
person__DEVTYPE=0.0,3.2877120752339284e-05,person,DEVTYPE
vehicle__ROLLOVER=8,3.2639740819018215e-05,vehicle,ROLLOVER
vehicle__ROLLOVER=3,3.252105085260748e-05,vehicle,ROLLOVER
person__TOW_VEH=1.0,3.204629098602085e-05,person,TOW_VEH
parkwork__PVPICBODYCLASS=3,3.204629098590983e-05,parkwork,PVPICBODYCLASS
pbtype__PEDDIR=2,3.1808911052699784e-05,pbtype,PEDDIR
vsoe__AOI=9,3.157153111960076e-05,vsoe,AOI
maneuver__MANEUVER=4,3.0147251520229457e-05,maneuver,MANEUVER
nmcrash__NMCC=2,2.979118162038663e-05,nmcrash,NMCC
safetyeq__NMOTHPRO=8,2.9316421753911026e-05,safetyeq,NMOTHPRO
vehicle__BODY_TYP=15,2.907904182070098e-05,vehicle,BODY_TYP
parkwork__PSP_USE=0,2.8604281954280886e-05,parkwork,PSP_USE
vehicle__SPEEDREL=8,2.8485591987537084e-05,vehicle,SPEEDREL
crashrf__CRASHRF=0,2.8366902020904305e-05,crashrf,CRASHRF
pbtype__PEDSNR=3b,2.824821205449357e-05,pbtype,PEDSNR
vision__VISION=7,2.8248212054271526e-05,vision,VISION
vehicle__VALIGN=3,2.812952208780528e-05,vehicle,VALIGN
pbtype__BIKECGP=230,2.7892142154539723e-05,pbtype,BIKECGP
vehicle__ACC_TYPE=98,2.7892142154539723e-05,vehicle,ACC_TYPE
person__STR_VEH=0,2.7298692321375828e-05,person,STR_VEH
parkwork__PMONTH=12,2.7061312388221292e-05,parkwork,PMONTH
vehicle__VTRAFWAY=4,2.7061312388221292e-05,vehicle,VTRAFWAY
vehicle__VPROFILE=2,2.694262242147749e-05,vehicle,VPROFILE
pbtype__BIKECGP=190,2.6586552521634665e-05,pbtype,BIKECGP
vehicle__GVWR_FROM=12,2.623048262184735e-05,vehicle,GVWR_FROM
nmcrash__NMCC=11,2.623048262184735e-05,nmcrash,NMCC
pbtype__MOTMAN=3,2.5755722755427257e-05,pbtype,MOTMAN
vsoe__AOI=7,2.539965285558443e-05,vsoe,AOI
violatn__VIOLATION=23,2.4450133122688733e-05,violatn,VIOLATION
vehicle__SPEC_USE=0,2.385668328963586e-05,vehicle,SPEC_USE
vision__VISION=99,2.3263233456527477e-05,vision,VISION
violatn__VIOLATION=71,2.2551093656897336e-05,violatn,VIOLATION
pbtype__PEDDIR=8,2.2551093656730803e-05,pbtype,PEDDIR
acc__INT_HWY,2.1838953857156174e-05,accident,INT_HWY
cevent__SOE=63,2.1601573923946127e-05,cevent,SOE
person__REST_USE=4,2.148288395736886e-05,person,REST_USE
cevent__AOI1=55,2.136419399068057e-05,cevent,AOI1
person__FIRE_EXP=0.0,2.0414674257895893e-05,person,FIRE_EXP
vehicle__VNUM_LAN=2,2.029598429109658e-05,vehicle,VNUM_LAN
vehicle__P_CRASH3=7,1.9821224424620976e-05,vehicle,P_CRASH3
drimpair__DRIMPAIR=2,1.9702534458043708e-05,drimpair,DRIMPAIR
pbtype__PEDCTYPE=690,1.958384449152195e-05,pbtype,PEDCTYPE
safetyeq__NMHELMET=1,1.958384449146644e-05,safetyeq,NMHELMET
person__IMPACT1=11.0,1.958384449141093e-05,person,IMPACT1
pbtype__PEDCTYPE=140,1.9227774591679125e-05,pbtype,PEDCTYPE
person__GVWR_TO=14.0,1.9227774591568103e-05,person,GVWR_TO
parkwork__PVPICBODYCLASS=13,1.9109084625101858e-05,parkwork,PVPICBODYCLASS
vehicle__MAKE=20,1.887170469178079e-05,vehicle,MAKE
vehicle__PCRASH4=3,1.8753014725036987e-05,vehicle,PCRASH4
nmprior__NMACTION=11,1.851563479177143e-05,nmprior,NMACTION
vehicle__MAKE=63,1.8396944825360695e-05,vehicle,MAKE
vehicle__ACC_TYPE=1,1.804087492551787e-05,vehicle,ACC_TYPE
parkwork__PBODYTYP=66,1.7922184958996112e-05,parkwork,PBODYTYP
nmdistract__NMDISTRACT=99,1.792218495888509e-05,nmdistract,NMDISTRACT
cevent__SOE=8,1.7566115059042264e-05,cevent,SOE
vehicle__VTCONT_F=3,1.7566115059042264e-05,vehicle,VTCONT_F
pvehiclesf__PVEHICLESF=42,1.709135519251115e-05,pvehiclesf,PVEHICLESF
person__DRUGS=8,1.697266522593388e-05,person,DRUGS
parkwork__PHARM_EV=8,1.6379215392825497e-05,parkwork,PHARM_EV
parkwork__PGVWR_TO=11,1.6379215392769986e-05,parkwork,PGVWR_TO
pbtype__PEDCGP=790,1.614183545967096e-05,pbtype,PEDCGP
safetyeq__NMLIGHT=8,1.5904455526460914e-05,safetyeq,NMLIGHT
acc__RELJCT1_IM,1.554838562661809e-05,accident,RELJCT1_IM
vehicle__VTRAFWAY=6,1.5548385626507066e-05,vehicle,VTRAFWAY
person__AIR_BAG=99,1.54296956599298e-05,person,AIR_BAG
person__IMPACT1=9.0,1.5192315726719752e-05,person,IMPACT1
parkwork__PHOUR=22,1.5073625760031462e-05,parkwork,PHOUR
vehicle__P_CRASH2=66,1.4954935793454194e-05,vehicle,P_CRASH2
vehicle__ACC_TYPE=20,1.4242795993768542e-05,vehicle,ACC_TYPE
vehicle__BUS_USE=0,1.3649346160826692e-05,vehicle,BUS_USE
person__LOCATION=11,1.364934616071567e-05,person,LOCATION
person__GVWR_TO=17.0,1.3174586294184554e-05,person,GVWR_TO
pbtype__PEDCGP=200,1.2818516394341728e-05,pbtype,PEDCGP
vehicle__BODY_TYP=34,1.2699826427819971e-05,vehicle,BODY_TYP
weather__WEATHER=1,1.2581136461298215e-05,weather,WEATHER
vehicle__P_CRASH3=1,1.2581136461187192e-05,vehicle,P_CRASH3
vehicle__NUMOCCS__min,1.2462446494554413e-05,vehicle,NUMOCCS
person__BODY_TYP=6.0,1.2343756528032657e-05,person,BODY_TYP
driverrf__DRIVERRF=54,1.2343756527977146e-05,driverrf,DRIVERRF
person__SEAT_IM=22,1.198768662813432e-05,person,SEAT_IM
vehicle__VTRAFCON=40,1.186899666144603e-05,vehicle,VTRAFCON
vehicle__P_CRASH2=13,1.1631616728235983e-05,vehicle,P_CRASH2
vehicle__TOW_VEH=1,1.1512926761603204e-05,vehicle,TOW_VEH
vehicle__P_CRASH2=61,1.1038166895127599e-05,vehicle,P_CRASH2
vehicle__P_CRASH3=98,1.0563407028707505e-05,vehicle,P_CRASH3
nmimpair__NMIMPAIR=98,1.0444717062074726e-05,nmimpair,NMIMPAIR
person__SEAT_IM=23,1.032602709555297e-05,person,SEAT_IM
person__REST_USE=12,1.0326027095497459e-05,person,REST_USE
violatn__VIOLATION=11,1.0326027095497459e-05,violatn,VIOLATION
parkwork__PHARM_EV=45,1.0207337128920191e-05,parkwork,PHARM_EV
vehicle__VEVENT_IM=30,1.0088647162287412e-05,vehicle,VEVENT_IM
person__GVWR_FROM=13.0,9.851267229021854e-06,person,GVWR_FROM
nmdistract__NMDISTRACT=96,9.732577262444586e-06,nmdistract,NMDISTRACT
vsoe__AOI=5,9.49519732923454e-06,vsoe,AOI
parkwork__PGVWR_FROM=12,9.139127429391714e-06,parkwork,PGVWR_FROM
vehicle__VEVENT_IM=25,9.020437462758935e-06,vehicle,VEVENT_IM
cevent__AOI1=98,8.901747496181667e-06,cevent,AOI1
cevent__SOE=9,8.783057529493377e-06,cevent,SOE
vehicle__DR_PRES=0,8.664367562749575e-06,vehicle,DR_PRES
person__PERALCH_IM=0,8.426987629761573e-06,person,PERALCH_IM
cevent__AOI1=1,8.308297663073283e-06,cevent,AOI1
distract__DRDISTRACT=92,8.070917729752214e-06,distract,DRDISTRACT
violatn__VIOLATION=76,8.070917729752214e-06,violatn,VIOLATION
parkwork__PCARGTYP=98,7.833537796597678e-06,parkwork,PCARGTYP
parkwork__PUNDEROVERRIDE=0.0,7.833537796542167e-06,parkwork,PUNDEROVERRIDE
vehicle__VALIGN=2,7.714847830075922e-06,vehicle,VALIGN
parkwork__PHARM_EV=14,7.59615786333212e-06,parkwork,PHARM_EV
cevent__AOI2=6,7.3587779301220735e-06,cevent,AOI2
vehicle__P_CRASH2=50,7.2400879634892945e-06,vehicle,P_CRASH2
vehicle__V_CONFIG=4,7.1213979968565155e-06,vehicle,V_CONFIG
vehicle__PCRASH1_IM=4,7.00270803039027e-06,vehicle,PCRASH1_IM
person__IMPACT1=62.0,7.002708030168225e-06,person,IMPACT1
parkwork__PUNDEROVERRIDE=8.0,6.884018063757491e-06,parkwork,PUNDEROVERRIDE
pbtype__MOTDIR=3,6.88401806370198e-06,pbtype,MOTDIR
person__BODY_TYP=5.0,6.884018063646469e-06,person,BODY_TYP
vehicle__CARGO_BT=1,6.884018063646469e-06,vehicle,CARGO_BT
pbtype__BIKELOC=3,6.76532809701369e-06,pbtype,BIKELOC
vevent__AOI1=1,6.646638130547444e-06,vevent,AOI1
pbtype__PEDLEG=2,6.646638130436422e-06,pbtype,PEDLEG
parkwork__PGVWR_TO=18,6.527948163803643e-06,parkwork,PGVWR_TO
vehicle__PCRASH5=7,6.409258197170864e-06,vehicle,PCRASH5
pbtype__PBAGE__max,6.053188297383549e-06,pbtype,PBAGE
vehicle__CARGO_BT=99,5.9344983308062815e-06,vehicle,CARGO_BT
vehicle__PCRASH1_IM=6,5.93449833075077e-06,vehicle,PCRASH1_IM
vehicle__V_CONFIG=6,5.815808364117991e-06,vehicle,V_CONFIG
maneuver__MANEUVER=3,5.341048497753409e-06,maneuver,MANEUVER
person__EMER_USE=0.0,5.22235853112063e-06,person,EMER_USE
weather__WEATHER=5,5.222358531009608e-06,weather,WEATHER
violatn__n_rows,5.103668564598873e-06,violatn,n_rows
pbtype__PEDCTYPE=760,5.103668564543362e-06,pbtype,PEDCTYPE
person__BODY_TYP=34.0,4.866288631333315e-06,person,BODY_TYP
driverrf__DRIVERRF=60,4.866288631277804e-06,driverrf,DRIVERRF
vehicle__VNUM_LAN=1,4.628908698067757e-06,vehicle,VNUM_LAN
parkwork__PMONTH=10,4.510218731323956e-06,parkwork,PMONTH
person__IMPACT1=0.0,4.3915287648021994e-06,person,IMPACT1
nmprior__NMACTION=3,4.272838798113909e-06,nmprior,NMACTION
vision__VISION=1,4.272838798113909e-06,vision,VISION
parkwork__PMONTH=8,4.15414883148113e-06,parkwork,PMONTH
parkwork__PGVWR_FROM=17,4.0354588649038625e-06,parkwork,PGVWR_FROM
person__GVWR_FROM=16.0,3.9167688982710835e-06,person,GVWR_FROM
person__MAKE=23.0,3.5606989984282578e-06,person,MAKE
vsoe__AOI=10,3.4420090316844565e-06,vsoe,AOI
parkwork__PHOUR=18,3.204629098585432e-06,parkwork,PHOUR
parkwork__PMONTH=9,2.848559198687095e-06,parkwork,PMONTH
vehicle__ICFINALBODY=60,2.7298692321653384e-06,vehicle,ICFINALBODY
vehicle__GVWR_TO=17,2.6111792655325594e-06,vehicle,GVWR_TO
vehicle__IMPACT1_IM=7,2.4924892988442693e-06,vehicle,IMPACT1_IM
nmcrash__NMCC=4,2.3737993323225126e-06,nmcrash,NMCC
person__GVWR_FROM=14.0,2.3737993322670015e-06,person,GVWR_FROM
vehicle__MAKE=35,2.2551093657452448e-06,vehicle,MAKE
drimpair__n_rows,2.017729432479687e-06,drimpair,n_rows
safetyeq__NMPROPAD=1,2.0177294324241757e-06,safetyeq,NMPROPAD
vehicle__ACC_TYPE=82,1.7803494992141289e-06,vehicle,ACC_TYPE
vehicle__GVWR_FROM=99,1.542969566004082e-06,vehicle,GVWR_FROM
person__MAKE=35.0,1.542969565948571e-06,person,MAKE
parkwork__PMAN_COLL=0,1.4242795993713031e-06,parkwork,PMAN_COLL
cevent__AOI1=3,1.305589632683013e-06,cevent,AOI1
person__HELM_USE=19,1.0682096995839885e-06,person,HELM_USE
cevent__AOI2=1,1.0682096995839885e-06,cevent,AOI2
parkwork__PBODYTYP=9,8.308297663739417e-07,parkwork,PBODYTYP
parkwork__PTRAILER=0,8.308297662629194e-07,parkwork,PTRAILER
cevent__AOI1=10,7.121397996856516e-07,cevent,AOI1
parkwork__PGVWR_FROM=11,7.121397996856516e-07,parkwork,PGVWR_FROM
nmprior__NMACTION=5,5.934498330528726e-07,nmprior,NMACTION
vehicle__VTCONT_F=8,4.747598665311159e-07,vehicle,VTCONT_F
vehicle__V_CONFIG=21,4.747598665311159e-07,vehicle,V_CONFIG
person__DEVTYPE=3.0,4.7475986647560475e-07,person,DEVTYPE
vehicle__GVWR_TO=14,3.560698997873146e-07,vehicle,GVWR_TO
person__TOW_VEH=0.0,1.1868996674380128e-07,person,TOW_VEH
person__MAKE=99.0,1.6653345369377348e-16,person,MAKE
parkwork__PVPICBODYCLASS=9,0.0,parkwork,PVPICBODYCLASS
parkwork__PVPICBODYCLASS=8,0.0,parkwork,PVPICBODYCLASS
parkwork__PVPICBODYCLASS=60,0.0,parkwork,PVPICBODYCLASS
parkwork__PVPICBODYCLASS=5,0.0,parkwork,PVPICBODYCLASS
parkwork__PVPICBODYCLASS=2,0.0,parkwork,PVPICBODYCLASS
parkwork__PVE_FORMS=3,0.0,parkwork,PVE_FORMS
parkwork__PVE_FORMS=2,0.0,parkwork,PVE_FORMS
parkwork__PVE_FORMS=1,0.0,parkwork,PVE_FORMS
pbtype__BIKELOC=2,0.0,pbtype,BIKELOC
pbtype__BIKEDIR=9,0.0,pbtype,BIKEDIR
pbtype__BIKEDIR=3,0.0,pbtype,BIKEDIR
pbtype__BIKEDIR=2,0.0,pbtype,BIKEDIR
pbtype__BIKECTYPE=322,0.0,pbtype,BIKECTYPE
pbtype__BIKECTYPE=280,0.0,pbtype,BIKECTYPE
pbtype__PBPTYPE=8,0.0,pbtype,PBPTYPE
pbtype__PBPTYPE=7,0.0,pbtype,PBPTYPE
pbtype__PBPTYPE=13,0.0,pbtype,PBPTYPE
pbtype__PBPTYPE=12,0.0,pbtype,PBPTYPE
pbtype__PBPTYPE=11,0.0,pbtype,PBPTYPE
pbtype__MOTMAN=9,0.0,pbtype,MOTMAN
pbtype__MOTMAN=2,0.0,pbtype,MOTMAN
pbtype__MOTMAN=1,0.0,pbtype,MOTMAN
pbtype__MOTDIR=9,0.0,pbtype,MOTDIR
pbtype__PEDCGP=750,0.0,pbtype,PEDCGP
pbtype__PEDCGP=460,0.0,pbtype,PEDCGP
pbtype__PEDCGP=400,0.0,pbtype,PEDCGP
pbtype__PEDCGP=350,0.0,pbtype,PEDCGP
pbtype__PBSZONE=1,0.0,pbtype,PBSZONE
parkwork__PMONTH=11,0.0,parkwork,PMONTH
parkwork__PMONTH=1,0.0,parkwork,PMONTH
parkwork__PTYPE=4,0.0,parkwork,PTYPE
parkwork__PTYPE=3,0.0,parkwork,PTYPE
parkwork__PTYPE=2,0.0,parkwork,PTYPE
parkwork__PTRLR2GVWR=77,0.0,parkwork,PTRLR2GVWR
parkwork__PTRLR1GVWR=98,0.0,parkwork,PTRLR1GVWR
parkwork__PTRLR1GVWR=77,0.0,parkwork,PTRLR1GVWR
parkwork__PTRAILER=1,0.0,parkwork,PTRAILER
parkwork__PSP_USE=99,0.0,parkwork,PSP_USE
parkwork__PSP_USE=98,0.0,parkwork,PSP_USE
pbtype__PBSEX=8,0.0,pbtype,PBSEX
vehicle__VTRAFCON=4,0.0,vehicle,VTRAFCON
pbtype__PEDDIR=1,0.0,pbtype,PEDDIR
pbtype__PEDCTYPE=795,0.0,pbtype,PEDCTYPE
pbtype__PEDCTYPE=781,0.0,pbtype,PEDCTYPE
pbtype__PEDCTYPE=770,0.0,pbtype,PEDCTYPE
pbtype__PEDCTYPE=742,0.0,pbtype,PEDCTYPE
pbtype__PEDCTYPE=741,0.0,pbtype,PEDCTYPE
pbtype__PEDCTYPE=680,0.0,pbtype,PEDCTYPE
pbtype__PEDCTYPE=410,0.0,pbtype,PEDCTYPE
pbtype__PEDCTYPE=0,0.0,pbtype,PEDCTYPE
pbtype__PEDPOS=5,0.0,pbtype,PEDPOS
pbtype__PEDPOS=2,0.0,pbtype,PEDPOS
pbtype__PEDPOS=1,0.0,pbtype,PEDPOS
pbtype__PEDLOC=9,0.0,pbtype,PEDLOC
pbtype__PEDLOC=4,0.0,pbtype,PEDLOC
pbtype__PEDLOC=3,0.0,pbtype,PEDLOC
pbtype__PEDLOC=2,0.0,pbtype,PEDLOC
pbtype__PEDLOC=1,0.0,pbtype,PEDLOC
pbtype__PEDDIR=9,0.0,pbtype,PEDDIR
pbtype__PEDDIR=4,0.0,pbtype,PEDDIR
pbtype__PEDSNR=99,0.0,pbtype,PEDSNR
pbtype__PEDSNR=7a,0.0,pbtype,PEDSNR
pbtype__PEDSNR=5b,0.0,pbtype,PEDSNR
pbtype__PEDSNR=3a,0.0,pbtype,PEDSNR
pbtype__PEDSNR=1b,0.0,pbtype,PEDSNR
parkwork__PMAKE=7,0.0,parkwork,PMAKE
parkwork__PMAKE=63,0.0,parkwork,PMAKE
parkwork__PMAKE=6,0.0,parkwork,PMAKE
parkwork__PMAKE=49,0.0,parkwork,PMAKE
parkwork__PMAKE=48,0.0,parkwork,PMAKE
parkwork__PMAKE=37,0.0,parkwork,PMAKE
parkwork__PMAKE=35,0.0,parkwork,PMAKE
parkwork__PMAKE=23,0.0,parkwork,PMAKE
parkwork__PM_HARM=14,0.0,parkwork,PM_HARM
parkwork__PM_HARM=12,0.0,parkwork,PM_HARM
parkwork__PMONTH=6,0.0,parkwork,PMONTH
parkwork__PMONTH=4,0.0,parkwork,PMONTH
parkwork__PMONTH=3,0.0,parkwork,PMONTH
pbtype__PEDSNR=1a,0.0,pbtype,PEDSNR
pbtype__PEDSNR=11c,0.0,pbtype,PEDSNR
pbtype__PEDSNR=11a,0.0,pbtype,PEDSNR
pbtype__PEDPOS=9,0.0,pbtype,PEDPOS
pbtype__PEDPOS=8,0.0,pbtype,PEDPOS
pbtype__PEDPOS=6,0.0,pbtype,PEDPOS
person__DEVTYPE=97.0,0.0,person,DEVTYPE
person__DEVTYPE=7.0,0.0,person,DEVTYPE
person__DEVTYPE=5.0,0.0,person,DEVTYPE
person__DEVTYPE=4.0,0.0,person,DEVTYPE
person__DEVTYPE=1.0,0.0,person,DEVTYPE
parkwork__PICFINALBODY=11,0.0,parkwork,PICFINALBODY
parkwork__PICFINALBODY=0,0.0,parkwork,PICFINALBODY
parkwork__PHOUR=23,0.0,parkwork,PHOUR
parkwork__PHOUR=21,0.0,parkwork,PHOUR
parkwork__PHOUR=20,0.0,parkwork,PHOUR
parkwork__PHOUR=17,0.0,parkwork,PHOUR
parkwork__PHOUR=14,0.0,parkwork,PHOUR
parkwork__PHOUR=12,0.0,parkwork,PHOUR
parkwork__PMAN_COLL=8,0.0,parkwork,PMAN_COLL
parkwork__PMAN_COLL=7,0.0,parkwork,PMAN_COLL
parkwork__PMAN_COLL=6,0.0,parkwork,PMAN_COLL
parkwork__PMAN_COLL=2,0.0,parkwork,PMAN_COLL
parkwork__PMAN_COLL=1,0.0,parkwork,PMAN_COLL
person__DEVMOTOR=3.0,0.0,person,DEVMOTOR
person__DEVMOTOR=1.0,0.0,person,DEVMOTOR
person__DEVMOTOR=0.0,0.0,person,DEVMOTOR
person__GVWR_FROM=15.0,0.0,person,GVWR_FROM
person__FIRE_EXP=1.0,0.0,person,FIRE_EXP
person__EMER_USE=8.0,0.0,person,EMER_USE
parkwork__PHAZ_INV=1,0.0,parkwork,PHAZ_INV
parkwork__PHARM_EV=59,0.0,parkwork,PHARM_EV
parkwork__PHARM_EV=53,0.0,parkwork,PHARM_EV
parkwork__PHARM_EV=42,0.0,parkwork,PHARM_EV
parkwork__PHARM_EV=38,0.0,parkwork,PHARM_EV
parkwork__PHARM_EV=33,0.0,parkwork,PHARM_EV
parkwork__PHARM_EV=30,0.0,parkwork,PHARM_EV
parkwork__PHARM_EV=18,0.0,parkwork,PHARM_EV
parkwork__PHARM_EV=1,0.0,parkwork,PHARM_EV
parkwork__PMAKE=12,0.0,parkwork,PMAKE
parkwork__PICFINALBODY=60,0.0,parkwork,PICFINALBODY
person__GVWR_TO=99.0,0.0,person,GVWR_TO
person__GVWR_TO=98.0,0.0,person,GVWR_TO
person__GVWR_TO=16.0,0.0,person,GVWR_TO
person__GVWR_TO=15.0,0.0,person,GVWR_TO
person__GVWR_FROM=99.0,0.0,person,GVWR_FROM
person__GVWR_FROM=98.0,0.0,person,GVWR_FROM
vehicle__VEVENT_IM=9,0.0,vehicle,VEVENT_IM
vehicle__VEVENT_IM=34,0.0,vehicle,VEVENT_IM
parkwork__PFIRE=0,0.0,parkwork,PFIRE
parkwork__PEM_USE=8,0.0,parkwork,PEM_USE
vevent__AOI2=10,0.0,vevent,AOI2
vevent__AOI2=1,0.0,vevent,AOI2
vevent__AOI1=82,0.0,vevent,AOI1
vevent__AOI1=62,0.0,vevent,AOI1
vevent__AOI1=2,0.0,vevent,AOI1
vevent__AOI1=10,0.0,vevent,AOI1
vehicle__V_CONFIG=88,0.0,vehicle,V_CONFIG
parkwork__PHOUR=19,0.0,parkwork,PHOUR
parkwork__PHOUR=0,0.0,parkwork,PHOUR
parkwork__PHIT_RUN=0,0.0,parkwork,PHIT_RUN
weather__WEATHER=2,0.0,weather,WEATHER
person__ICFINALBODY=60.0,0.0,person,ICFINALBODY
person__ICFINALBODY=11.0,0.0,person,ICFINALBODY
weather__n_rows,0.0,weather,n_rows
vision__n_rows,0.0,vision,n_rows
vision__VISION=6,0.0,vision,VISION
person__LOCATION=3,0.0,person,LOCATION
person__LOCATION=2,0.0,person,LOCATION
vision__VISION=2,0.0,vision,VISION
parkwork__PBUS_USE=0,0.0,parkwork,PBUS_USE
crashrf__CRASHRF=16,0.0,crashrf,CRASHRF
parkwork__PBODYTYP=6,0.0,parkwork,PBODYTYP
parkwork__PGVWR_TO=17,0.0,parkwork,PGVWR_TO
parkwork__PGVWR_TO=15,0.0,parkwork,PGVWR_TO
parkwork__PGVWR_FROM=98,0.0,parkwork,PGVWR_FROM
parkwork__PGVWR_FROM=18,0.0,parkwork,PGVWR_FROM
vehicle__ICFINALBODY=11,0.0,vehicle,ICFINALBODY
parkwork__PGVWR_FROM=16,0.0,parkwork,PGVWR_FROM
parkwork__PGVWR_FROM=15,0.0,parkwork,PGVWR_FROM
parkwork__PGVWR_FROM=14,0.0,parkwork,PGVWR_FROM
parkwork__PGVWR_FROM=13,0.0,parkwork,PGVWR_FROM
vehicle__TRLR3GVWR=77,0.0,vehicle,TRLR3GVWR
vehicle__TRLR2GVWR=77,0.0,vehicle,TRLR2GVWR
vehicle__TRLR1GVWR=98,0.0,vehicle,TRLR1GVWR
person__PER_TYP=6,0.0,person,PER_TYP
person__PER_TYP=3,0.0,person,PER_TYP
person__PER_TYP=1,0.0,person,PER_TYP
vehicle__ICFINALBODY=0,0.0,vehicle,ICFINALBODY
vehicle__HAZ_INV=1,0.0,vehicle,HAZ_INV
person__ROLLOVER=9.0,0.0,person,ROLLOVER
person__ROLLOVER=8.0,0.0,person,ROLLOVER
person__ROLLOVER=1.0,0.0,person,ROLLOVER
nmprior__NMACTION=8,0.0,nmprior,NMACTION
nmprior__NMACTION=6,0.0,nmprior,NMACTION
vehicle__GVWR_TO=99,0.0,vehicle,GVWR_TO
nmprior__NMACTION=4,0.0,nmprior,NMACTION
parkwork__PEM_USE=5,0.0,parkwork,PEM_USE
parkwork__PEM_USE=2,0.0,parkwork,PEM_USE
parkwork__PEM_USE=0,0.0,parkwork,PEM_USE
parkwork__PCARGTYP=99,0.0,parkwork,PCARGTYP
cevent__SOE=11,0.0,cevent,SOE
parkwork__PCARGTYP=97,0.0,parkwork,PCARGTYP
parkwork__PCARGTYP=96,0.0,parkwork,PCARGTYP
parkwork__PCARGTYP=4,0.0,parkwork,PCARGTYP
parkwork__PCARGTYP=3,0.0,parkwork,PCARGTYP
parkwork__PCARGTYP=22,0.0,parkwork,PCARGTYP
parkwork__PCARGTYP=1,0.0,parkwork,PCARGTYP
parkwork__PBUS_USE=99,0.0,parkwork,PBUS_USE
person__REST_USE=8,0.0,person,REST_USE
person__REST_USE=11,0.0,person,REST_USE
person__REST_USE=10,0.0,person,REST_USE
distract__DRDISTRACT=10,0.0,distract,DRDISTRACT
person__SPEC_USE=98.0,0.0,person,SPEC_USE
person__SPEC_USE=5.0,0.0,person,SPEC_USE
nmimpair__n_rows,0.0,nmimpair,n_rows
nmimpair__NMIMPAIR=96,0.0,nmimpair,NMIMPAIR
nmimpair__NMIMPAIR=8,0.0,nmimpair,NMIMPAIR
nmimpair__NMIMPAIR=10,0.0,nmimpair,NMIMPAIR
nmdistract__n_rows,0.0,nmdistract,n_rows
parkwork__PBODYTYP=5,0.0,parkwork,PBODYTYP
parkwork__PBODYTYP=49,0.0,parkwork,PBODYTYP
parkwork__PBODYTYP=34,0.0,parkwork,PBODYTYP
parkwork__PBODYTYP=21,0.0,parkwork,PBODYTYP
parkwork__PBODYTYP=20,0.0,parkwork,PBODYTYP
parkwork__PBODYTYP=2,0.0,parkwork,PBODYTYP
parkwork__PBODYTYP=14,0.0,parkwork,PBODYTYP
nmprior__n_rows,0.0,nmprior,n_rows
person__SEAT_IM=11,0.0,person,SEAT_IM
safetyeq__NMOTHPRE=8,0.0,safetyeq,NMOTHPRE
safetyeq__NMOTHPRE=1,0.0,safetyeq,NMOTHPRE
safetyeq__NMLIGHT=9,0.0,safetyeq,NMLIGHT
safetyeq__NMLIGHT=1,0.0,safetyeq,NMLIGHT
safetyeq__NMHELMET=9,0.0,safetyeq,NMHELMET
pvehiclesf__PVEHICLESF=29,0.0,pvehiclesf,PVEHICLESF
pvehiclesf__PVEHICLESF=0,0.0,pvehiclesf,PVEHICLESF
nmdistract__NMDISTRACT=2,0.0,nmdistract,NMDISTRACT
nmdistract__NMDISTRACT=17,0.0,nmdistract,NMDISTRACT
nmdistract__NMDISTRACT=15,0.0,nmdistract,NMDISTRACT
nmdistract__NMDISTRACT=12,0.0,nmdistract,NMDISTRACT
nmcrash__NMCC=9,0.0,nmcrash,NMCC
nmcrash__NMCC=7,0.0,nmcrash,NMCC
nmcrash__NMCC=6,0.0,nmcrash,NMCC
crashrf__n_rows,0.0,crashrf,n_rows
crashrf__CRASHRF=3,0.0,crashrf,CRASHRF
nmprior__NMACTION=2,0.0,nmprior,NMACTION
nmprior__NMACTION=16,0.0,nmprior,NMACTION
nmprior__NMACTION=14,0.0,nmprior,NMACTION
nmprior__NMACTION=12,0.0,nmprior,NMACTION
vehicle__SPEC_USE=99,0.0,vehicle,SPEC_USE
vehicle__SPEC_USE=98,0.0,vehicle,SPEC_USE
vehicle__SPEC_USE=2,0.0,vehicle,SPEC_USE
vehicle__ROLLOVER=9,0.0,vehicle,ROLLOVER
vehicle__ROLLOVER=1,0.0,vehicle,ROLLOVER
vehicle__ACC_TYPE=28,0.0,vehicle,ACC_TYPE
safetyeq__NMREFCLO=9,0.0,safetyeq,NMREFCLO
safetyeq__NMREFCLO=2,0.0,safetyeq,NMREFCLO
safetyeq__NMREFCLO=1,0.0,safetyeq,NMREFCLO
safetyeq__NMPROPAD=9,0.0,safetyeq,NMPROPAD
crashrf__CRASHRF=28,0.0,crashrf,CRASHRF
safetyeq__NMOTHPRO=9,0.0,safetyeq,NMOTHPRO
vehicle__BDYTYP_IM=9.0,0.0,vehicle,BDYTYP_IM
vehicle__BDYTYP_IM=80.0,0.0,vehicle,BDYTYP_IM
vehicle__BDYTYP_IM=66.0,0.0,vehicle,BDYTYP_IM
vehicle__BDYTYP_IM=6.0,0.0,vehicle,BDYTYP_IM
vehicle__BDYTYP_IM=5.0,0.0,vehicle,BDYTYP_IM
vehicle__BDYTYP_IM=4.0,0.0,vehicle,BDYTYP_IM
vehicle__BDYTYP_IM=34.0,0.0,vehicle,BDYTYP_IM
vehicle__BDYTYP_IM=21.0,0.0,vehicle,BDYTYP_IM
nmcrash__NMCC=10,0.0,nmcrash,NMCC
nmcrash__NMCC=1,0.0,nmcrash,NMCC
maneuver__n_rows,0.0,maneuver,n_rows
maneuver__MANEUVER=5,0.0,maneuver,MANEUVER
crashrf__CRASHRF=23,0.0,crashrf,CRASHRF
factor__n_rows,0.0,factor,n_rows
nmdistract__NMDISTRACT=93,0.0,nmdistract,NMDISTRACT
nmdistract__NMDISTRACT=92,0.0,nmdistract,NMDISTRACT
nmdistract__NMDISTRACT=6,0.0,nmdistract,NMDISTRACT
nmdistract__NMDISTRACT=5,0.0,nmdistract,NMDISTRACT
vehicle__BDYTYP_IM=20.0,0.0,vehicle,BDYTYP_IM
vehicle__BDYTYP_IM=2.0,0.0,vehicle,BDYTYP_IM
vehicle__BDYTYP_IM=15.0,0.0,vehicle,BDYTYP_IM
vehicle__BDYTYP_IM=14.0,0.0,vehicle,BDYTYP_IM
parkwork__PV_CONFIG=4,0.0,parkwork,PV_CONFIG
parkwork__PV_CONFIG=21,0.0,parkwork,PV_CONFIG
vehicle__CARGO_BT=0,0.0,vehicle,CARGO_BT
vehicle__BUS_USE=1,0.0,vehicle,BUS_USE
vehicle__P_CRASH3=9,0.0,vehicle,P_CRASH3
driverrf__DRIVERRF=8,0.0,driverrf,DRIVERRF
parkwork__PV_CONFIG=2,0.0,parkwork,PV_CONFIG
driverrf__DRIVERRF=37,0.0,driverrf,DRIVERRF
driverrf__DRIVERRF=16,0.0,driverrf,DRIVERRF
driverrf__DRIVERRF=10,0.0,driverrf,DRIVERRF
parkwork__PVPICBODYCLASS=999,0.0,parkwork,PVPICBODYCLASS
nmcrash__NMCC=19,0.0,nmcrash,NMCC
pbtype__BIKECTYPE=221,0.0,pbtype,BIKECTYPE
vehicle__GVWR_FROM=13,0.0,vehicle,GVWR_FROM
vehicle__EMER_USE=8,0.0,vehicle,EMER_USE
vehicle__EMER_USE=0,0.0,vehicle,EMER_USE
vehicle__DR_PRES=1,0.0,vehicle,DR_PRES
pbtype__BIKECTYPE=213,0.0,pbtype,BIKECTYPE
pbtype__BIKECTYPE=212,0.0,pbtype,BIKECTYPE
vehicle__CARGO_BT=97,0.0,vehicle,CARGO_BT
vehicle__CARGO_BT=96,0.0,vehicle,CARGO_BT
vehicle__CARGO_BT=22,0.0,vehicle,CARGO_BT
pbtype__BIKECTYPE=180,0.0,pbtype,BIKECTYPE
vehicle__PCRASH5=6,0.0,vehicle,PCRASH5
vehicle__PCRASH5=3,0.0,vehicle,PCRASH5
vehicle__PCRASH4=5,0.0,vehicle,PCRASH4
vehicle__PCRASH4=4,0.0,vehicle,PCRASH4
pbtype__BIKECTYPE=158,0.0,pbtype,BIKECTYPE
vehicle__GVWR_TO=98,0.0,vehicle,GVWR_TO
vevent__SOE=14,0.0,vevent,SOE
vevent__SOE=12,0.0,vevent,SOE
vevent__AOI2=9,0.0,vevent,AOI2
vevent__AOI2=7,0.0,vevent,AOI2
vevent__AOI2=62,0.0,vevent,AOI2
vevent__AOI2=6,0.0,vevent,AOI2
vevent__AOI2=5,0.0,vevent,AOI2
vevent__AOI2=3,0.0,vevent,AOI2
vevent__AOI2=12,0.0,vevent,AOI2
vevent__AOI2=11,0.0,vevent,AOI2
factor__VEHICLECC=2,0.0,factor,VEHICLECC
pbtype__BIKECTYPE=155,0.0,pbtype,BIKECTYPE
vehicle__GVWR_TO=16,0.0,vehicle,GVWR_TO
vehicle__GVWR_TO=15,0.0,vehicle,GVWR_TO
pbtype__BIKECTYPE=144,0.0,pbtype,BIKECTYPE
vehicle__GVWR_TO=13,0.0,vehicle,GVWR_TO
pbtype__BIKECGP=320,0.0,pbtype,BIKECGP
vehicle__GVWR_FROM=98,0.0,vehicle,GVWR_FROM
vehicle__GVWR_FROM=17,0.0,vehicle,GVWR_FROM
vehicle__GVWR_FROM=16,0.0,vehicle,GVWR_FROM
vehicle__GVWR_FROM=15,0.0,vehicle,GVWR_FROM
vehicle__GVWR_FROM=14,0.0,vehicle,GVWR_FROM
vehicle__IMPACT1_IM=3,0.0,vehicle,IMPACT1_IM
pbtype__BIKECGP=310,0.0,pbtype,BIKECGP
distract__n_rows,0.0,distract,n_rows
pbtype__BIKECGP=290,0.0,pbtype,BIKECGP
distract__DRDISTRACT=3,0.0,distract,DRDISTRACT
violatn__VIOLATION=98,0.0,violatn,VIOLATION
crashrf__CRASHRF=10,0.0,crashrf,CRASHRF
pbtype__BIKECGP=215,0.0,pbtype,BIKECGP
pbtype__BIKECGP=210,0.0,pbtype,BIKECGP
cevent__AOI1=62,0.0,cevent,AOI1
pbtype__MOTDIR=2,0.0,pbtype,MOTDIR
pbtype__BIKEPOS=9,0.0,pbtype,BIKEPOS
pbtype__BIKEPOS=2,0.0,pbtype,BIKEPOS
cevent__SOE=14,0.0,cevent,SOE
parkwork__PSP_USE=5,0.0,parkwork,PSP_USE
vehicle__PCRASH1_IM=16,0.0,vehicle,PCRASH1_IM
vehicle__PCRASH1_IM=12,0.0,vehicle,PCRASH1_IM
weather__WEATHER=4,0.0,weather,WEATHER
weather__WEATHER=99,0.0,weather,WEATHER
acc__PVH_INVL,0.0,accident,PVH_INVL
parkwork__PV_CONFIG=5,0.0,parkwork,PV_CONFIG
vehicle__IMPACT1_IM=0,0.0,vehicle,IMPACT1_IM
parkwork__PNUMOCCS__min,0.0,parkwork,PNUMOCCS
vsoe__AOI=0,0.0,vsoe,AOI
acc__VE_FORMS,0.0,accident,VE_FORMS
acc__SCH_BUS,0.0,accident,SCH_BUS
parkwork__PUNDEROVERRIDE=7.0,0.0,parkwork,PUNDEROVERRIDE
parkwork__PUNDEROVERRIDE=2.0,0.0,parkwork,PUNDEROVERRIDE
parkwork__PM_HARM=8,0.0,parkwork,PM_HARM
parkwork__PVPICBODYCLASS=95,0.0,parkwork,PVPICBODYCLASS
vehicle__VTRAFWAY=0,0.0,vehicle,VTRAFWAY
pbtype__BIKECGP=158,0.0,pbtype,BIKECGP
pbtype__BIKECGP=140,0.0,pbtype,BIKECGP
parkwork__PV_CONFIG=99,0.0,parkwork,PV_CONFIG
parkwork__PV_CONFIG=88,0.0,parkwork,PV_CONFIG
parkwork__PV_CONFIG=6,0.0,parkwork,PV_CONFIG
crashrf__CRASHRF=19,0.0,crashrf,CRASHRF
safetyeq__NMHELMET=8,-2.3737993315453565e-07,safetyeq,NMHELMET
personrf__n_rows,-3.560698998428258e-07,personrf,n_rows
vehicle__BODY_TYP=5,-4.747598664200936e-07,vehicle,BODY_TYP
person__GVWR_TO=18.0,-4.7475986658662706e-07,person,GVWR_TO
vehicle__ACC_TYPE=29,-5.934498329973614e-07,vehicle,ACC_TYPE
vehicle__FIRE_EXP=0,-7.121397997411627e-07,vehicle,FIRE_EXP
cevent__AOI2=5,-8.308297663184305e-07,cevent,AOI2
parkwork__PV_CONFIG=1,-1.0682096995839885e-06,parkwork,PV_CONFIG
person__BODY_TYP=20.0,-1.1868996661057452e-06,person,BODY_TYP
person__BODY_TYP=80.0,-1.4242795993713031e-06,person,BODY_TYP
vehicle__MAKE=55,-1.661659532636861e-06,vehicle,MAKE
pbtype__PEDLEG=9,-1.661659532636861e-06,pbtype,PEDLEG
parkwork__PV_CONFIG=19,-1.6616595327478834e-06,parkwork,PV_CONFIG
safetyeq__NMREFCLO=8,-1.7803494992141289e-06,safetyeq,NMREFCLO
vehicle__VTRAFCON=2,-1.7803494993251512e-06,vehicle,VTRAFCON
person__BODY_TYP=2.0,-1.8990394658469079e-06,person,BODY_TYP
parkwork__PMONTH=2,-2.1364193990569547e-06,parkwork,PMONTH
parkwork__PGVWR_TO=13,-2.136419399112466e-06,parkwork,PGVWR_TO
vehicle__P_CRASH3=8,-2.2551093657452448e-06,vehicle,P_CRASH3
cevent__AOI1=0,-2.3737993322114903e-06,cevent,AOI1
safetyeq__NMLIGHT=2,-2.3737993323225126e-06,safetyeq,NMLIGHT
vehicle__VTRAFCON=97,-2.4924892988997804e-06,vehicle,VTRAFCON
crashrf__CRASHRF=14,-2.6111792654770483e-06,crashrf,CRASHRF
pbtype__PEDCGP=100,-2.967249165375385e-06,pbtype,PEDCGP
vehicle__VSURCOND=98,-2.9672491654864075e-06,vehicle,VSURCOND
vehicle__BODY_TYP=20,-2.9672491655419186e-06,vehicle,BODY_TYP
parkwork__PMAKE=20,-3.085939132008164e-06,parkwork,PMAKE
person__SEAT_IM=21,-3.085939132008164e-06,person,SEAT_IM
vehicle__ACC_TYPE=21,-3.0859391320636753e-06,vehicle,ACC_TYPE
cevent__AOI2=3,-3.44200903185099e-06,cevent,AOI2
vehicle__VTRAFCON=1,-3.5606989984282578e-06,vehicle,VTRAFCON
parkwork__PHARM_EV=12,-3.7980789316938157e-06,parkwork,PHARM_EV
pbtype__BIKECTYPE=239,-3.916768898382106e-06,pbtype,BIKECTYPE
vehicle__BODY_TYP=66,-4.272838798113909e-06,vehicle,BODY_TYP
vehicle__IMPACT1_IM=11,-4.628908697956735e-06,vehicle,IMPACT1_IM
nmimpair__NMIMPAIR=9,-4.984978597910583e-06,nmimpair,NMIMPAIR
person__BODY_TYP=9.0,-5.103668564376829e-06,person,BODY_TYP
pbtype__BIKECTYPE=0,-5.22235853112063e-06,pbtype,BIKECTYPE
vehicle__VNUM_LAN=3,-5.697118397429701e-06,vehicle,VNUM_LAN
person__HELM_MIS=0,-5.697118397540724e-06,person,HELM_MIS
distract__DRDISTRACT=93,-5.934498330639748e-06,distract,DRDISTRACT
person__MAKE=37.0,-5.93449833075077e-06,person,MAKE
vehicle__BODY_TYP=6,-5.9344983308062815e-06,vehicle,BODY_TYP
person__DEVTYPE=9.0,-6.053188297328038e-06,person,DEVTYPE
cevent__AOI1=11,-6.053188297383549e-06,cevent,AOI1
pbtype__PEDLEG=1,-6.171878263960817e-06,pbtype,PEDLEG
vehicle__J_KNIFE=1,-6.409258197115353e-06,vehicle,J_KNIFE
vision__VISION=97,-6.409258197226375e-06,vision,VISION
parkwork__PMONTH=5,-6.76532809701369e-06,parkwork,PMONTH
person__IMPACT1=7.0,-7.002708030279248e-06,person,IMPACT1
vehicle__CARGO_BT=3,-7.358777930177585e-06,vehicle,CARGO_BT
vsoe__AOI=3,-7.477467896810364e-06,vsoe,AOI
parkwork__PNUMOCCS__max,-7.596157863443143e-06,parkwork,PNUMOCCS
vehicle__VNUM_LAN=7,-7.7148478299649e-06,vehicle,VNUM_LAN
nmimpair__NMIMPAIR=0,-7.7148478299649e-06,nmimpair,NMIMPAIR
safetyeq__NMPROPAD=8,-7.83353779665319e-06,safetyeq,NMPROPAD
vehicle__SPEEDREL=9,-7.952227763063924e-06,vehicle,SPEEDREL
person__MAKE=2.0,-8.070917729807725e-06,person,MAKE
acc__ALCHL_IM,-8.189607696440504e-06,accident,ALCHL_IM
vehicle__BODY_TYP=2,-8.308297663128794e-06,vehicle,BODY_TYP
vehicle__P_CRASH2=11,-9.020437462703423e-06,vehicle,P_CRASH2
pbtype__MOTDIR=4,-9.020437462758935e-06,pbtype,MOTDIR
vehicle__SPEC_USE=5,-9.257817395802448e-06,vehicle,SPEC_USE
vehicle__VEVENT_IM=14,-9.25781739591347e-06,vehicle,VEVENT_IM
driverrf__DRIVERRF=58,-9.257817395968981e-06,driverrf,DRIVERRF
parkwork__PMODYEAR__max,-9.732577262389075e-06,parkwork,PMODYEAR
vsoe__AOI=12,-9.851267228910832e-06,vsoe,AOI
pbtype__PEDPOS=4,-1.008864716217639e-05,pbtype,PEDPOS
nmprior__NMACTION=98,-1.00886471622319e-05,nmprior,NMACTION
vehicle__P_CRASH3=16,-1.0444717062074726e-05,vehicle,P_CRASH3
vehicle__VEVENT_IM=1,-1.0563407028707505e-05,vehicle,VEVENT_IM
vehicle__P_CRASH2=53,-1.0682096995229262e-05,vehicle,P_CRASH2
nmdistract__NMDISTRACT=0,-1.0800786961973063e-05,nmdistract,NMDISTRACT
vehicle__PCRASH5=4,-1.0800786962028575e-05,vehicle,PCRASH5
vehicle__BODY_TYP=9,-1.0919476928605842e-05,vehicle,BODY_TYP
acc__REL_ROAD,-1.1156856861760378e-05,accident,REL_ROAD
vehicle__ROLINLOC=1,-1.1394236795081447e-05,vehicle,ROLINLOC
person__LOCATION=1,-1.1512926761714226e-05,person,LOCATION
person__BODY_TYP=49.0,-1.1631616728347005e-05,person,BODY_TYP
nmcrash__NMCC=12,-1.1750306694868762e-05,nmcrash,NMCC
person__GVWR_FROM=12.0,-1.1868996661557052e-05,person,GVWR_FROM
parkwork__PHOUR=15,-1.2225066561288855e-05,parkwork,PHOUR
pbtype__PBCWALK=1,-1.2343756527977146e-05,pbtype,PBCWALK
vevent__AOI1=98,-1.2462446494665436e-05,vevent,AOI1
distract__DRDISTRACT=15,-1.2818516394341728e-05,distract,DRDISTRACT
pbtype__PEDSNR=11b,-1.3293276260983866e-05,pbtype,PEDSNR
vevent__AOI1=11,-1.353065619408289e-05,vevent,AOI1
vehicle__VPROFILE=5,-1.3886726093870205e-05,vehicle,VPROFILE
nmprior__NMACTION=9,-1.4005416060558495e-05,nmprior,NMACTION
cevent__AOI2=9,-1.4124106027191274e-05,cevent,AOI2
parkwork__PVPICBODYCLASS=7,-1.519231572666424e-05,parkwork,PVPICBODYCLASS
pbtype__PEDCGP=740,-1.5429695659763265e-05,pbtype,PEDCGP
pbtype__PBSEX=2,-1.5548385626451555e-05,pbtype,PBSEX
pbtype__PEDCGP=990,-1.637921539299203e-05,pbtype,PEDCGP
vehicle__PCRASH1_IM=11,-1.6497905359458276e-05,vehicle,PCRASH1_IM
cevent__AOI1=6,-1.6616595326257588e-05,cevent,AOI1
weather__WEATHER=10,-1.7447425092353974e-05,weather,WEATHER
vsoe__AOI=1,-1.756611505887573e-05,vsoe,AOI
violatn__VIOLATION=46,-1.792218495888509e-05,violatn,VIOLATION
pbtype__BIKECGP=150,-1.804087492551787e-05,pbtype,BIKECGP
vehicle__MAKE=2,-1.8396944825305184e-05,vehicle,MAKE
parkwork__PBODYTYP=4,-1.9346464558256393e-05,parkwork,PBODYTYP
vehicle__VALIGN=8,-2.01772943244638e-05,vehicle,VALIGN
person__IMPACT1=1.0,-2.0770744157461163e-05,person,IMPACT1
vehiclesf__VEHICLESF=0,-2.0770744157627696e-05,vehiclesf,VEHICLESF
person__REST_USE=1,-2.077074415773872e-05,person,REST_USE
vehicle__VEVENT_IM=8,-2.1126814057526033e-05,vehicle,VEVENT_IM
vevent__AOI1=3,-2.12455040241033e-05,vevent,AOI1
parkwork__PVPICBODYCLASS=11,-2.1601573923890616e-05,parkwork,PVPICBODYCLASS
pbtype__MOTDIR=1,-2.1601573923946127e-05,pbtype,MOTDIR
vehicle__IMPACT1_IM=2,-2.1720263890523395e-05,vehicle,IMPACT1_IM
person__AIR_BAG=2,-2.1838953857100663e-05,person,AIR_BAG
pbtype__PBSWALK=0,-2.3263233456471966e-05,pbtype,PBSWALK
vehicle__V_ALCH_IM=1,-2.3263233456527477e-05,vehicle,V_ALCH_IM
vehicle__IMPACT1_IM=5,-2.397537325632415e-05,vehicle,IMPACT1_IM
parkwork__PMONTH=7,-2.5162272922318873e-05,parkwork,PMONTH
cevent__SOE=64,-2.5162272922374385e-05,cevent,SOE
vehicle__ROLINLOC=5,-2.646786255516842e-05,vehicle,ROLINLOC
vehicle__IMPACT1_IM=6,-2.6823932454955735e-05,vehicle,IMPACT1_IM
vehicle__CARGO_BT=4,-2.718000235479856e-05,vehicle,CARGO_BT
weather__WEATHER=98,-2.7298692321375828e-05,weather,WEATHER
person__ICFINALBODY=0.0,-2.7536072254641386e-05,person,ICFINALBODY
person__GVWR_TO=13.0,-2.8604281954114352e-05,person,GVWR_TO
vehicle__MAKE=30,-2.884166188737991e-05,vehicle,MAKE
vevent__AOI1=6,-2.9316421753800004e-05,vevent,AOI1
vehicle__VALIGN=1,-2.9909871586908388e-05,vehicle,VALIGN
safetyeq__NMHELMET=2,-3.038463145332848e-05,safetyeq,NMHELMET
pbtype__PEDCGP=310,-3.0384631453439503e-05,pbtype,PEDCGP
vehicle__VEVENT_IM=42,-3.050332141990575e-05,vehicle,VEVENT_IM
vehicle__VEVENT_IM=54,-3.121546121964691e-05,vehicle,VEVENT_IM
vehicle__BODY_TYP=49,-3.228367091917539e-05,vehicle,BODY_TYP
pbtype__BIKEDIR=1,-3.299581071897206e-05,pbtype,BIKEDIR
person__MAKE=6.0,-3.4420090318232344e-05,person,MAKE
vehicle__P_CRASH3=6,-3.489485018481897e-05,vehicle,P_CRASH3
vehicle__VPROFILE=6,-3.572567995102638e-05,vehicle,VPROFILE
vehicle__VALIGN=4,-3.643781975071203e-05,vehicle,VALIGN
vehicle__ROLLOVER=0,-3.655650971723379e-05,vehicle,ROLLOVER
vehicle__CARGO_BT=98,-3.667519968397759e-05,vehicle,CARGO_BT
vsoe__AOI=6,-3.750602945035153e-05,vsoe,AOI
person__HELM_USE=20,-3.76247194169288e-05,person,HELM_USE
parkwork__PBODYTYP=15,-3.774340938356158e-05,parkwork,PBODYTYP
vehicle__PCRASH5=2,-3.786209935002782e-05,vehicle,PCRASH5
vehicle__VTRAFCON=3,-3.833685921661445e-05,vehicle,VTRAFCON
person__SPEC_USE=0.0,-3.90489990163001e-05,person,SPEC_USE
cevent__AOI1=12,-3.90489990163001e-05,cevent,AOI1
vehicle__MAKE=23,-3.916768898287737e-05,vehicle,MAKE
vehicle__MAKE=12,-4.023589868251687e-05,vehicle,MAKE
person__REST_USE=2,-4.166017828183266e-05,person,REST_USE
cevent__SOE=42,-4.2134938148252754e-05,cevent,SOE
vehicle__PCRASH5=1,-4.355921774767957e-05,vehicle,PCRASH5
vehicle__VPROFILE=3,-4.450873748063078e-05,vehicle,VPROFILE
factor__VEHICLECC=99,-4.486480738041809e-05,factor,VEHICLECC
person__MAKE=49.0,-4.498349734699536e-05,person,MAKE
vehicle__VNUM_LAN=6,-4.498349734705087e-05,vehicle,VNUM_LAN
acc__MONTH,-4.510218731307303e-05,accident,MONTH
vehicle__BODY_TYP=80,-4.6407776946422175e-05,vehicle,BODY_TYP
pbtype__PEDCGP=600,-4.6526466913054954e-05,pbtype,PEDCGP
person__MAKE=7.0,-4.6526466913110465e-05,person,MAKE
person__BODY_TYP=15.0,-4.723860671262958e-05,person,BODY_TYP
person__HELM_USE=5,-4.937502611179756e-05,person,HELM_USE
vehicle__BUS_USE=99,-4.9968475944905943e-05,vehicle,BUS_USE
vehicle__ACC_TYPE=68,-5.281703514359304e-05,vehicle,ACC_TYPE
cevent__AOI2=7,-5.459738464280717e-05,cevent,AOI2
cevent__AOI2=11,-5.507214450928277e-05,cevent,AOI2
drimpair__DRIMPAIR=8,-5.898891340766488e-05,drimpair,DRIMPAIR
person__GVWR_TO=12.0,-5.934498330739668e-05,person,GVWR_TO
vehicle__MAKE=7,-6.02945030404034e-05,vehicle,MAKE
vehicle__IMPACT1_IM=62,-6.0650572940135206e-05,vehicle,IMPACT1_IM
vsoe__AOI=11,-6.314306223897947e-05,vsoe,AOI
person__REST_MIS=1,-6.326175220572328e-05,person,REST_MIS
parkwork__PHOUR=16,-6.326175220572328e-05,parkwork,PHOUR
vehicle__MAKE=99,-6.349913213893332e-05,vehicle,MAKE
acc__WEATHR_IM,-6.812804083694557e-05,accident,WEATHR_IM
acc__VE_TOTAL,-7.299432946805684e-05,accident,VE_TOTAL
parkwork__PMAKE=55,-7.916620773207317e-05,parkwork,PMAKE
pbtype__BIKEPOS=3,-8.320166659703254e-05,pbtype,BIKEPOS
vehicle__IMPACT1_IM=1,-8.605022579566413e-05,vehicle,IMPACT1_IM
vehicle__VSURCOND=2,-9.245948399300152e-05,vehicle,VSURCOND
person__SEX_IM=1,-9.245948399305703e-05,person,SEX_IM
vehicle__GVWR_TO=12,-9.507066325847857e-05,vehicle,GVWR_TO
vehicle__FIRE_EXP=1,-9.756315255737835e-05,vehicle,FIRE_EXP
vehicle__P_CRASH2=15,-9.863136225701785e-05,vehicle,P_CRASH2
person__HELM_USE=17,-0.00010100516158922934,person,HELM_USE
acc__PERNOTMVIT,-0.00010171730138885948,accident,PERNOTMVIT
vehicle__P_CRASH2=60,-0.0001017173013889705,vehicle,P_CRASH2
cevent__SOE=30,-0.00010290420105507625,cevent,SOE
person__ROLLOVER=0.0,-0.00010385372078802746,person,ROLLOVER
person__SEAT_IM=13,-0.00010527800038739876,person,SEAT_IM
distract__DRDISTRACT=12,-0.00012130114588032592,distract,DRDISTRACT
driverrf__n_rows,-0.00012699826427797767,driverrf,n_rows
person__GVWR_FROM=11.0,-0.00015239791713345108,person,GVWR_FROM
vevent__n_rows,-0.00016023145492999324,vevent,n_rows
vehicle__SPEEDREL=0,-0.00016224918436252844,vehicle,SPEEDREL
cevent__SOE=1,-0.0002376173131629633,cevent,SOE
vehicle__VSPD_LIM__min,-0.0004558881617676702,vehicle,VSPD_LIM
