column,field,mutual_information
person__EJECT_IM=8,person__EJECT_IM=8,0.09244943284826634
vehicle__TOWED=5,vehicle__TOWED=5,0.07326579634355501
acc__PEDS,acc__PEDS,0.059255026287881485
pbtype__PBAGE__max,pbtype__PBAGE__max,0.0591838762416701
nmdistract__n_rows,nmdistract__n_rows,0.059173877452935786
nmprior__n_rows,nmprior__n_rows,0.05912113325385393
pbtype__PBAGE__min,pbtype__PBAGE__min,0.05844350394772069
person__STR_VEH=1,person__STR_VEH=1,0.057662393900521414
nmcrash__n_rows,nmcrash__n_rows,0.05753374751257101
pbtype__PBSZONE=0,pbtype__PBSZONE=0,0.05707489651230557
pbtype__n_rows,pbtype__n_rows,0.055194568339488326
nmimpair__n_rows,nmimpair__n_rows,0.05132274591428487
acc__PERNOTMVIT,acc__PERNOTMVIT,0.05018690379877877
pbtype__PBSWALK=0,pbtype__PBSWALK=0,0.04564654256344314
nmdistract__NMDISTRACT=96,nmdistract__NMDISTRACT=96,0.0443746411841095
vehicle__DEFORMED=6,vehicle__DEFORMED=6,0.042951315024835734
safetyeq__NMLIGHT=8,safetyeq__NMLIGHT=8,0.0428883497342345
person__REST_USE=20,person__REST_USE=20,0.04189935170986159
safetyeq__NMOTHPRE=8,safetyeq__NMOTHPRE=8,0.04098965931899379
safetyeq__NMPROPAD=8,safetyeq__NMPROPAD=8,0.040649024932739364
person__EJECT_IM=0,person__EJECT_IM=0,0.03999311256402671
vevent__n_rows,vevent__n_rows,0.03984917675755972
vpicdecode__CUSTOMMOTORCYCLETYPEID=0.0,vpicdecode__CUSTOMMOTORCYCLETYPEID=0.0,0.03971321734987665
pbtype__PBCWALK=0,pbtype__PBCWALK=0,0.03943625397389128
nmprior__NMACTION=3,nmprior__NMACTION=3,0.03939179689367833
safetyeq__NMOTHPRO=8,safetyeq__NMOTHPRO=8,0.03893941931836076
pbtype__PBSEX=1,pbtype__PBSEX=1,0.03786058543350901
safetyeq__NMREFCLO=8,safetyeq__NMREFCLO=8,0.03755651876410537
person__HELM_USE=20,person__HELM_USE=20,0.03702339086359285
person__AIR_BAG=20,person__AIR_BAG=20,0.03701858206078246
pbtype__BIKECTYPE=0,pbtype__BIKECTYPE=0,0.03619870661104452
nmimpair__NMIMPAIR=98,nmimpair__NMIMPAIR=98,0.035519773105832986
vpicdecode__GROSSVEHICLEWEIGHTRATINGFROMID=10.0,vpicdecode__GROSSVEHICLEWEIGHTRATINGFROMID=10.0,0.03481643209026908
vpicdecode__BACKUPCAMERAID=0.0,vpicdecode__BACKUPCAMERAID=0.0,0.034169518722576564
vehicle__ROLLOVER=0,vehicle__ROLLOVER=0,0.033072885770128346
damage__n_rows,damage__n_rows,0.03222591091738458
vehicle__VEVENT_IM=8,vehicle__VEVENT_IM=8,0.03143794235224262
cevent__AOI2=77,cevent__AOI2=77,0.031225324319057446
person__HELM_MIS=7,person__HELM_MIS=7,0.03101331389626183
acc__EVENT1_IM_8.0,acc__EVENT1_IM,0.0306670405874927
vehicle__DEFORMED=2,vehicle__DEFORMED=2,0.029928659148863446
person__PER_TYP=5,person__PER_TYP=5,0.029795781456066983
nmcrash__NMCC=0,nmcrash__NMCC=0,0.02900920064028445
safetyeq__NMHELMET=8,safetyeq__NMHELMET=8,0.02811278705198772
cevent__SOE=8,cevent__SOE=8,0.02732240573057565
vehicle__BODY_TYP=80,vehicle__BODY_TYP=80,0.027141017599126904
vpicdecode__ENGINEBRAKEHP_FROM__min,vpicdecode__ENGINEBRAKEHP_FROM__min,0.0266494970980089
acc__VE_TOTAL,acc__VE_TOTAL,0.026645610544574705
vpicdecode__FORWARDCOLLISIONWARNINGID=0.0,vpicdecode__FORWARDCOLLISIONWARNINGID=0.0,0.025643877408390248
vpicdecode__VEHICLETYPEID=1,vpicdecode__VEHICLETYPEID=1,0.02557549731019937
vehicle__EMER_USE=0,vehicle__EMER_USE=0,0.025455027848307443
vehicle__V_ALCH_IM=2,vehicle__V_ALCH_IM=2,0.02478065040745414
vpicdecode__ENGINEPOWERKW__min,vpicdecode__ENGINEPOWERKW__min,0.024509246994065537
person__BODY_TYP=80.0,person__BODY_TYP=80.0,0.024390229140679676
vehicle__FIRE_EXP=0,vehicle__FIRE_EXP=0,0.024254688962138893
vehicle__TOWED=2,vehicle__TOWED=2,0.02405340279922874
person__AIR_BAG=8,person__AIR_BAG=8,0.02373262204629345
person__REST_USE=3,person__REST_USE=3,0.023708574387568904
person__AIR_BAG=9,person__AIR_BAG=9,0.023694082900909796
vpicdecode__n_rows,vpicdecode__n_rows,0.02282713329795305
violatn__n_rows,violatn__n_rows,0.022713432335652817
person__REST_MIS=0,person__REST_MIS=0,0.022705341499949405
vpicdecode__ENGINEPOWERKW__max,vpicdecode__ENGINEPOWERKW__max,0.02231800483944779
vehiclesf__VEHICLESF=0,vehiclesf__VEHICLESF=0,0.02214399088861385
driverrf__DRIVERRF=0,driverrf__DRIVERRF=0,0.02212262533562992
person__HELM_MIS=0,person__HELM_MIS=0,0.02176451241339694
person__SEAT_IM=11,person__SEAT_IM=11,0.021749858167936953
distract__n_rows,distract__n_rows,0.02158184693901255
acc__EVENT1_IM_12.0,acc__EVENT1_IM,0.021550425554203834
person__FIRE_EXP=0.0,person__FIRE_EXP=0.0,0.021300187814816907
vehicle__VSURCOND=1,vehicle__VSURCOND=1,0.021096327715590002
vevent__AOI1=12,vevent__AOI1=12,0.021063681363896247
vpicdecode__DISPLACEMENTL__min,vpicdecode__DISPLACEMENTL__min,0.021057266646794304
cevent__AOI1=0,cevent__AOI1=0,0.020914531234818012
cevent__SOE=12,cevent__SOE=12,0.02075596964217219
person__ROLLOVER=0.0,person__ROLLOVER=0.0,0.02070712772243155
maneuver__n_rows,maneuver__n_rows,0.02069511333115548
vehicle__TOW_VEH=0,vehicle__TOW_VEH=0,0.02062809248434183
vehicle__TRLR3GVWR=77,vehicle__TRLR3GVWR=77,0.02058810236714037
factor__VEHICLECC=0,factor__VEHICLECC=0,0.020334386528440218
acc__EVENT1_IM_9.0,acc__EVENT1_IM,0.02024620410939737
vpicdecode__ENGINEBRAKEHP_FROM__max,vpicdecode__ENGINEBRAKEHP_FROM__max,0.020206267546083678
vehicle__HAZ_INV=1,vehicle__HAZ_INV=1,0.0201959330640622
vehicle__J_KNIFE=0,vehicle__J_KNIFE=0,0.020188653545015756
person__LOCATION=11,person__LOCATION=11,0.020111890265266164
vehicle__VEVENT_IM=12,vehicle__VEVENT_IM=12,0.0200532122002528
acc__PERMVIT,acc__PERMVIT,0.0200425476747077
vpicdecode__ENGINECYLINDERSCOUNT__min,vpicdecode__ENGINECYLINDERSCOUNT__min,0.01990565430318858
acc__MANCOL_IM_7.0,acc__MANCOL_IM,0.019830295386598085
safetyeq__NMHELMET=1,safetyeq__NMHELMET=1,0.019780324968036167
vpicdecode__SEATBELTTYPEID=1.0,vpicdecode__SEATBELTTYPEID=1.0,0.01972458375728614
factor__n_rows,factor__n_rows,0.019657187517843067
vehicle__SPEEDREL=0,vehicle__SPEEDREL=0,0.019627618129738567
person__EMER_USE=0.0,person__EMER_USE=0.0,0.01926759857223237
vevent__SOE=12,vevent__SOE=12,0.01915552357118111
vehicle__TRLR2GVWR=77,vehicle__TRLR2GVWR=77,0.01892687365125134
vpicdecode__CRASHIMMINENTBRAKINGID=0.0,vpicdecode__CRASHIMMINENTBRAKINGID=0.0,0.01885397309962422
acc__VE_FORMS,acc__VE_FORMS,0.018818333570179036
vsoe__AOI=0,vsoe__AOI=0,0.01881562132190484
cevent__n_rows,cevent__n_rows,0.018698657582940648
person__PER_TYP=1,person__PER_TYP=1,0.01861669300460722
vehicle__DR_PRES=1,vehicle__DR_PRES=1,0.018499698619917293
person__SPEC_USE=0.0,person__SPEC_USE=0.0,0.018394596797912444
driverrf__n_rows,driverrf__n_rows,0.018136407589019576
pbtype__PBSEX=2,pbtype__PBSEX=2,0.018028147230982672
pbtype__PBCWALK=1,pbtype__PBCWALK=1,0.0179373877576241
safetyeq__NMLIGHT=1,safetyeq__NMLIGHT=1,0.017752247376112917
nmcrash__NMCC=2,nmcrash__NMCC=2,0.01773504440084195
vpicdecode__AIRBAGLOCFRONTID=3.0,vpicdecode__AIRBAGLOCFRONTID=3.0,0.01771884706015836
cevent__SOE=9,cevent__SOE=9,0.017699026526182715
vehicle__PCRASH4=1,vehicle__PCRASH4=1,0.017630989333672575
pbtype__PEDCTYPE=0,pbtype__PEDCTYPE=0,0.017481316990223927
pbtype__PEDLOC=3,pbtype__PEDLOC=3,0.0174450401992976
vision__VISION=0,vision__VISION=0,0.017334173616683435
safetyeq__NMOTHPRO=1,safetyeq__NMOTHPRO=1,0.01732405527728309
person__PER_TYP=6,person__PER_TYP=6,0.01722069066621912
person__TOW_VEH=0.0,person__TOW_VEH=0.0,0.016889194281036746
person__LOCATION=1,person__LOCATION=1,0.016723806270318553
person__ICFINALBODY=0.0,person__ICFINALBODY=0.0,0.016691535758400766
vehicle__VTCONT_F=3,vehicle__VTCONT_F=3,0.016155646902998644
person__STR_VEH=0,person__STR_VEH=0,0.016088872354601547
safetyeq__NMPROPAD=1,safetyeq__NMPROPAD=1,0.016001407581965
vehicle__TRLR1GVWR=77,vehicle__TRLR1GVWR=77,0.015892373787785408
vision__n_rows,vision__n_rows,0.015877197033468793
vpicdecode__DISPLACEMENTL__max,vpicdecode__DISPLACEMENTL__max,0.01581680855187928
vehicle__VEVENT_IM=9,vehicle__VEVENT_IM=9,0.015725384685848942
cevent__AOI1=12,cevent__AOI1=12,0.01547102705567771
pbtype__PEDDIR=8,pbtype__PEDDIR=8,0.015441324761559683
drimpair__DRIMPAIR=0,drimpair__DRIMPAIR=0,0.01530169705228901
pbtype__PEDPOS=2,pbtype__PEDPOS=2,0.015293855437066961
safetyeq__NMOTHPRE=1,safetyeq__NMOTHPRE=1,0.015195413124533319
person__DEVMOTOR=0.0,person__DEVMOTOR=0.0,0.015186988504251264
cevent__SOE=1,cevent__SOE=1,0.015163533785662153
drimpair__n_rows,drimpair__n_rows,0.015148769181056565
vehicle__SPEC_USE=0,vehicle__SPEC_USE=0,0.014989785179484905
acc__MANCOL_IM_0.0,acc__MANCOL_IM,0.01494878896588081
pbtype__PEDPOS=3,pbtype__PEDPOS=3,0.014825531638587464
damage__DAMAGE=12,damage__DAMAGE=12,0.014820071824840353
pbtype__PEDLOC=1,pbtype__PEDLOC=1,0.01478720388569954
person__IMPACT1=12.0,person__IMPACT1=12.0,0.014772627939918292
pbtype__PEDCGP=750,pbtype__PEDCGP=750,0.014665788985072314
vehicle__UNDEROVERRIDE=7.0,vehicle__UNDEROVERRIDE=7.0,0.014589545761825917
vehicle__ICFINALBODY=0,vehicle__ICFINALBODY=0,0.014573380766825794
vpicdecode__ENGINECYLINDERSCOUNT__max,vpicdecode__ENGINECYLINDERSCOUNT__max,0.01451815409802748
vehicle__TOWED=6,vehicle__TOWED=6,0.01441474909085505
vehicle__VALIGN=1,vehicle__VALIGN=1,0.014201105910138345
vehicle__HIT_RUN=0,vehicle__HIT_RUN=0,0.014189347568985378
person__IMPACT1=6.0,person__IMPACT1=6.0,0.01410415716380986
vehicle__VPROFILE=1,vehicle__VPROFILE=1,0.014012780957445514
safetyeq__NMREFCLO=1,safetyeq__NMREFCLO=1,0.013957659906749242
person__AIR_BAG=1,person__AIR_BAG=1,0.013674562481762909
vehicle__IMPACT1_IM=6,vehicle__IMPACT1_IM=6,0.013382639320791201
vpicdecode__BUSTYPEID=0.0,vpicdecode__BUSTYPEID=0.0,0.013321723531003915
vehicle__BUS_USE=0,vehicle__BUS_USE=0,0.013082864818172002
nmimpair__NMIMPAIR=0,nmimpair__NMIMPAIR=0,0.012879729198444378
vsoe__AOI=12,vsoe__AOI=12,0.0127179933906032
violatn__VIOLATION=0,violatn__VIOLATION=0,0.012381579889355399
pbtype__PEDCGP=790,pbtype__PEDCGP=790,0.012273566446049822
vehicle__UNDEROVERRIDE=0.0,vehicle__UNDEROVERRIDE=0.0,0.012065245167045102
vehicle__IMPACT1_IM=12,vehicle__IMPACT1_IM=12,0.011923012106279884
vpicdecode__DESTINATIONMARKETID=1.0,vpicdecode__DESTINATIONMARKETID=1.0,0.011827326445420727
vehicle__VNUM_LAN=8,vehicle__VNUM_LAN=8,0.011736266057065459
person__DEVTYPE=0.0,person__DEVTYPE=0.0,0.011550274946520389
pbtype__BIKEDIR=1,pbtype__BIKEDIR=1,0.011470819091490059
vpicdecode__WHEELSCOUNT__min,vpicdecode__WHEELSCOUNT__min,0.011432407511836162
pbtype__PEDDIR=9,pbtype__PEDDIR=9,0.011155104371844082
acc__ALCHL_IM_2.0,acc__ALCHL_IM,0.011009517697671889
person__HELM_USE=17,person__HELM_USE=17,0.010960404657476275
vehicle__TRAV_SP__max,vehicle__TRAV_SP__max,0.010945705644683557
person__ROLLOVER=8.0,person__ROLLOVER=8.0,0.010780506447467308
pbtype__BIKELOC=1,pbtype__BIKELOC=1,0.010777755307378012
person__GVWR_FROM=11.0,person__GVWR_FROM=11.0,0.01076964857774021
vehicle__V_CONFIG=0,vehicle__V_CONFIG=0,0.010762342556006832
vehicle__ROLLOVER=8,vehicle__ROLLOVER=8,0.010485004603864923
vehicle__ACC_TYPE=13,vehicle__ACC_TYPE=13,0.010414459897040595
cevent__AOI2=55,cevent__AOI2=55,0.010298028369900125
vevent__AOI2=6,vevent__AOI2=6,0.010197490280217103
vpicdecode__BODYCLASSID=80.0,vpicdecode__BODYCLASSID=80.0,0.009764418199205593
pbtype__PBSWALK=1,pbtype__PBSWALK=1,0.00976078100997757
vehicle__VEVENT_IM=1,vehicle__VEVENT_IM=1,0.009758444200993255
vehicle__CARGO_BT=0,vehicle__CARGO_BT=0,0.009741772181324881
person__REST_MIS=7,person__REST_MIS=7,0.009734235747967057
vehicle__ACC_TYPE=45,vehicle__ACC_TYPE=45,0.009729187613767065
vehicle__P_CRASH2=53,vehicle__P_CRASH2=53,0.009522354921634557
vpicdecode__BATTERYPACKSPERVEHICLE__min,vpicdecode__BATTERYPACKSPERVEHICLE__min,0.009395134175843145
vpicdecode__ENGINESTROKECYCLES__min,vpicdecode__ENGINESTROKECYCLES__min,0.009313626726077606
vehicle__P_CRASH2=60,vehicle__P_CRASH2=60,0.009287497408556167
acc__URBANICITY_1.0,acc__URBANICITY,0.009239080265560862
pbtype__MOTDIR=2,pbtype__MOTDIR=2,0.00914983129776381
pbtype__MOTMAN=1,pbtype__MOTMAN=1,0.009119056636551326
acc__REL_ROAD_1.0,acc__REL_ROAD,0.009086060786540395
person__HELM_USE=5,person__HELM_USE=5,0.009067042628288391
vehicle__VEVENT_IM=11,vehicle__VEVENT_IM=11,0.009061147461663088
acc__EVENT1_IM_1.0,acc__EVENT1_IM,0.008958264526595539
vehicle__VTRAFCON=2,vehicle__VTRAFCON=2,0.008921248542624216
pbtype__BIKEDIR=2,pbtype__BIKEDIR=2,0.00886451559363377
vpicdecode__ENGINEBRAKEHP_TO__max,vpicdecode__ENGINEBRAKEHP_TO__max,0.00882093605963008
person__SEX_IM=1,person__SEX_IM=1,0.00880637623032765
vehicle__P_CRASH2=62,vehicle__P_CRASH2=62,0.008772257173325526
vpicdecode__SEATSCOUNT__min,vpicdecode__SEATSCOUNT__min,0.008638300062635551
vevent__AOI2=12,vevent__AOI2=12,0.008622401432490268
vehicle__DEFORMED=4,vehicle__DEFORMED=4,0.008567836449666633
acc__SCH_BUS_0.0,acc__SCH_BUS,0.0084621777095788
vpicdecode__TPMSID=1.0,vpicdecode__TPMSID=1.0,0.00835534071893318
cevent__SOE=11,cevent__SOE=11,0.008321332547300608
vehicle__TRAV_SP__min,vehicle__TRAV_SP__min,0.008309893547030711
acc__LGTCON_IM_1.0,acc__LGTCON_IM,0.008244281592567626
cevent__AOI2=12,cevent__AOI2=12,0.008231404514081664
parkwork__PTRAILER=0,parkwork__PTRAILER=0,0.008226022028784197
vehicle__VTRAFWAY=6,vehicle__VTRAFWAY=6,0.008067584249880522
vpictrailerdecode__TRAILERLENGTHFT__min,vpictrailerdecode__TRAILERLENGTHFT__min,0.008065471649585154
vehicle__BDYTYP_IM=80.0,vehicle__BDYTYP_IM=80.0,0.008020132901417565
acc__MANCOL_IM_1.0,acc__MANCOL_IM,0.007974982274730369
nmprior__NMACTION=5,nmprior__NMACTION=5,0.007945971797419071
damage__DAMAGE=10,damage__DAMAGE=10,0.00792475521488245
acc__RELJCT2_IM_2.0,acc__RELJCT2_IM,0.007919311166159515
parkwork__PMAN_COLL=0,parkwork__PMAN_COLL=0,0.007884020971212546
drimpair__DRIMPAIR=98,drimpair__DRIMPAIR=98,0.007876973638921037
person__ATST_TYP=1,person__ATST_TYP=1,0.007876502087686976
person__PERALCH_IM=1,person__PERALCH_IM=1,0.00787583570904693
nmcrash__NMCC=3,nmcrash__NMCC=3,0.007859064829811802
pbtype__BIKEPOS=1,pbtype__BIKEPOS=1,0.007802393175588174
person__DEVTYPE=3.0,person__DEVTYPE=3.0,0.007776123975663518
vehicle__ACC_TYPE=21,vehicle__ACC_TYPE=21,0.007768576119493442
vehicle__PCRASH1_IM=15,vehicle__PCRASH1_IM=15,0.007756402135943308
safetyeq__NMLIGHT=2,safetyeq__NMLIGHT=2,0.0076716923339175125
safetyeq__NMHELMET=2,safetyeq__NMHELMET=2,0.007528094209036107
person__PERALCH_IM=0,person__PERALCH_IM=0,0.007518398439291696
acc__EVENT1_IM_11.0,acc__EVENT1_IM,0.007415123932677181
personrf__PERSONRF=0,personrf__PERSONRF=0,0.0073822742875735425
vehicle__ROLINLOC=5,vehicle__ROLINLOC=5,0.007375062451476344
vehicle__GVWR_FROM=11,vehicle__GVWR_FROM=11,0.007370745364660758
person__ALC_STATUS=8,person__ALC_STATUS=8,0.007326835704696499
vehicle__VALIGN=2,vehicle__VALIGN=2,0.007270952576288403
pbtype__MOTMAN=3,pbtype__MOTMAN=3,0.007264061578428294
person__ALC_STATUS=0,person__ALC_STATUS=0,0.007121248297764504
vpicdecode__VEHICLETYPEID=7,vpicdecode__VEHICLETYPEID=7,0.0071203788551592595
vpicdecode__DRIVETYPEID=1.0,vpicdecode__DRIVETYPEID=1.0,0.007113825105269589
person__DRUGS=8,person__DRUGS=8,0.007072414052311293
vehicle__P_CRASH3=99,vehicle__P_CRASH3=99,0.007021844688432921
parkwork__PMODYEAR__max,parkwork__PMODYEAR__max,0.006989842088265474
vehicle__NUMOCCS__max,vehicle__NUMOCCS__max,0.0069827722458952746
vpicdecode__CURBWEIGHTLB__min,vpicdecode__CURBWEIGHTLB__min,0.006971168649887671
vehicle__VTRAFWAY=7,vehicle__VTRAFWAY=7,0.006961128443304654
vevent__AOI2=3,vevent__AOI2=3,0.006954677381670216
person__EJECT_IM=1,person__EJECT_IM=1,0.006926326872603195
vpicdecode__PLANTCOUNTRYID=6.0,vpicdecode__PLANTCOUNTRYID=6.0,0.006906883391457397
crashrf__n_rows,crashrf__n_rows,0.006900370300592984
vpicdecode__BRAKESYSTEMTYPEID=2.0,vpicdecode__BRAKESYSTEMTYPEID=2.0,0.006831696854287417
damage__DAMAGE=3,damage__DAMAGE=3,0.006826024414956056
vehicle__GVWR_TO=12,vehicle__GVWR_TO=12,0.006804112120246231
person__GVWR_TO=18.0,person__GVWR_TO=18.0,0.006749095986139375
vpicdecode__WHEELBASEIN_FROM__max,vpicdecode__WHEELBASEIN_FROM__max,0.006748585878552094
vpicdecode__WHEELSIZEFRONTIN__max,vpicdecode__WHEELSIZEFRONTIN__max,0.006730919298518101
vpicdecode__ENGINEBRAKEHP_TO__min,vpicdecode__ENGINEBRAKEHP_TO__min,0.006723563031791002
vehicle__IMPACT1_IM=0,vehicle__IMPACT1_IM=0,0.0067105553365847115
vevent__AOI1=98,vevent__AOI1=98,0.006708779919846641
pbtype__PEDCGP=990,pbtype__PEDCGP=990,0.006697765256391097
vehicle__DEFORMED=0,vehicle__DEFORMED=0,0.0066551574826465565
vpicdecode__DOORSCOUNT__min,vpicdecode__DOORSCOUNT__min,0.0066461225257714585
acc__REGION_3.0,acc__REGION,0.00664501294284503
vpicdecode__WHEELSIZEREARIN__min,vpicdecode__WHEELSIZEREARIN__min,0.006634650593200675
vehicle__GVWR_TO=11,vehicle__GVWR_TO=11,0.0066164769598373585
parkwork__PTOWED=5,parkwork__PTOWED=5,0.006590342572150076
vehicle__VTRAFCON=0,vehicle__VTRAFCON=0,0.0065802971387805
vsoe__AOI=6,vsoe__AOI=6,0.0065655681706391356
vehicle__ROLLOVER=1,vehicle__ROLLOVER=1,0.00653126846130947
vpicdecode__WHEELBASEIN_TO__max,vpicdecode__WHEELBASEIN_TO__max,0.006520125651521269
vpicdecode__GROSSCOMBWEIGHTRATINGFROMID=5.0,vpicdecode__GROSSCOMBWEIGHTRATINGFROMID=5.0,0.006493090329704021
damage__DAMAGE=11,damage__DAMAGE=11,0.00646583018569169
vpicdecode__WHEELSCOUNT__max,vpicdecode__WHEELSCOUNT__max,0.006409506162613932
person__EMER_USE=8.0,person__EMER_USE=8.0,0.006388999776938853
vpicdecode__TRACKWIDTHIN__min,vpicdecode__TRACKWIDTHIN__min,0.00637215933847024
person__ROLLOVER=1.0,person__ROLLOVER=1.0,0.00636519226544352
vehicle__PCRASH5=1,vehicle__PCRASH5=1,0.006363485398459545
vehicle__VTRAFWAY=1,vehicle__VTRAFWAY=1,0.006358587574869956
parkwork__PBUS_USE=0,parkwork__PBUS_USE=0,0.006342648980942833
pbtype__BIKECGP=230,pbtype__BIKECGP=230,0.006337095870704301
vpicdecode__TOPSPEEDMPH__max,vpicdecode__TOPSPEEDMPH__max,0.006335534412935662
person__SPEC_USE=5.0,person__SPEC_USE=5.0,0.006294283634922904
vpicdecode__SEATROWSCOUNT__min,vpicdecode__SEATROWSCOUNT__min,0.00627355579210942
vehicle__VTRAFCON=3,vehicle__VTRAFCON=3,0.006272607924382667
distract__DRDISTRACT=96,distract__DRDISTRACT=96,0.006270197227533192
driverrf__DRIVERRF=54,driverrf__DRIVERRF=54,0.006254824703651574
nmcrash__NMCC=6,nmcrash__NMCC=6,0.006227771017565997
cevent__AOI1=6,cevent__AOI1=6,0.006162160988069987
pbtype__PEDLEG=1,pbtype__PEDLEG=1,0.006145373398157794
pbtype__BIKECGP=210,pbtype__BIKECGP=210,0.006122624634756324
vpicdecode__AIRBAGLOCSIDEID=3.0,vpicdecode__AIRBAGLOCSIDEID=3.0,0.006049567997596039
person__GVWR_TO=13.0,person__GVWR_TO=13.0,0.0060261700414649955
vehicle__VEVENT_IM=14,vehicle__VEVENT_IM=14,0.005952276851789673
vpicdecode__STEERINGLOCATIONID=1.0,vpicdecode__STEERINGLOCATIONID=1.0,0.005948674678815102
vpicdecode__FUELTYPEPRIMARYID=15.0,vpicdecode__FUELTYPEPRIMARYID=15.0,0.005909961671166641
acc__REGION_4.0,acc__REGION,0.005907259616080962
pbtype__MOTMAN=2,pbtype__MOTMAN=2,0.005870651017441331
vpicdecode__DOORSCOUNT__max,vpicdecode__DOORSCOUNT__max,0.005839039833883453
vpicdecode__FUELTYPEPRIMARYID=4.0,vpicdecode__FUELTYPEPRIMARYID=4.0,0.005805829131005247
vehicle__TOWED=7,vehicle__TOWED=7,0.005787571686739712
damage__DAMAGE=1,damage__DAMAGE=1,0.005775110976587561
acc__MANCOL_IM_2.0,acc__MANCOL_IM,0.005769290851421527
vpicdecode__BRAKESYSTEMTYPEID=1.0,vpicdecode__BRAKESYSTEMTYPEID=1.0,0.005758143422288642
vehicle__HIT_RUN=1,vehicle__HIT_RUN=1,0.00574939400412755
vehicle__VSPD_LIM__min,vehicle__VSPD_LIM__min,0.0057299363674081505
nmcrash__NMCC=12,nmcrash__NMCC=12,0.005707973262804034
person__BODY_TYP=14.0,person__BODY_TYP=14.0,0.0057072394494610545
person__GVWR_TO=11.0,person__GVWR_TO=11.0,0.0057068640548647576
person__DEVMOTOR=1.0,person__DEVMOTOR=1.0,0.00563086689248804
vpicdecode__BATTERYKWH_FROM__min,vpicdecode__BATTERYKWH_FROM__min,0.005571503971912639
vpicdecode__WHEELSIZEFRONTIN__min,vpicdecode__WHEELSIZEFRONTIN__min,0.00553706866757997
vehicle__P_CRASH2=11,vehicle__P_CRASH2=11,0.005534183420749628
pbtype__PEDCTYPE=791,pbtype__PEDCTYPE=791,0.00552197078318839
vpicdecode__GROSSVEHICLEWEIGHTRATINGFROMID=4.0,vpicdecode__GROSSVEHICLEWEIGHTRATINGFROMID=4.0,0.005505150700350514
person__VPICBODYCLASS=66.0,person__VPICBODYCLASS=66.0,0.005500149141171917
vpicdecode__HEADLAMPLIGHTSOURCEID=1.0,vpicdecode__HEADLAMPLIGHTSOURCEID=1.0,0.005499120721955242
person__GVWR_FROM=13.0,person__GVWR_FROM=13.0,0.005497575786562958
pbtype__PEDLEG=2,pbtype__PEDLEG=2,0.00543096445445812
vpicdecode__BASEPRICE__min,vpicdecode__BASEPRICE__min,0.005405443624299178
vehicle__ACC_TYPE=20,vehicle__ACC_TYPE=20,0.005404999756186246
driverrf__DRIVERRF=10,driverrf__DRIVERRF=10,0.005390400026381581
vehicle__MDLYR_IM__min,vehicle__MDLYR_IM__min,0.005387923270284034
person__AIR_BAG=2,person__AIR_BAG=2,0.005363988260029817
vehicle__PCRASH1_IM=11,vehicle__PCRASH1_IM=11,0.005335361560222518
damage__DAMAGE=6,damage__DAMAGE=6,0.005334806224485122
parkwork__PM_HARM=12,parkwork__PM_HARM=12,0.005326876348464404
vehicle__MAKE=23,vehicle__MAKE=23,0.0053207781159188006
vpicdecode__DYNAMICBRAKESUPPORTID=1.0,vpicdecode__DYNAMICBRAKESUPPORTID=1.0,0.005311110067356406
maneuver__MANEUVER=5,maneuver__MANEUVER=5,0.005280819480254051
vehicle__PCRASH1_IM=2,vehicle__PCRASH1_IM=2,0.005273303956837783
pbtype__BIKECTYPE=180,pbtype__BIKECTYPE=180,0.0052727008250308405
pbtype__PEDCTYPE=760,pbtype__PEDCTYPE=760,0.005267905060410971
pbtype__PEDSNR=3b,pbtype__PEDSNR=3b,0.005245473882537599
nmcrash__NMCC=1,nmcrash__NMCC=1,0.005227364595282946
vpicdecode__ANTILOCKBRAKESYSTEMID=1.0,vpicdecode__ANTILOCKBRAKESYSTEMID=1.0,0.0052261629779406515
vehicle__PCRASH1_IM=5,vehicle__PCRASH1_IM=5,0.005224403679459977
vehicle__J_KNIFE=1,vehicle__J_KNIFE=1,0.005218970638732667
vpictrailerdecode__PLANTCOUNTRYID=12.0,vpictrailerdecode__PLANTCOUNTRYID=12.0,0.005204576616511192
person__IMPACT1=0.0,person__IMPACT1=0.0,0.005190697557395874
vpicdecode__FUELTYPESECONDARYID=15.0,vpicdecode__FUELTYPESECONDARYID=15.0,0.0051720107766561885
weather__n_rows,weather__n_rows,0.005141262190027751
parkwork__PHOUR=20,parkwork__PHOUR=20,0.0051027340796747644
vehicle__VPICBODYCLASS=95,vehicle__VPICBODYCLASS=95,0.005085951853215143
vehicle__VTRAFWAY=3,vehicle__VTRAFWAY=3,0.005072277764635924
pbtype__BIKELOC=3,pbtype__BIKELOC=3,0.005031052059898178
acc__URBANICITY_2.0,acc__URBANICITY,0.005025833443395689
person__MOD_YEAR__max,person__MOD_YEAR__max,0.00501737751217135
pbtype__BIKEDIR=9,pbtype__BIKEDIR=9,0.005010074269867548
maneuver__MANEUVER=98,maneuver__MANEUVER=98,0.0049914797544112766
vehicle__PCRASH1_IM=1,vehicle__PCRASH1_IM=1,0.004970785493301433
acc__REGION_2.0,acc__REGION,0.004954704750419925
person__BODY_TYP=34.0,person__BODY_TYP=34.0,0.00495343371078083
person__DEVMOTOR=3.0,person__DEVMOTOR=3.0,0.004949980232820561
vehicle__SPEEDREL=4,vehicle__SPEEDREL=4,0.0049407272685790815
vehicle__NUMOCCS__min,vehicle__NUMOCCS__min,0.004935665396364142
pbtype__PEDCTYPE=781,pbtype__PEDCTYPE=781,0.0049336042045777795
person__ALC_STATUS=2,person__ALC_STATUS=2,0.004915177125150327
pbtype__PEDCTYPE=770,pbtype__PEDCTYPE=770,0.004907348459077365
acc__MANCOL_IM_11.0,acc__MANCOL_IM,0.004898614465354223
vpicdecode__AIRBAGLOCSEATCUSHIONID=1.0,vpicdecode__AIRBAGLOCSEATCUSHIONID=1.0,0.004897616031905416
vehicle__VNUM_LAN=6,vehicle__VNUM_LAN=6,0.00488589028244335
parkwork__PHARM_EV=30,parkwork__PHARM_EV=30,0.004884046932913222
personrf__n_rows,personrf__n_rows,0.004877777729274557
vpicdecode__WHEELBASEIN_TO__min,vpicdecode__WHEELBASEIN_TO__min,0.004857331195477155
vpicdecode__REARCROSSTRAFFICALERTID=1.0,vpicdecode__REARCROSSTRAFFICALERTID=1.0,0.004826065202912844
vehicle__PCRASH5=6,vehicle__PCRASH5=6,0.004819256486002121
vehicle__P_CRASH3=1,vehicle__P_CRASH3=1,0.004810098175177968
vision__VISION=97,vision__VISION=97,0.004793737323308678
parkwork__PSP_USE=99,parkwork__PSP_USE=99,0.004759998207832128
drimpair__DRIMPAIR=9,drimpair__DRIMPAIR=9,0.00475482488436052
vehicle__ROLLOVER=3,vehicle__ROLLOVER=3,0.004754750910750394
vpictrailerdecode__AXLESCOUNT__max,vpictrailerdecode__AXLESCOUNT__max,0.004754641074865562
pbtype__MOTDIR=3,pbtype__MOTDIR=3,0.004751187558842629
vpicdecode__SEMIAUTOHEADLAMPBEAMSWITCHINGID=1.0,vpicdecode__SEMIAUTOHEADLAMPBEAMSWITCHINGID=1.0,0.004749170856521712
person__IMPACT1=7.0,person__IMPACT1=7.0,0.004742303654964308
vehicle__V_CONFIG=99,vehicle__V_CONFIG=99,0.004736453363096915
person__ICFINALBODY=60.0,person__ICFINALBODY=60.0,0.004735902066798525
vehicle__TOWED=3,vehicle__TOWED=3,0.004726755482316269
vevent__AOI1=6,vevent__AOI1=6,0.0047197772040765695
vpicdecode__GROSSVEHICLEWEIGHTRATINGTOID=12.0,vpicdecode__GROSSVEHICLEWEIGHTRATINGTOID=12.0,0.004719018745403369
pbtype__PEDDIR=3,pbtype__PEDDIR=3,0.004708038671308978
acc__MONTH_2.0,acc__MONTH,0.0046998798301587374
parkwork__PMODYEAR__min,parkwork__PMODYEAR__min,0.004690664140522438
vpicdecode__BATTERYMODULESPERPACK__min,vpicdecode__BATTERYMODULESPERPACK__min,0.004686996750375982
parkwork__PBUS_USE=99,parkwork__PBUS_USE=99,0.004643376926915854
vehicle__VNUM_LAN=2,vehicle__VNUM_LAN=2,0.0046266440778637286
acc__MANCOL_IM_6.0,acc__MANCOL_IM,0.0046154020977080545
parkwork__PCARGTYP=96,parkwork__PCARGTYP=96,0.004612799806072099
vehicle__PCRASH5=2,vehicle__PCRASH5=2,0.00460623710492758
vpicdecode__TRUCKBEDTYPEID=0.0,vpicdecode__TRUCKBEDTYPEID=0.0,0.00460167838473402
parkwork__PM_HARM=14,parkwork__PM_HARM=14,0.004597648667043819
vpicdecode__BATTERYV_FROM__min,vpicdecode__BATTERYV_FROM__min,0.004578012231460482
crashrf__CRASHRF=23,crashrf__CRASHRF=23,0.0045605990866848245
parkwork__PIMPACT1=10,parkwork__PIMPACT1=10,0.004553959428118315
vpicdecode__TRACKWIDTHIN__max,vpicdecode__TRACKWIDTHIN__max,0.004549937250990288
vehicle__VNUM_LAN=4,vehicle__VNUM_LAN=4,0.004542740012063895
vehicle__TOW_VEH=1,vehicle__TOW_VEH=1,0.004542236158248114
nmdistract__NMDISTRACT=0,nmdistract__NMDISTRACT=0,0.004534754126874985
nmprior__NMACTION=6,nmprior__NMACTION=6,0.004531464025103515
person__HELM_USE=19,person__HELM_USE=19,0.004530754009908655
person__IMPACT1=2.0,person__IMPACT1=2.0,0.004528992383048491
vpicdecode__AXLESCOUNT__min,vpicdecode__AXLESCOUNT__min,0.004528179137320398
parkwork__PMONTH=9,parkwork__PMONTH=9,0.00452145784157687
damage__DAMAGE=9,damage__DAMAGE=9,0.004513042808053314
person__GVWR_TO=15.0,person__GVWR_TO=15.0,0.004480746665421753
person__IMPACT1=1.0,person__IMPACT1=1.0,0.004458151848610203
acc__HOUR_IM_-1.0,acc__HOUR_IM,0.004437471347228605
person__ATST_TYP=95,person__ATST_TYP=95,0.004434407547883712
pbtype__PEDCTYPE=140,pbtype__PEDCTYPE=140,0.004427669978520399
vehicle__VTRAFCON=20,vehicle__VTRAFCON=20,0.00442543573199905
vpicdecode__PLANTCOUNTRYID=12.0,vpicdecode__PLANTCOUNTRYID=12.0,0.004388069967524499
pbtype__PEDCGP=400,pbtype__PEDCGP=400,0.004357120266287762
pbtype__PEDPOS=5,pbtype__PEDPOS=5,0.004354940684093922
vehicle__CARGO_BT=96,vehicle__CARGO_BT=96,0.004341520470405147
distract__DRDISTRACT=0,distract__DRDISTRACT=0,0.004341039721301065
person__n_rows,person__n_rows,0.004328742259828378
weather__WEATHER=1,weather__WEATHER=1,0.004320749074930186
vpicdecode__DESTINATIONMARKETID=17.0,vpicdecode__DESTINATIONMARKETID=17.0,0.0043006204381721425
vpicdecode__AIRBAGLOCKNEEID=1.0,vpicdecode__AIRBAGLOCKNEEID=1.0,0.00429200297783594
vpicdecode__GROSSCOMBWEIGHTRATINGTOID=5.0,vpicdecode__GROSSCOMBWEIGHTRATINGTOID=5.0,0.004280135828851561
weather__WEATHER=4,weather__WEATHER=4,0.004259184917992931
acc__TYP_INT_1.0,acc__TYP_INT,0.004246424746625621
damage__DAMAGE=8,damage__DAMAGE=8,0.004244442097186996
pbtype__PBPTYPE=11,pbtype__PBPTYPE=11,0.004243752591998717
parkwork__PVPICBODYCLASS=7,parkwork__PVPICBODYCLASS=7,0.00422824367219321
vehicle__P_CRASH2=61,vehicle__P_CRASH2=61,0.004227875757769173
person__VPICBODYCLASS=13.0,person__VPICBODYCLASS=13.0,0.004209509309251125
driverrf__DRIVERRF=6,driverrf__DRIVERRF=6,0.004177888887527237
cevent__AOI2=1,cevent__AOI2=1,0.0041484775662046225
acc__MANCOL_IM_8.0,acc__MANCOL_IM,0.004146473362515168
vpictrailerdecode__GROSSVEHICLEWEIGHTRATINGFROMID=12.0,vpictrailerdecode__GROSSVEHICLEWEIGHTRATINGFROMID=12.0,0.004117639318314437
acc__TYP_INT_98.0,acc__TYP_INT,0.004107887714797975
parkwork__PMAKE=63,parkwork__PMAKE=63,0.004107232446117326
acc__ALCHL_IM_1.0,acc__ALCHL_IM,0.004102848799590664
pvehiclesf__PVEHICLESF=29,pvehiclesf__PVEHICLESF=29,0.0040992324940039016
person__GVWR_TO=14.0,person__GVWR_TO=14.0,0.004097713106348433
vpicdecode__AUTOPEDESTRIANALERTINGSOUNDID=2.0,vpicdecode__AUTOPEDESTRIANALERTINGSOUNDID=2.0,0.004095203301236916
vpicdecode__SAEAUTOMATIONLEVEL_FROM__min,vpicdecode__SAEAUTOMATIONLEVEL_FROM__min,0.004087644257786183
pbtype__BIKECTYPE=158,pbtype__BIKECTYPE=158,0.004081814049197607
acc__RELJCT1_IM_0.0,acc__RELJCT1_IM,0.004069142020181937
nmimpair__NMIMPAIR=9,nmimpair__NMIMPAIR=9,0.004046458581246526
parkwork__PVPICBODYCLASS=2,parkwork__PVPICBODYCLASS=2,0.004028358358496131
pbtype__BIKECTYPE=141,pbtype__BIKECTYPE=141,0.004026745807358623
acc__RELJCT2_IM_19.0,acc__RELJCT2_IM,0.004020060727018215
nmcrash__NMCC=19,nmcrash__NMCC=19,0.004010408052084191
vpicdecode__ENGINEELECTRIFICATIONLEVELID=4.0,vpicdecode__ENGINEELECTRIFICATIONLEVELID=4.0,0.004002210121848426
pbtype__MOTDIR=1,pbtype__MOTDIR=1,0.003998321270463956
parkwork__PVPICBODYCLASS=95,parkwork__PVPICBODYCLASS=95,0.003987564821505973
vpicdecode__GROSSVEHICLEWEIGHTRATINGFROMID=11.0,vpicdecode__GROSSVEHICLEWEIGHTRATINGFROMID=11.0,0.003978858134353835
vpicdecode__SEATROWSCOUNT__max,vpicdecode__SEATROWSCOUNT__max,0.003978638781627852
vehicle__GVWR_FROM=18,vehicle__GVWR_FROM=18,0.00396822854815615
maneuver__MANEUVER=0,maneuver__MANEUVER=0,0.003967875165106882
pbtype__BIKELOC=2,pbtype__BIKELOC=2,0.003967613094019606
parkwork__PCARGTYP=1,parkwork__PCARGTYP=1,0.003952713132047814
pbtype__PEDPOS=9,pbtype__PEDPOS=9,0.003942199585429185
violatn__VIOLATION=11,violatn__VIOLATION=11,0.003911130232239435
parkwork__PGVWR_FROM=17,parkwork__PGVWR_FROM=17,0.003908884866047346
distract__DRDISTRACT=99,distract__DRDISTRACT=99,0.0038949398022603
vpicdecode__TRANSMISSIONSPEEDS__max,vpicdecode__TRANSMISSIONSPEEDS__max,0.003866983398896906
damage__DAMAGE=5,damage__DAMAGE=5,0.0038462834118697664
parkwork__PHARM_EV=12,parkwork__PHARM_EV=12,0.003832260983227309
pbtype__PEDSNR=7a,pbtype__PEDSNR=7a,0.0038203275830672734
driverrf__DRIVERRF=51,driverrf__DRIVERRF=51,0.0038193121595646584
vehicle__P_CRASH2=66,vehicle__P_CRASH2=66,0.0038136089433211673
vehicle__VTRAFWAY=8,vehicle__VTRAFWAY=8,0.0038060561983295216
vpicdecode__TOPSPEEDMPH__min,vpicdecode__TOPSPEEDMPH__min,0.003786206874500042
vehicle__VTCONT_F=8,vehicle__VTCONT_F=8,0.00378601089415298
vpicdecode__ENGINECOOLINGTYPEID=1.0,vpicdecode__ENGINECOOLINGTYPEID=1.0,0.003783600379787977
person__VPICBODYCLASS=7.0,person__VPICBODYCLASS=7.0,0.003757382158741107
vpicdecode__GROSSVEHICLEWEIGHTRATINGFROMID=9.0,vpicdecode__GROSSVEHICLEWEIGHTRATINGFROMID=9.0,0.003752843951844609
acc__WKDY_IM_6.0,acc__WKDY_IM,0.0037480652317114505
parkwork__PIMPACT1=1,parkwork__PIMPACT1=1,0.00372876544442291
vehicle__VSURCOND=2,vehicle__VSURCOND=2,0.0037250355034130767
person__REST_USE=2,person__REST_USE=2,0.0037151108315938153
crashrf__CRASHRF=0,crashrf__CRASHRF=0,0.0036944210167757507
person__ALC_RES=997,person__ALC_RES=997,0.00368473504104716
pbtype__PEDCTYPE=742,pbtype__PEDCTYPE=742,0.0036837706658523484
parkwork__PTOWED=3,parkwork__PTOWED=3,0.003682658673227035
parkwork__PHOUR=15,parkwork__PHOUR=15,0.0036726406833265113
vision__VISION=7,vision__VISION=7,0.0036572148803395432
parkwork__PM_HARM=8,parkwork__PM_HARM=8,0.003656403880323511
vpicdecode__BLINDSPOTWARNINGID=1.0,vpicdecode__BLINDSPOTWARNINGID=1.0,0.0036417455206918525
parkwork__PMONTH=3,parkwork__PMONTH=3,0.0035993800497289286
person__VPICBODYCLASS=2.0,person__VPICBODYCLASS=2.0,0.0035759627814424544
pbtype__BIKEPOS=3,pbtype__BIKEPOS=3,0.0035570870441898883
parkwork__PIMPACT1=7,parkwork__PIMPACT1=7,0.0035422204170603155
parkwork__PMONTH=5,parkwork__PMONTH=5,0.0035383287495227567
vsoe__AOI=1,vsoe__AOI=1,0.003519832423829694
pbtype__PEDCGP=100,pbtype__PEDCGP=100,0.0035170305059344376
vpicdecode__DAYTIMERUNNINGLIGHTID=1.0,vpicdecode__DAYTIMERUNNINGLIGHTID=1.0,0.003511782114285378
parkwork__PIMPACT1=12,parkwork__PIMPACT1=12,0.0035015138100351617
vpicdecode__ENGINEELECTRIFICATIONLEVELID=2.0,vpicdecode__ENGINEELECTRIFICATIONLEVELID=2.0,0.00347770610276088
vpictrailerdecode__BODYCLASSID=61.0,vpictrailerdecode__BODYCLASSID=61.0,0.0034584951169092104
vehicle__SPEC_USE=5,vehicle__SPEC_USE=5,0.003452804944409804
vpicdecode__FUELTYPESECONDARYID=2.0,vpicdecode__FUELTYPESECONDARYID=2.0,0.0034487107839991094
vehicle__ACC_TYPE=98,vehicle__ACC_TYPE=98,0.003448659004233523
vehicle__VALIGN=3,vehicle__VALIGN=3,0.0034453501855344904
cevent__AOI2=6,cevent__AOI2=6,0.0034419148513549214
parkwork__PGVWR_TO=17,parkwork__PGVWR_TO=17,0.0034114747321123406
nmimpair__NMIMPAIR=96,nmimpair__NMIMPAIR=96,0.003392688827439594
violatn__VIOLATION=72,violatn__VIOLATION=72,0.0033796997943784657
cevent__AOI2=7,cevent__AOI2=7,0.0033793944025659606
vpicdecode__BATTERYA_FROM__min,vpicdecode__BATTERYA_FROM__min,0.0033792579383307153
pbtype__BIKECTYPE=212,pbtype__BIKECTYPE=212,0.00336800085514688
pbtype__BIKECGP=145,pbtype__BIKECGP=145,0.003363700771836342
vehicle__PCRASH1_IM=13,vehicle__PCRASH1_IM=13,0.003360104295462074
parkwork__PV_CONFIG=2,parkwork__PV_CONFIG=2,0.00333898912149988
person__MAKE=99.0,person__MAKE=99.0,0.00331373442886429
vpicdecode__BODYCLASSID=2.0,vpicdecode__BODYCLASSID=2.0,0.003295316583347807
vsoe__AOI=98,vsoe__AOI=98,0.0032913870331072737
vpicdecode__GROSSVEHICLEWEIGHTRATINGFROMID=1.0,vpicdecode__GROSSVEHICLEWEIGHTRATINGFROMID=1.0,0.0032760124040176475
person__BODY_TYP=20.0,person__BODY_TYP=20.0,0.003261990696306283
acc__REL_ROAD_4.0,acc__REL_ROAD,0.0032579965278864975
acc__MONTH_5.0,acc__MONTH,0.0032568476179952732
vehicle__PCRASH5=4,vehicle__PCRASH5=4,0.0032422449850106894
parkwork__PHARM_EV=33,parkwork__PHARM_EV=33,0.003235619052448513
vpicdecode__CHARGERLEVELID=2.0,vpicdecode__CHARGERLEVELID=2.0,0.0032204121606751457
vpicdecode__DESTINATIONMARKETID=3.0,vpicdecode__DESTINATIONMARKETID=3.0,0.003184794978545291
parkwork__PICFINALBODY=0,parkwork__PICFINALBODY=0,0.003184414287226822
pbtype__PEDSNR=5b,pbtype__PEDSNR=5b,0.0031646351172336384
vpicdecode__CHARGERPOWERKW__min,vpicdecode__CHARGERPOWERKW__min,0.0031585519306216447
acc__WRK_ZONE_1.0,acc__WRK_ZONE,0.0031499496013660533
vevent__AOI1=11,vevent__AOI1=11,0.0031247983277389313
parkwork__PMAKE=2,parkwork__PMAKE=2,0.003122467918102778
cevent__SOE=64,cevent__SOE=64,0.0030990554071061993
vehicle__SPEEDREL=8,vehicle__SPEEDREL=8,0.0030896831050541973
acc__WKDY_IM_7.0,acc__WKDY_IM,0.0030832987230047237
person__IMPACT1=10.0,person__IMPACT1=10.0,0.0030803929666181062
parkwork__PBODYTYP=21,parkwork__PBODYTYP=21,0.0030714553503041753
parkwork__PGVWR_FROM=12,parkwork__PGVWR_FROM=12,0.003061626029473352
person__SEAT_IM=22,person__SEAT_IM=22,0.003060097573733822
parkwork__PTYPE=2,parkwork__PTYPE=2,0.0030538501491350623
parkwork__PGVWR_TO=12,parkwork__PGVWR_TO=12,0.0030485738538226226
maneuver__MANEUVER=92,maneuver__MANEUVER=92,0.003041072708310111
vpicdecode__PLANTCOUNTRYID=3.0,vpicdecode__PLANTCOUNTRYID=3.0,0.003038446932513983
vehicle__VTRAFWAY=2,vehicle__VTRAFWAY=2,0.0030305118292386357
vpicdecode__BODYCLASSID=7.0,vpicdecode__BODYCLASSID=7.0,0.0030236909791350186
vehicle__ACC_TYPE=28,vehicle__ACC_TYPE=28,0.0030202899892521895
vpicdecode__AIRBAGLOCKNEEID=2.0,vpicdecode__AIRBAGLOCKNEEID=2.0,0.003017803327699742
person__GVWR_FROM=12.0,person__GVWR_FROM=12.0,0.00299720576030027
vpicdecode__WHEELSIZEREARIN__max,vpicdecode__WHEELSIZEREARIN__max,0.002995170378503609
vehicle__BODY_TYP=2,vehicle__BODY_TYP=2,0.0029476229424469924
cevent__AOI1=82,cevent__AOI1=82,0.002946898055923297
vpicdecode__GROSSVEHICLEWEIGHTRATINGTOID=1.0,vpicdecode__GROSSVEHICLEWEIGHTRATINGTOID=1.0,0.0029381542351771817
vpicdecode__REARCROSSTRAFFICALERTID=2.0,vpicdecode__REARCROSSTRAFFICALERTID=2.0,0.0029292665385511896
vision__VISION=99,vision__VISION=99,0.002928141489376257
weather__WEATHER=99,weather__WEATHER=99,0.00292499357054532
acc__WEATHR_IM_1.0,acc__WEATHR_IM,0.00290475101988541
vpicdecode__AXLESCOUNT__max,vpicdecode__AXLESCOUNT__max,0.0028903405535083415
person__BODY_TYP=66.0,person__BODY_TYP=66.0,0.002888198802354802
vpicdecode__DESTINATIONMARKETID=15.0,vpicdecode__DESTINATIONMARKETID=15.0,0.0028734529915781515
vpicdecode__BATTERYCELLSPERMODULE__min,vpicdecode__BATTERYCELLSPERMODULE__min,0.002864720606813309
nmcrash__NMCC=9,nmcrash__NMCC=9,0.0028631220235417754
acc__INT_HWY_0.0,acc__INT_HWY,0.0028478049262359306
nmdistract__NMDISTRACT=99,nmdistract__NMDISTRACT=99,0.0028372789503636753
person__VPICBODYCLASS=999.0,person__VPICBODYCLASS=999.0,0.002831759246216592
acc__MONTH_12.0,acc__MONTH,0.0028313863663183003
parkwork__PIMPACT1=62,parkwork__PIMPACT1=62,0.00282909832691991
person__SPEC_USE=99.0,person__SPEC_USE=99.0,0.002789102365097218
vpicdecode__AIRBAGLOCCURTAINID=3.0,vpicdecode__AIRBAGLOCCURTAINID=3.0,0.002768767130763683
parkwork__PHARM_EV=18,parkwork__PHARM_EV=18,0.0027677083873054453
parkwork__PCARGTYP=97,parkwork__PCARGTYP=97,0.0027613908514645402
vpictrailerdecode__GROSSVEHICLEWEIGHTRATINGFROMID=1.0,vpictrailerdecode__GROSSVEHICLEWEIGHTRATINGFROMID=1.0,0.002756464375789136
distract__DRDISTRACT=10,distract__DRDISTRACT=10,0.002749715168615996
vehicle__PCRASH1_IM=14,vehicle__PCRASH1_IM=14,0.0027483137448496286
pbtype__BIKEPOS=2,pbtype__BIKEPOS=2,0.0027369328822972605
vpicdecode__BATTERYKWH_TO__min,vpicdecode__BATTERYKWH_TO__min,0.002736704805548884
vehicle__PCRASH4=4,vehicle__PCRASH4=4,0.0027296815934023666
vpictrailerdecode__GROSSVEHICLEWEIGHTRATINGFROMID=7.0,vpictrailerdecode__GROSSVEHICLEWEIGHTRATINGFROMID=7.0,0.002725112533409124
vpicdecode__ELECTRONICSTABILITYCONTROLID=1.0,vpicdecode__ELECTRONICSTABILITYCONTROLID=1.0,0.002719928874259425
vpictrailerdecode__TRAILERBODYTYPEID=4.0,vpictrailerdecode__TRAILERBODYTYPEID=4.0,0.002709167776122401
cevent__AOI2=11,cevent__AOI2=11,0.002699287521250815
parkwork__PIMPACT1=6,parkwork__PIMPACT1=6,0.0026981092999838197
vevent__SOE=14,vevent__SOE=14,0.0026758167025529023
driverrf__DRIVERRF=37,driverrf__DRIVERRF=37,0.0026558228644120163
vpicdecode__AIRBAGLOCSEATCUSHIONID=3.0,vpicdecode__AIRBAGLOCSEATCUSHIONID=3.0,0.002655680283293105
vehicle__ACC_TYPE=68,vehicle__ACC_TYPE=68,0.002652226577106287
weather__WEATHER=2,weather__WEATHER=2,0.002650171786339417
safetyeq__NMREFCLO=9,safetyeq__NMREFCLO=9,0.0026100119000653788
drimpair__DRIMPAIR=8,drimpair__DRIMPAIR=8,0.002605769035597172
vehicle__ROLINLOC=1,vehicle__ROLINLOC=1,0.002605590061515839
vehicle__VTRAFCON=1,vehicle__VTRAFCON=1,0.0026045277176083292
driverrf__DRIVERRF=16,driverrf__DRIVERRF=16,0.0025974284608472065
vpicdecode__DESTINATIONMARKETID=13.0,vpicdecode__DESTINATIONMARKETID=13.0,0.002593323099385314
person__LOCATION=3,person__LOCATION=3,0.0025823961427673403
person__SEX_IM=2,person__SEX_IM=2,0.0025766662178581257
vpicdecode__WINDOWS__max,vpicdecode__WINDOWS__max,0.0025685856389126016
pbtype__BIKEPOS=9,pbtype__BIKEPOS=9,0.002566632253546919
person__GVWR_TO=12.0,person__GVWR_TO=12.0,0.0025649350556895545
person__BODY_TYP=4.0,person__BODY_TYP=4.0,0.0025639417475227244
acc__REL_ROAD_7.0,acc__REL_ROAD,0.002561361131496742
driverrf__DRIVERRF=58,driverrf__DRIVERRF=58,0.0025522294117237276
vision__VISION=1,vision__VISION=1,0.002543829923185914
nmdistract__NMDISTRACT=17,nmdistract__NMDISTRACT=17,0.0025412075497144304
acc__MONTH_10.0,acc__MONTH,0.002536827240373629
acc__TYP_INT_2.0,acc__TYP_INT,0.002526252928334305
pbtype__PEDSNR=99,pbtype__PEDSNR=99,0.0025259145149696405
pbtype__PBPTYPE=13,pbtype__PBPTYPE=13,0.002521351602180477
vpicdecode__ENGINECONFIGURATIONID=1.0,vpicdecode__ENGINECONFIGURATIONID=1.0,0.0025182108595429575
vehicle__IMPACT1_IM=3,vehicle__IMPACT1_IM=3,0.0025177616422662474
vehicle__V_CONFIG=6,vehicle__V_CONFIG=6,0.002508928942592137
cevent__SOE=42,cevent__SOE=42,0.0025009924985532894
acc__LGTCON_IM_6.0,acc__LGTCON_IM,0.002492293737295981
parkwork__PMAKE=12,parkwork__PMAKE=12,0.002488334862834618
vpicdecode__GROSSVEHICLEWEIGHTRATINGFROMID=17.0,vpicdecode__GROSSVEHICLEWEIGHTRATINGFROMID=17.0,0.0024720307938823627
vpicdecode__HEADLAMPLIGHTSOURCEID=2.0,vpicdecode__HEADLAMPLIGHTSOURCEID=2.0,0.0024675900345110247
acc__HOUR_IM_15.0,acc__HOUR_IM,0.0024674975556480128
vehicle__GVWR_FROM=13,vehicle__GVWR_FROM=13,0.002461436827765784
acc__REL_ROAD_3.0,acc__REL_ROAD,0.0024570615392751627
vpicdecode__AIRBAGLOCSIDEID=6.0,vpicdecode__AIRBAGLOCSIDEID=6.0,0.0024550410284345237
person__REST_USE=10,person__REST_USE=10,0.002453914304456628
parkwork__PMAN_COLL=6,parkwork__PMAN_COLL=6,0.0024365220241091556
violatn__VIOLATION=58,violatn__VIOLATION=58,0.0024225119037868392
vehicle__MAKE=20,vehicle__MAKE=20,0.0024215240439449115
vehicle__MAKE=30,vehicle__MAKE=30,0.0024039176033823217
weather__WEATHER=98,weather__WEATHER=98,0.0024034470353795356
vehicle__VPICBODYCLASS=13,vehicle__VPICBODYCLASS=13,0.0023978441239544956
person__IMPACT1=11.0,person__IMPACT1=11.0,0.0023898510680446794
vehicle__GVWR_FROM=16,vehicle__GVWR_FROM=16,0.002385240158906843
vpicdecode__SEMIAUTOHEADLAMPBEAMSWITCHINGID=2.0,vpicdecode__SEMIAUTOHEADLAMPBEAMSWITCHINGID=2.0,0.0023642954495166624
person__DRUGS=0,person__DRUGS=0,0.002363817782580213
vehicle__BODY_TYP=4,vehicle__BODY_TYP=4,0.0023577747766128088
cevent__SOE=30,cevent__SOE=30,0.0023561140087036136
pbtype__MOTDIR=4,pbtype__MOTDIR=4,0.002342375818170206
pbtype__PEDSNR=11b,pbtype__PEDSNR=11b,0.002339762868853734
vpicdecode__ADAPTIVEDRIVINGBEAMID=2.0,vpicdecode__ADAPTIVEDRIVINGBEAMID=2.0,0.002336024663644798
vpicdecode__DRIVETYPEID=7.0,vpicdecode__DRIVETYPEID=7.0,0.0023259626638103548
acc__INT_HWY_1.0,acc__INT_HWY,0.002323208411447064
parkwork__PBODYTYP=66,parkwork__PBODYTYP=66,0.0023026753560784208
parkwork__PCARGTYP=22,parkwork__PCARGTYP=22,0.0022959117867229484
vehicle__ROLLOVER=9,vehicle__ROLLOVER=9,0.0022942015878244515
vpicdecode__AUTOPEDESTRIANALERTINGSOUNDID=1.0,vpicdecode__AUTOPEDESTRIANALERTINGSOUNDID=1.0,0.002292853075410717
person__GVWR_TO=16.0,person__GVWR_TO=16.0,0.0022808965554936833
acc__REL_ROAD_2.0,acc__REL_ROAD,0.0022739644902383116
vehicle__MDLYR_IM__max,vehicle__MDLYR_IM__max,0.0022708632583887667
vevent__AOI2=1,vevent__AOI2=1,0.002261710520072846
person__SEAT_IM=23,person__SEAT_IM=23,0.0022496426231177757
acc__WEATHR_IM_2.0,acc__WEATHR_IM,0.002248003568560586
vehicle__BODY_TYP=34,vehicle__BODY_TYP=34,0.0022452031970294772
vevent__AOI1=10,vevent__AOI1=10,0.002241887761353034
violatn__VIOLATION=23,violatn__VIOLATION=23,0.0022379652240145376
pbtype__PEDCTYPE=410,pbtype__PEDCTYPE=410,0.002232999146812631
person__MAKE=7.0,person__MAKE=7.0,0.002223126090718397
vpictrailerdecode__TRAILERBODYTYPEID=6.0,vpictrailerdecode__TRAILERBODYTYPEID=6.0,0.0022221354067617494
cevent__AOI1=55,cevent__AOI1=55,0.002210582182954335
vpicdecode__BACKUPCAMERAID=1.0,vpicdecode__BACKUPCAMERAID=1.0,0.0022048002145416135
vehicle__V_CONFIG=88,vehicle__V_CONFIG=88,0.0021871598524401126
vpicdecode__FUELDELIVERYINJECTIONTYPEID=4.0,vpicdecode__FUELDELIVERYINJECTIONTYPEID=4.0,0.0021786855097734037
vpictrailerdecode__AXLESCOUNT__min,vpictrailerdecode__AXLESCOUNT__min,0.0021746381845193508
person__VPICBODYCLASS=11.0,person__VPICBODYCLASS=11.0,0.002166623605471374
vehicle__P_CRASH2=15,vehicle__P_CRASH2=15,0.002163207774860565
person__SPEC_USE=98.0,person__SPEC_USE=98.0,0.0021600871794560383
vehicle__BODY_TYP=6,vehicle__BODY_TYP=6,0.0021599467319286525
vpicdecode__DESTINATIONMARKETID=19.0,vpicdecode__DESTINATIONMARKETID=19.0,0.002155635966546443
person__BODY_TYP=15.0,person__BODY_TYP=15.0,0.0021539567429220696
vpicdecode__WHEELBASEIN_FROM__min,vpicdecode__WHEELBASEIN_FROM__min,0.0021413861093297903
pbtype__PEDCGP=740,pbtype__PEDCGP=740,0.0021331799034045584
vpictrailerdecode__TRAILERTYPECONNECTIONID=3.0,vpictrailerdecode__TRAILERTYPECONNECTIONID=3.0,0.0021265394385403535
person__MAKE=20.0,person__MAKE=20.0,0.00212483398083263
pbtype__PEDCTYPE=741,pbtype__PEDCTYPE=741,0.0021235232109035884
acc__MONTH_9.0,acc__MONTH,0.0021205849344554384
pbtype__BIKECGP=140,pbtype__BIKECGP=140,0.002112129136871088
vpicdecode__DESTINATIONMARKETID=6.0,vpicdecode__DESTINATIONMARKETID=6.0,0.0021108768615030193
pbtype__PEDPOS=6,pbtype__PEDPOS=6,0.0020967979174861817
crashrf__CRASHRF=16,crashrf__CRASHRF=16,0.0020859102833399312
vpictrailerdecode__TRAILERTYPECONNECTIONID=30.0,vpictrailerdecode__TRAILERTYPECONNECTIONID=30.0,0.0020813363843028565
vehicle__CARGO_BT=98,vehicle__CARGO_BT=98,0.0020797769596823112
vpicdecode__TRUCKBODYCABTYPEID=5.0,vpicdecode__TRUCKBODYCABTYPEID=5.0,0.002077563566610152
vpicdecode__TRUCKBEDLENGTHIN__min,vpicdecode__TRUCKBEDLENGTHIN__min,0.00206924596025182
vpicdecode__PLANTCOUNTRYID=30.0,vpicdecode__PLANTCOUNTRYID=30.0,0.0020682489658634395
vpicdecode__PLANTCOUNTRYID=5.0,vpicdecode__PLANTCOUNTRYID=5.0,0.002049641917096112
vpictrailerdecode__TRAILERTYPECONNECTIONID=6.0,vpictrailerdecode__TRAILERTYPECONNECTIONID=6.0,0.002046300202991125
acc__HOUR_IM_8.0,acc__HOUR_IM,0.002036843834009705
vpicdecode__DRIVETYPEID=2.0,vpicdecode__DRIVETYPEID=2.0,0.002035364767097869
parkwork__PMONTH=12,parkwork__PMONTH=12,0.0020330512163406755
vehicle__V_CONFIG=21,vehicle__V_CONFIG=21,0.0020184854282467857
vpicdecode__GROSSVEHICLEWEIGHTRATINGTOID=14.0,vpicdecode__GROSSVEHICLEWEIGHTRATINGTOID=14.0,0.0020001290015461137
vehicle__IMPACT1_IM=5,vehicle__IMPACT1_IM=5,0.0019907943394099625
vehicle__VTRAFCON=97,vehicle__VTRAFCON=97,0.0019805255212486106
vehicle__P_CRASH2=52,vehicle__P_CRASH2=52,0.0019788650183758527
vehicle__P_CRASH2=17,vehicle__P_CRASH2=17,0.0019749296820645856
vpicdecode__CURBWEIGHTLB__max,vpicdecode__CURBWEIGHTLB__max,0.001969799057318422
pbtype__PEDCGP=350,pbtype__PEDCGP=350,0.0019627301857143564
person__VPICBODYCLASS=95.0,person__VPICBODYCLASS=95.0,0.0019527018094382953
person__MAKE=63.0,person__MAKE=63.0,0.0019487167349248047
vehicle__BODY_TYP=14,vehicle__BODY_TYP=14,0.0019424383598876105
parkwork__PMONTH=1,parkwork__PMONTH=1,0.0019332912891221188
acc__RELJCT2_IM_1.0,acc__RELJCT2_IM,0.0019330411286844207
person__GVWR_FROM=18.0,person__GVWR_FROM=18.0,0.0019220107449318125
vehicle__GVWR_FROM=17,vehicle__GVWR_FROM=17,0.0019170809748572104
pbtype__BIKECTYPE=322,pbtype__BIKECTYPE=322,0.0019130919413747893
vehicle__VPICBODYCLASS=7,vehicle__VPICBODYCLASS=7,0.0019042816024181786
factor__VEHICLECC=2,factor__VEHICLECC=2,0.0018981481238935505
person__AGE_IM__min,person__AGE_IM__min,0.0018978168467098655
vpictrailerdecode__GROSSVEHICLEWEIGHTRATINGFROMID=15.0,vpictrailerdecode__GROSSVEHICLEWEIGHTRATINGFROMID=15.0,0.001879702409322892
vehicle__VPROFILE=5,vehicle__VPROFILE=5,0.0018779754903808232
vpicdecode__PLANTCOUNTRYID=9.0,vpicdecode__PLANTCOUNTRYID=9.0,0.0018741273890499066
vehicle__VALIGN=8,vehicle__VALIGN=8,0.0018687508623100868
person__PER_TYP=2,person__PER_TYP=2,0.0018622541649406799
vpicdecode__LANEDEPARTUREWARNINGID=1.0,vpicdecode__LANEDEPARTUREWARNINGID=1.0,0.0018491834917231387
vehicle__VPROFILE=8,vehicle__VPROFILE=8,0.001826153415809717
vpicdecode__ADAPTIVECRUISECONTROLID=3.0,vpicdecode__ADAPTIVECRUISECONTROLID=3.0,0.0018250301525442048
parkwork__PMAKE=35,parkwork__PMAKE=35,0.0018223913334751707
vehicle__CARGO_BT=99,vehicle__CARGO_BT=99,0.0018210712030402032
vehicle__CARGO_BT=22,vehicle__CARGO_BT=22,0.001820317161227436
vevent__AOI2=7,vevent__AOI2=7,0.001817250581904517
nmdistract__NMDISTRACT=12,nmdistract__NMDISTRACT=12,0.0018156555873092284
vpicdecode__FUELDELIVERYINJECTIONTYPEID=3.0,vpicdecode__FUELDELIVERYINJECTIONTYPEID=3.0,0.0018142617234251368
vpicdecode__WINDOWS__min,vpicdecode__WINDOWS__min,0.0018095427515456564
vehicle__VEVENT_IM=42,vehicle__VEVENT_IM=42,0.0018017135959147446
vpicdecode__FUELTYPESECONDARYID=4.0,vpicdecode__FUELTYPESECONDARYID=4.0,0.0017947958307780176
vpicdecode__AIRBAGLOCSIDEID=1.0,vpicdecode__AIRBAGLOCSIDEID=1.0,0.0017826297560012971
vehicle__UNDEROVERRIDE=8.0,vehicle__UNDEROVERRIDE=8.0,0.001776822825463542
vehicle__BODY_TYP=9,vehicle__BODY_TYP=9,0.0017633749039409619
pbtype__PEDSNR=11c,pbtype__PEDSNR=11c,0.0017599522143147972
parkwork__PMAKE=37,parkwork__PMAKE=37,0.0017578125330355299
vpicdecode__POLKVIN__max,vpicdecode__POLKVIN__max,0.0017516421049839082
vehicle__VEVENT_IM=24,vehicle__VEVENT_IM=24,0.001742454003928362
parkwork__PBODYTYP=9,parkwork__PBODYTYP=9,0.001741935517888038
person__MAKE=37.0,person__MAKE=37.0,0.0017403439927607955
vpictrailerdecode__GROSSVEHICLEWEIGHTRATINGFROMID=6.0,vpictrailerdecode__GROSSVEHICLEWEIGHTRATINGFROMID=6.0,0.0017379839713838052
vsoe__AOI=10,vsoe__AOI=10,0.0017377859112972516
parkwork__PGVWR_FROM=16,parkwork__PGVWR_FROM=16,0.0017328213023490857
vehicle__IMPACT1_IM=2,vehicle__IMPACT1_IM=2,0.001717830609354376
vpicdecode__BUSLENGTHFT__min,vpicdecode__BUSLENGTHFT__min,0.0017052749238652964
vehicle__VTRAFCON=4,vehicle__VTRAFCON=4,0.0017015148371708477
vpicdecode__ENGINEELECTRIFICATIONLEVELID=9.0,vpicdecode__ENGINEELECTRIFICATIONLEVELID=9.0,0.0016871990951159432
vpicdecode__ENGINEVALVETRAINDESIGNID=2.0,vpicdecode__ENGINEVALVETRAINDESIGNID=2.0,0.0016789911442791627
pbtype__PEDSNR=11a,pbtype__PEDSNR=11a,0.0016584019907268654
parkwork__PGVWR_TO=13,parkwork__PGVWR_TO=13,0.001657787892206386
pbtype__BIKEDIR=3,pbtype__BIKEDIR=3,0.0016549588269179072
vevent__AOI1=1,vevent__AOI1=1,0.0016513748878903556
vehicle__V_ALCH_IM=1,vehicle__V_ALCH_IM=1,0.0016470085907140941
vpicdecode__GROSSVEHICLEWEIGHTRATINGTOID=9.0,vpicdecode__GROSSVEHICLEWEIGHTRATINGTOID=9.0,0.0016412176278930435
vpictrailerdecode__TRAILERTYPECONNECTIONID=31.0,vpictrailerdecode__TRAILERTYPECONNECTIONID=31.0,0.0016249621160486782
drimpair__DRIMPAIR=99,drimpair__DRIMPAIR=99,0.001617665538254709
damage__DAMAGE=7,damage__DAMAGE=7,0.001601703899647644
vehicle__TOWED=8,vehicle__TOWED=8,0.0015790744489661002
acc__LGTCON_IM_-1.0,acc__LGTCON_IM,0.0015733216351907497
vpicdecode__SEATSCOUNT__max,vpicdecode__SEATSCOUNT__max,0.0015687754701940726
vehicle__SPEC_USE=99,vehicle__SPEC_USE=99,0.0015676951861147703
parkwork__PHOUR=14,parkwork__PHOUR=14,0.0015620573685020123
person__BODY_TYP=2.0,person__BODY_TYP=2.0,0.001558326807798771
parkwork__PV_CONFIG=88,parkwork__PV_CONFIG=88,0.001548187386005928
vpicdecode__ENGINECONFIGURATIONID=5.0,vpicdecode__ENGINECONFIGURATIONID=5.0,0.0015480480932141827
acc__RELJCT1_IM_1.0,acc__RELJCT1_IM,0.0015475674328990774
vpicdecode__AIRBAGLOCCURTAINID=5.0,vpicdecode__AIRBAGLOCCURTAINID=5.0,0.0015460995687766044
vehicle__GVWR_TO=18,vehicle__GVWR_TO=18,0.0015417458162456654
parkwork__PHOUR=16,parkwork__PHOUR=16,0.0015388327483321085
vehicle__PCRASH1_IM=16,vehicle__PCRASH1_IM=16,0.0015256060502879532
pbtype__PEDDIR=1,pbtype__PEDDIR=1,0.0015246335160714608
vpicdecode__TRUCKBODYCABTYPEID=0.0,vpicdecode__TRUCKBODYCABTYPEID=0.0,0.0015182815333185662
vehicle__VNUM_LAN=7,vehicle__VNUM_LAN=7,0.001497590641993396
safetyeq__NMHELMET=9,safetyeq__NMHELMET=9,0.0014972906001358144
acc__HOUR_IM_18.0,acc__HOUR_IM,0.001492221548077488
vpicdecode__ENGINESTROKECYCLES__max,vpicdecode__ENGINESTROKECYCLES__max,0.0014851525585237724
vpicdecode__GROSSVEHICLEWEIGHTRATINGFROMID=13.0,vpicdecode__GROSSVEHICLEWEIGHTRATINGFROMID=13.0,0.0014823809425568157
vpicdecode__DRIVETYPEID=3.0,vpicdecode__DRIVETYPEID=3.0,0.0014807836179631106
vpicdecode__GROSSCOMBWEIGHTRATINGFROMID=16.0,vpicdecode__GROSSCOMBWEIGHTRATINGFROMID=16.0,0.001480008956097123
nmimpair__NMIMPAIR=10,nmimpair__NMIMPAIR=10,0.0014761978165853673
person__IMPACT1=5.0,person__IMPACT1=5.0,0.001475727781663938
vpicdecode__DYNAMICBRAKESUPPORTID=3.0,vpicdecode__DYNAMICBRAKESUPPORTID=3.0,0.0014707310384589611
person__GVWR_TO=98.0,person__GVWR_TO=98.0,0.00146811818748116
parkwork__PGVWR_FROM=11,parkwork__PGVWR_FROM=11,0.0014623884212976446
vehicle__GVWR_TO=13,vehicle__GVWR_TO=13,0.001458662921953957
parkwork__PVE_FORMS=1,parkwork__PVE_FORMS=1,0.001449446444202529
vpicdecode__WHEELBASETYPEID=3.0,vpicdecode__WHEELBASETYPEID=3.0,0.0014481222015774176
acc__MANCOL_IM_9.0,acc__MANCOL_IM,0.0014442432561652119
vpicdecode__TRUCKBODYCABTYPEID=7.0,vpicdecode__TRUCKBODYCABTYPEID=7.0,0.0014359359291293838
vpicdecode__AIRBAGLOCSEATCUSHIONID=4.0,vpicdecode__AIRBAGLOCSEATCUSHIONID=4.0,0.001425327687369915
vehicle__IMPACT1_IM=10,vehicle__IMPACT1_IM=10,0.0014151337942067688
vehicle__TRLR1GVWR=98,vehicle__TRLR1GVWR=98,0.0014118200988317842
pbtype__BIKECTYPE=280,pbtype__BIKECTYPE=280,0.0014068822804702563
acc__HOUR_IM_20.0,acc__HOUR_IM,0.0014047715953551254
person__ICFINALBODY=11.0,person__ICFINALBODY=11.0,0.0013810107080847178
parkwork__PHARM_EV=42,parkwork__PHARM_EV=42,0.0013758351695061233
nmprior__NMACTION=11,nmprior__NMACTION=11,0.0013732239204582442
acc__MONTH_4.0,acc__MONTH,0.0013675533386807714
vpicdecode__BODYCLASSID=8.0,vpicdecode__BODYCLASSID=8.0,0.0013663527983369672
person__VPICBODYCLASS=9.0,person__VPICBODYCLASS=9.0,0.0013612155175679597
acc__MANCOL_IM_-1.0,acc__MANCOL_IM,0.0013548087605947945
vevent__AOI2=9,vevent__AOI2=9,0.0013488382521993358
damage__DAMAGE=4,damage__DAMAGE=4,0.0013456262083610948
vpicdecode__LANEKEEPINGASSISTANCEID=5.0,vpicdecode__LANEKEEPINGASSISTANCEID=5.0,0.0013448117721490682
vpicdecode__POLKVIN__min,vpicdecode__POLKVIN__min,0.0013421432224276497
nmcrash__NMCC=7,nmcrash__NMCC=7,0.0013401149327931794
parkwork__PMAN_COLL=7,parkwork__PMAN_COLL=7,0.0013342375720915012
vehicle__VTRAFWAY=0,vehicle__VTRAFWAY=0,0.0013297223752093412
vehicle__P_CRASH2=50,vehicle__P_CRASH2=50,0.0013265684782344245
person__LOCATION=2,person__LOCATION=2,0.0013177910431136919
person__MAKE=55.0,person__MAKE=55.0,0.0013076281230024467
parkwork__PHARM_EV=14,parkwork__PHARM_EV=14,0.0013022196948018205
acc__PVH_INVL,acc__PVH_INVL,0.0013000640154552379
vehicle__ACC_TYPE=82,vehicle__ACC_TYPE=82,0.0012829185549048105
vehicle__VNUM_LAN=3,vehicle__VNUM_LAN=3,0.0012762496437201953
vsoe__AOI=7,vsoe__AOI=7,0.0012707411549268688
parkwork__PUNDEROVERRIDE=7.0,parkwork__PUNDEROVERRIDE=7.0,0.001266967085735482
violatn__VIOLATION=61,violatn__VIOLATION=61,0.001258565394332667
acc__MONTH_1.0,acc__MONTH,0.0012568278137430333
driverrf__DRIVERRF=36,driverrf__DRIVERRF=36,0.0012505460838097004
vpicdecode__ENTERTAINMENTSYSTEMID=0.0,vpicdecode__ENTERTAINMENTSYSTEMID=0.0,0.0012497529066080038
person__GVWR_FROM=14.0,person__GVWR_FROM=14.0,0.0012484608233200856
vehicle__VNUM_LAN=1,vehicle__VNUM_LAN=1,0.0012471365902133602
pbtype__PBPTYPE=7,pbtype__PBPTYPE=7,0.0012396334193971459
vehicle__BODY_TYP=15,vehicle__BODY_TYP=15,0.0012376838573493476
person__VPICBODYCLASS=60.0,person__VPICBODYCLASS=60.0,0.0012310727882707262
pbtype__PEDSNR=1b,pbtype__PEDSNR=1b,0.0012295788898368798
cevent__AOI1=11,cevent__AOI1=11,0.0012279637501002583
vehicle__VEVENT_IM=25,vehicle__VEVENT_IM=25,0.0012260712434140064
person__DEVTYPE=7.0,person__DEVTYPE=7.0,0.0012258392910595717
vpicdecode__ENTERTAINMENTSYSTEMID=1.0,vpicdecode__ENTERTAINMENTSYSTEMID=1.0,0.0012174087489709162
parkwork__PHIT_RUN=0,parkwork__PHIT_RUN=0,0.0012102285532895607
vehicle__MAKE=12,vehicle__MAKE=12,0.0012090518639069625
vehicle__BDYTYP_IM=66.0,vehicle__BDYTYP_IM=66.0,0.001208018161702018
acc__REL_ROAD_-1.0,acc__REL_ROAD,0.0012050791761621937
vpictrailerdecode__TRAILERBODYTYPEID=101.0,vpictrailerdecode__TRAILERBODYTYPEID=101.0,0.0011963969899067006
vpicdecode__BATTERYTYPEID=3.0,vpicdecode__BATTERYTYPEID=3.0,0.0011682388588707404
vehicle__VTRAFCON=40,vehicle__VTRAFCON=40,0.0011537598697928253
parkwork__PEM_USE=2,parkwork__PEM_USE=2,0.0011520141879290957
vpicdecode__KEYLESSIGNITIONID=1.0,vpicdecode__KEYLESSIGNITIONID=1.0,0.0011499006760156139
vpicdecode__BRAKESYSTEMTYPEID=3.0,vpicdecode__BRAKESYSTEMTYPEID=3.0,0.0011479261912967775
parkwork__PHOUR=22,parkwork__PHOUR=22,0.0011451204561536699
person__BODY_TYP=9.0,person__BODY_TYP=9.0,0.0011409375805071509
vehicle__VNUM_LAN=5,vehicle__VNUM_LAN=5,0.001137280011478392
vehicle__DEFORMED=7,vehicle__DEFORMED=7,0.0011363155010730708
person__BODY_TYP=6.0,person__BODY_TYP=6.0,0.0011349579787760522
nmdistract__NMDISTRACT=2,nmdistract__NMDISTRACT=2,0.0011196367211936398
person__MAKE=35.0,person__MAKE=35.0,0.001117420359017185
person__DEVTYPE=1.0,person__DEVTYPE=1.0,0.0011139852020585206
person__GVWR_TO=17.0,person__GVWR_TO=17.0,0.0011121532414755109
pbtype__MOTDIR=9,pbtype__MOTDIR=9,0.001110051867091677
parkwork__PGVWR_FROM=13,parkwork__PGVWR_FROM=13,0.0011098797037984998
vehicle__CARGO_BT=97,vehicle__CARGO_BT=97,0.0011079866319843035
parkwork__PGVWR_TO=15,parkwork__PGVWR_TO=15,0.001100998452969515
vehicle__MAKE=55,vehicle__MAKE=55,0.0010998846348355684
pbtype__PEDDIR=2,pbtype__PEDDIR=2,0.0010979844049370246
parkwork__PIMPACT1=9,parkwork__PIMPACT1=9,0.0010950931247304396
vehicle__GVWR_TO=98,vehicle__GVWR_TO=98,0.0010926988722781417
vehicle__VPICBODYCLASS=11,vehicle__VPICBODYCLASS=11,0.001085559877227693
vpicdecode__BODYCLASSID=66.0,vpicdecode__BODYCLASSID=66.0,0.0010761635326159702
vehicle__SPEC_USE=2,vehicle__SPEC_USE=2,0.001066381874265998
acc__WEATHR_IM_4.0,acc__WEATHR_IM,0.0010642942150100865
vpicdecode__AUTOMATICCRASHNOTIFICATIONID=1.0,vpicdecode__AUTOMATICCRASHNOTIFICATIONID=1.0,0.0010615728068390506
nmprior__NMACTION=8,nmprior__NMACTION=8,0.0010615382131908824
acc__HOUR_IM_7.0,acc__HOUR_IM,0.0010599208641879354
vehicle__P_CRASH2=10,vehicle__P_CRASH2=10,0.0010450684030955948
nmprior__NMACTION=4,nmprior__NMACTION=4,0.0010438336648217472
vpicdecode__FUELTYPEPRIMARYID=1.0,vpicdecode__FUELTYPEPRIMARYID=1.0,0.0010363439817668851
parkwork__PMONTH=4,parkwork__PMONTH=4,0.0010353319594453847
vpicdecode__VEHICLETYPEID=2,vpicdecode__VEHICLETYPEID=2,0.0010345403535250153
acc__TYP_INT_3.0,acc__TYP_INT,0.0010328846973803874
cevent__AOI1=1,cevent__AOI1=1,0.001031346754616358
acc__LGTCON_IM_2.0,acc__LGTCON_IM,0.0010301528730733978
person__MAKE=49.0,person__MAKE=49.0,0.001024343222810531
vehicle__VSURCOND=4,vehicle__VSURCOND=4,0.0010240679267787822
vpicdecode__ENGINECOOLINGTYPEID=2.0,vpicdecode__ENGINECOOLINGTYPEID=2.0,0.0010188782399846996
vision__VISION=6,vision__VISION=6,0.0010144521859849487
vpicdecode__DRIVETYPEID=5.0,vpicdecode__DRIVETYPEID=5.0,0.001013787480508288
pbtype__PBPTYPE=8,pbtype__PBPTYPE=8,0.0010118204458196
parkwork__PTYPE=4,parkwork__PTYPE=4,0.000992171572141487
cevent__AOI2=5,cevent__AOI2=5,0.000986406917688365
parkwork__PVE_FORMS=3,parkwork__PVE_FORMS=3,0.0009805200987651475
vehicle__GVWR_FROM=15,vehicle__GVWR_FROM=15,0.0009784251064086646
vpicdecode__EVENTDATARECORDERID=2.0,vpicdecode__EVENTDATARECORDERID=2.0,0.0009780236778846874
pbtype__PBPTYPE=12,pbtype__PBPTYPE=12,0.0009768702180086297
person__AIR_BAG=99,person__AIR_BAG=99,0.0009757497932838533
distract__DRDISTRACT=12,distract__DRDISTRACT=12,0.0009576719175663495
person__SEAT_IM=21,person__SEAT_IM=21,0.0009452615471712278
vpicdecode__TRANSMISSIONSPEEDS__min,vpicdecode__TRANSMISSIONSPEEDS__min,0.0009420117151208718
vehicle__VPICBODYCLASS=2,vehicle__VPICBODYCLASS=2,0.0009318890408183123
vpicdecode__WHEELBASETYPEID=6.0,vpicdecode__WHEELBASETYPEID=6.0,0.0009276609488262366
vpicdecode__ENGINEVALVETRAINDESIGNID=3.0,vpicdecode__ENGINEVALVETRAINDESIGNID=3.0,0.0009224847071536146
acc__WKDY_IM_3.0,acc__WKDY_IM,0.0009160991725394307
vehicle__GVWR_FROM=12,vehicle__GVWR_FROM=12,0.0008922623172011868
factor__VEHICLECC=1,factor__VEHICLECC=1,0.0008906483260862075
weather__WEATHER=10,weather__WEATHER=10,0.0008882455901855213
safetyeq__NMREFCLO=2,safetyeq__NMREFCLO=2,0.0008849281828982036
vevent__AOI2=10,vevent__AOI2=10,0.0008845746554273504
vpicdecode__DAYTIMERUNNINGLIGHTID=3.0,vpicdecode__DAYTIMERUNNINGLIGHTID=3.0,0.0008804236371342533
vehicle__VEVENT_IM=34,vehicle__VEVENT_IM=34,0.0008761162057200345
person__MAKE=12.0,person__MAKE=12.0,0.000873844468852969
person__GVWR_TO=99.0,person__GVWR_TO=99.0,0.0008708206211114344
person__DEVTYPE=5.0,person__DEVTYPE=5.0,0.000865783738443815
vpicdecode__ENGINETURBOID=1.0,vpicdecode__ENGINETURBOID=1.0,0.0008578067239264353
vpicdecode__PRETENSIONERID=1.0,vpicdecode__PRETENSIONERID=1.0,0.0008490745669251787
vpicdecode__ENGINEELECTRIFICATIONLEVELID=1.0,vpicdecode__ENGINEELECTRIFICATIONLEVELID=1.0,0.0008322200181429817
vpicdecode__LANEKEEPINGASSISTANCEID=4.0,vpicdecode__LANEKEEPINGASSISTANCEID=4.0,0.0008278703196011872
person__DRUGS=1,person__DRUGS=1,0.0008216934771068107
acc__EVENT1_IM_24.0,acc__EVENT1_IM,0.000810677640451285
person__REST_USE=4,person__REST_USE=4,0.0008088636488825518
person__ALC_RES=0,person__ALC_RES=0,0.000802271529883658
vpictrailerdecode__TRAILERTYPECONNECTIONID=5.0,vpictrailerdecode__TRAILERTYPECONNECTIONID=5.0,0.0008022676819543495
parkwork__PHOUR=23,parkwork__PHOUR=23,0.0007925352509223771
parkwork__PBODYTYP=4,parkwork__PBODYTYP=4,0.0007912030566954442
pbtype__PEDPOS=1,pbtype__PEDPOS=1,0.0007841393503549288
vpictrailerdecode__TRAILERTYPECONNECTIONID=14.0,vpictrailerdecode__TRAILERTYPECONNECTIONID=14.0,0.0007818907482712856
safetyeq__NMOTHPRO=9,safetyeq__NMOTHPRO=9,0.0007764471037163823
vpicdecode__PEDESTRIANAUTOEMERGENCYBRAKINGID=1.0,vpicdecode__PEDESTRIANAUTOEMERGENCYBRAKINGID=1.0,0.0007708516738320625
vpicdecode__PEDESTRIANAUTOEMERGENCYBRAKINGID=2.0,vpicdecode__PEDESTRIANAUTOEMERGENCYBRAKINGID=2.0,0.0007610060994778234
cevent__AOI1=98,cevent__AOI1=98,0.0007576057121423396
vpicdecode__FUELTYPESECONDARYID=6.0,vpicdecode__FUELTYPESECONDARYID=6.0,0.0007517881272669502
vpicdecode__GROSSVEHICLEWEIGHTRATINGTOID=8.0,vpicdecode__GROSSVEHICLEWEIGHTRATINGTOID=8.0,0.0007491949978548629
vpictrailerdecode__GROSSVEHICLEWEIGHTRATINGTOID=5.0,vpictrailerdecode__GROSSVEHICLEWEIGHTRATINGTOID=5.0,0.0007431078882977893
vpicdecode__TRANSMISSIONSTYLEID=4.0,vpicdecode__TRANSMISSIONSTYLEID=4.0,0.0007302532557156294
nmdistract__NMDISTRACT=6,nmdistract__NMDISTRACT=6,0.0007290379230939781
nmdistract__NMDISTRACT=93,nmdistract__NMDISTRACT=93,0.0007258596793129346
vpicdecode__AIRBAGLOCSIDEID=5.0,vpicdecode__AIRBAGLOCSIDEID=5.0,0.0007156034339990125
vpicdecode__BLINDSPOTWARNINGID=3.0,vpicdecode__BLINDSPOTWARNINGID=3.0,0.0007045873293716198
acc__REL_ROAD_5.0,acc__REL_ROAD,0.0006967598735243552
person__REST_USE=11,person__REST_USE=11,0.0006948101438379872
pbtype__BIKECTYPE=221,pbtype__BIKECTYPE=221,0.000684920997289229
vehicle__MAKE=37,vehicle__MAKE=37,0.0006646511008470135
vehicle__PCRASH5=3,vehicle__PCRASH5=3,0.0006643173113154432
parkwork__PMAKE=55,parkwork__PMAKE=55,0.0006550598215608883
vpicdecode__BODYCLASSID=5.0,vpicdecode__BODYCLASSID=5.0,0.0006499338444241332
vpictrailerdecode__AXLECONFIGURATIONID=3.0,vpictrailerdecode__AXLECONFIGURATIONID=3.0,0.0006471476529192888
vehicle__GVWR_TO=16,vehicle__GVWR_TO=16,0.0006398590435854334
vehicle__VSPD_LIM__max,vehicle__VSPD_LIM__max,0.0006362985880992156
vision__VISION=2,vision__VISION=2,0.0006350236305419088
vpicdecode__AUTOREVERSESYSTEMID=1.0,vpicdecode__AUTOREVERSESYSTEMID=1.0,0.0006327539881962885
vevent__AOI2=5,vevent__AOI2=5,0.0006326299044914219
parkwork__PMAN_COLL=2,parkwork__PMAN_COLL=2,0.0006216604211835008
vpictrailerdecode__PLANTCOUNTRYID=1.0,vpictrailerdecode__PLANTCOUNTRYID=1.0,0.0005994743645962863
person__DEVTYPE=97.0,person__DEVTYPE=97.0,0.000597962908610139
vehicle__BODY_TYP=66,vehicle__BODY_TYP=66,0.0005905372989545299
nmprior__NMACTION=9,nmprior__NMACTION=9,0.0005902517842164556
vpicdecode__GROSSCOMBWEIGHTRATINGFROMID=4.0,vpicdecode__GROSSCOMBWEIGHTRATINGFROMID=4.0,0.0005888262127979882
pbtype__BIKECGP=158,pbtype__BIKECGP=158,0.0005883684290182156
parkwork__PVPICBODYCLASS=11,parkwork__PVPICBODYCLASS=11,0.000583903848620837
distract__DRDISTRACT=3,distract__DRDISTRACT=3,0.0005787370710987894
vpictrailerdecode__GROSSVEHICLEWEIGHTRATINGFROMID=2.0,vpictrailerdecode__GROSSVEHICLEWEIGHTRATINGFROMID=2.0,0.00057462130661734
vehicle__PCRASH1_IM=10,vehicle__PCRASH1_IM=10,0.0005695066490216671
parkwork__PIMPACT1=63,parkwork__PIMPACT1=63,0.00056946733239438
person__GVWR_FROM=98.0,person__GVWR_FROM=98.0,0.0005619792284785596
acc__WKDY_IM_4.0,acc__WKDY_IM,0.000533976398152225
person__GVWR_FROM=17.0,person__GVWR_FROM=17.0,0.0005277942715657957
maneuver__MANEUVER=4,maneuver__MANEUVER=4,0.000526560299419998
vpicdecode__ENGINECONFIGURATIONID=2.0,vpicdecode__ENGINECONFIGURATIONID=2.0,0.000526020615120748
person__SEAT_IM=13,person__SEAT_IM=13,0.0005144519292101801
parkwork__PTRLR1GVWR=77,parkwork__PTRLR1GVWR=77,0.0005110145640951913
vehicle__BDYTYP_IM=9.0,vehicle__BDYTYP_IM=9.0,0.0004807382981830699
parkwork__PCARGTYP=99,parkwork__PCARGTYP=99,0.0004800003385649898
drimpair__DRIMPAIR=1,drimpair__DRIMPAIR=1,0.00047972214165192817
parkwork__PIMPACT1=8,parkwork__PIMPACT1=8,0.0004732999213519218
nmprior__NMACTION=98,nmprior__NMACTION=98,0.0004727516590572467
vpicdecode__CRASHIMMINENTBRAKINGID=1.0,vpicdecode__CRASHIMMINENTBRAKINGID=1.0,0.00045042790853133674
vehicle__IMPACT1_IM=7,vehicle__IMPACT1_IM=7,0.00043855573705497974
vehicle__PCRASH4=5,vehicle__PCRASH4=5,0.00041739253918482433
vpictrailerdecode__GROSSVEHICLEWEIGHTRATINGFROMID=4.0,vpictrailerdecode__GROSSVEHICLEWEIGHTRATINGFROMID=4.0,0.00041211604897650744
parkwork__PMAKE=48,parkwork__PMAKE=48,0.00040425194530135933
parkwork__PBODYTYP=6,parkwork__PBODYTYP=6,0.0003901020271996902
vpicdecode__TRANSMISSIONSTYLEID=3.0,vpicdecode__TRANSMISSIONSTYLEID=3.0,0.0003720044952868484
vpicdecode__TRANSMISSIONSTYLEID=7.0,vpicdecode__TRANSMISSIONSTYLEID=7.0,0.00037052666394510325
pbtype__PBSEX=8,pbtype__PBSEX=8,0.0003662156696804253
pbtype__BIKECTYPE=144,pbtype__BIKECTYPE=144,0.0003642564116927982
vpicdecode__PLANTCOUNTRYID=28.0,vpicdecode__PLANTCOUNTRYID=28.0,0.00035899763035440735
crashrf__CRASHRF=28,crashrf__CRASHRF=28,0.00034001282589435355
acc__RELJCT2_IM_8.0,acc__RELJCT2_IM,0.0003335711359895299
parkwork__PGVWR_TO=18,parkwork__PGVWR_TO=18,0.0003326230911888661
vpictrailerdecode__TRAILERBODYTYPEID=160.0,vpictrailerdecode__TRAILERBODYTYPEID=160.0,0.0003289732053264327
vpicdecode__VEHICLETYPEID=3,vpicdecode__VEHICLETYPEID=3,0.00031074341338110933
vpicdecode__LANEDEPARTUREWARNINGID=3.0,vpicdecode__LANEDEPARTUREWARNINGID=3.0,0.00030825028918179953
person__GVWR_FROM=15.0,person__GVWR_FROM=15.0,0.0003058473366948089
vpicdecode__SEMIAUTOHEADLAMPBEAMSWITCHINGID=3.0,vpicdecode__SEMIAUTOHEADLAMPBEAMSWITCHINGID=3.0,0.00030305638270844426
vehicle__VPICBODYCLASS=60,vehicle__VPICBODYCLASS=60,0.0002907795333870755
parkwork__PHARM_EV=59,parkwork__PHARM_EV=59,0.0002862841189932297
vpicdecode__FUELTYPEPRIMARYID=2.0,vpicdecode__FUELTYPEPRIMARYID=2.0,0.0002815383394945137
vpicdecode__AXLECONFIGURATIONID=3.0,vpicdecode__AXLECONFIGURATIONID=3.0,0.0002809689828981998
vpicdecode__PEDESTRIANAUTOEMERGENCYBRAKINGID=3.0,vpicdecode__PEDESTRIANAUTOEMERGENCYBRAKINGID=3.0,0.00027789014926171696
parkwork__PGVWR_FROM=15,parkwork__PGVWR_FROM=15,0.0002668970286163752
vpicdecode__TPMSID=2.0,vpicdecode__TPMSID=2.0,0.0002653432976569281
acc__WRK_ZONE_0.0,acc__WRK_ZONE,0.000259785204037577
acc__MONTH_8.0,acc__MONTH,0.00025133325712523025
parkwork__PMAKE=23,parkwork__PMAKE=23,0.0002503798346811248
parkwork__PIMPACT1=61,parkwork__PIMPACT1=61,0.0002498383572600016
person__MAKE=6.0,person__MAKE=6.0,0.000241690081888013
vpicdecode__TRUCKBODYCABTYPEID=3.0,vpicdecode__TRUCKBODYCABTYPEID=3.0,0.0002364831908305831
vpicdecode__BODYCLASSID=13.0,vpicdecode__BODYCLASSID=13.0,0.0002318415769455573
vpicdecode__PLANTCOUNTRYID=8.0,vpicdecode__PLANTCOUNTRYID=8.0,0.00023058543188314573
vpicdecode__FUELDELIVERYINJECTIONTYPEID=6.0,vpicdecode__FUELDELIVERYINJECTIONTYPEID=6.0,0.00022698102045448643
vpicdecode__CRASHIMMINENTBRAKINGID=2.0,vpicdecode__CRASHIMMINENTBRAKINGID=2.0,0.00022566600090256905
pbtype__PEDCTYPE=795,pbtype__PEDCTYPE=795,0.00019700354125595787
vehicle__PCRASH1_IM=4,vehicle__PCRASH1_IM=4,0.00019028694408462776
parkwork__PSP_USE=0,parkwork__PSP_USE=0,0.00018777241562517588
parkwork__PV_CONFIG=6,parkwork__PV_CONFIG=6,0.00018776052405500288
drimpair__DRIMPAIR=2,drimpair__DRIMPAIR=2,0.00018111512390261986
vehicle__IMPACT1_IM=1,vehicle__IMPACT1_IM=1,0.00017620832744991155
person__AIR_BAG=3,person__AIR_BAG=3,0.00017379616421364652
pvehiclesf__PVEHICLESF=0,pvehiclesf__PVEHICLESF=0,0.00017200177901677272
vehicle__DEFORMED=9,vehicle__DEFORMED=9,0.000171467312195972
vevent__AOI1=82,vevent__AOI1=82,0.00016805101383687848
acc__WRK_ZONE_-1.0,acc__WRK_ZONE,0.00013135405195807692
parkwork__PV_CONFIG=4,parkwork__PV_CONFIG=4,0.0001146521211703444
vpicdecode__DESTINATIONMARKETID=2.0,vpicdecode__DESTINATIONMARKETID=2.0,0.00010047414757496931
parkwork__PHAZ_INV=1,parkwork__PHAZ_INV=1,9.94889178911329e-05
person__DEVTYPE=4.0,person__DEVTYPE=4.0,9.210856996055838e-05
parkwork__PUNDEROVERRIDE=0.0,parkwork__PUNDEROVERRIDE=0.0,8.516797606561433e-05
vpicdecode__WHEELBASETYPEID=5.0,vpicdecode__WHEELBASETYPEID=5.0,7.753025620771403e-05
vehicle__SPEEDREL=5,vehicle__SPEEDREL=5,7.046430982882157e-05
vpicdecode__ENGINETURBOID=2.0,vpicdecode__ENGINETURBOID=2.0,6.749325360466685e-05
vpicdecode__TRUCKBEDTYPEID=2.0,vpicdecode__TRUCKBEDTYPEID=2.0,6.004014528948609e-05
vehicle__VPICBODYCLASS=3,vehicle__VPICBODYCLASS=3,5.683239556142361e-05
vpicdecode__WHEELBASETYPEID=1.0,vpicdecode__WHEELBASETYPEID=1.0,4.575786892302425e-05
pbtype__BIKECGP=290,pbtype__BIKECGP=290,3.762313730071298e-05
vsoe__AOI=3,vsoe__AOI=3,2.625417496915361e-05
pvehiclesf__PVEHICLESF=42,pvehiclesf__PVEHICLESF=42,2.101813142885156e-05
vehicle__PCRASH5=7,vehicle__PCRASH5=7,1.6453092961388194e-05
acc__HOUR_IM_17.0,acc__HOUR_IM,8.375849143593683e-06
parkwork__PHOUR=17,parkwork__PHOUR=17,5.199471929673294e-06
damage__DAMAGE=2,damage__DAMAGE=2,5.07637485869239e-06
vpictrailerdecode__TRAILERTYPECONNECTIONID=2.0,vpictrailerdecode__TRAILERTYPECONNECTIONID=2.0,0.0
vpictrailerdecode__TRAILERTYPECONNECTIONID=1.0,vpictrailerdecode__TRAILERTYPECONNECTIONID=1.0,0.0
vpictrailerdecode__TRAILERTYPECONNECTIONID=4.0,vpictrailerdecode__TRAILERTYPECONNECTIONID=4.0,0.0
vpictrailerdecode__TRAILERBODYTYPEID=174.0,vpictrailerdecode__TRAILERBODYTYPEID=174.0,0.0
vpictrailerdecode__TRAILERBODYTYPEID=21.0,vpictrailerdecode__TRAILERBODYTYPEID=21.0,0.0
vpictrailerdecode__TRAILERBODYTYPEID=61.0,vpictrailerdecode__TRAILERBODYTYPEID=61.0,0.0
vpictrailerdecode__TRAILERBODYTYPEID=109.0,vpictrailerdecode__TRAILERBODYTYPEID=109.0,0.0
vpictrailerdecode__TRAILERBODYTYPEID=5.0,vpictrailerdecode__TRAILERBODYTYPEID=5.0,0.0
acc__MONTH_7.0,acc__MONTH,0.0
acc__MONTH_6.0,acc__MONTH,0.0
acc__MONTH_3.0,acc__MONTH,0.0
pbtype__PEDLOC=9,pbtype__PEDLOC=9,0.0
pbtype__PEDLOC=4,pbtype__PEDLOC=4,0.0
pbtype__PEDLOC=2,pbtype__PEDLOC=2,0.0
pbtype__BIKECTYPE=213,pbtype__BIKECTYPE=213,0.0
pbtype__BIKECTYPE=239,pbtype__BIKECTYPE=239,0.0
pbtype__BIKECTYPE=155,pbtype__BIKECTYPE=155,0.0
pbtype__PEDCTYPE=690,pbtype__PEDCTYPE=690,0.0
pbtype__PEDCTYPE=680,pbtype__PEDCTYPE=680,0.0
pbtype__PBSZONE=1,pbtype__PBSZONE=1,0.0
safetyeq__NMLIGHT=9,safetyeq__NMLIGHT=9,0.0
safetyeq__NMPROPAD=9,safetyeq__NMPROPAD=9,0.0
nmprior__NMACTION=2,nmprior__NMACTION=2,0.0
nmprior__NMACTION=16,nmprior__NMACTION=16,0.0
nmprior__NMACTION=12,nmprior__NMACTION=12,0.0
nmprior__NMACTION=14,nmprior__NMACTION=14,0.0
pbtype__PEDPOS=8,pbtype__PEDPOS=8,0.0
pbtype__PEDPOS=4,pbtype__PEDPOS=4,0.0
nmimpair__NMIMPAIR=8,nmimpair__NMIMPAIR=8,0.0
nmimpair__NMIMPAIR=99,nmimpair__NMIMPAIR=99,0.0
nmdistract__NMDISTRACT=5,nmdistract__NMDISTRACT=5,0.0
nmdistract__NMDISTRACT=15,nmdistract__NMDISTRACT=15,0.0
nmdistract__NMDISTRACT=92,nmdistract__NMDISTRACT=92,0.0
nmcrash__NMCC=10,nmcrash__NMCC=10,0.0
nmcrash__NMCC=4,nmcrash__NMCC=4,0.0
nmcrash__NMCC=11,nmcrash__NMCC=11,0.0
person__DEVMOTOR=2.0,person__DEVMOTOR=2.0,0.0
person__DEVTYPE=9.0,person__DEVTYPE=9.0,0.0
person__GVWR_FROM=99.0,person__GVWR_FROM=99.0,0.0
person__GVWR_FROM=16.0,person__GVWR_FROM=16.0,0.0
person__VPICBODYCLASS=8.0,person__VPICBODYCLASS=8.0,0.0
person__VPICBODYCLASS=3.0,person__VPICBODYCLASS=3.0,0.0
person__VPICBODYCLASS=5.0,person__VPICBODYCLASS=5.0,0.0
person__DRUGS=9,person__DRUGS=9,0.0
person__ATST_TYP=2,person__ATST_TYP=2,0.0
person__ATST_TYP=98,person__ATST_TYP=98,0.0
pbtype__PEDDIR=4,pbtype__PEDDIR=4,0.0
person__AIR_BAG=98,person__AIR_BAG=98,0.0
person__REST_MIS=1,person__REST_MIS=1,0.0
person__REST_USE=8,person__REST_USE=8,0.0
person__REST_USE=12,person__REST_USE=12,0.0
person__REST_USE=1,person__REST_USE=1,0.0
person__REST_USE=98,person__REST_USE=98,0.0
person__REST_USE=99,person__REST_USE=99,0.0
person__PER_TYP=3,person__PER_TYP=3,0.0
person__FIRE_EXP=1.0,person__FIRE_EXP=1.0,0.0
pbtype__PEDSNR=3a,pbtype__PEDSNR=3a,0.0
pbtype__PEDSNR=1a,pbtype__PEDSNR=1a,0.0
pbtype__PEDLEG=9,pbtype__PEDLEG=9,0.0
pbtype__MOTMAN=9,pbtype__MOTMAN=9,0.0
person__IMPACT1=62.0,person__IMPACT1=62.0,0.0
person__IMPACT1=3.0,person__IMPACT1=3.0,0.0
person__IMPACT1=9.0,person__IMPACT1=9.0,0.0
person__ROLLOVER=9.0,person__ROLLOVER=9.0,0.0
person__ROLLOVER=3.0,person__ROLLOVER=3.0,0.0
person__TOW_VEH=1.0,person__TOW_VEH=1.0,0.0
person__BODY_TYP=5.0,person__BODY_TYP=5.0,0.0
person__BODY_TYP=49.0,person__BODY_TYP=49.0,0.0
person__MAKE=23.0,person__MAKE=23.0,0.0
person__MAKE=2.0,person__MAKE=2.0,0.0
pbtype__BIKECGP=215,pbtype__BIKECGP=215,0.0
pbtype__BIKECGP=190,pbtype__BIKECGP=190,0.0
pbtype__PEDCGP=310,pbtype__PEDCGP=310,0.0
pbtype__PEDCGP=460,pbtype__PEDCGP=460,0.0
pbtype__PEDCGP=600,pbtype__PEDCGP=600,0.0
pbtype__PEDCGP=200,pbtype__PEDCGP=200,0.0
person__AGE_IM__max,person__AGE_IM__max,0.0
person__MOD_YEAR__min,person__MOD_YEAR__min,0.0
parkwork__PUNDEROVERRIDE=2.0,parkwork__PUNDEROVERRIDE=2.0,0.0
parkwork__PUNDEROVERRIDE=8.0,parkwork__PUNDEROVERRIDE=8.0,0.0
parkwork__PTRLR2GVWR=77,parkwork__PTRLR2GVWR=77,0.0
parkwork__PTRLR1GVWR=98,parkwork__PTRLR1GVWR=98,0.0
parkwork__PGVWR_TO=11,parkwork__PGVWR_TO=11,0.0
parkwork__PGVWR_FROM=14,parkwork__PGVWR_FROM=14,0.0
parkwork__PGVWR_FROM=18,parkwork__PGVWR_FROM=18,0.0
parkwork__PGVWR_FROM=98,parkwork__PGVWR_FROM=98,0.0
vpicdecode__BASEPRICE__max,vpicdecode__BASEPRICE__max,0.0
pbtype__BIKECGP=310,pbtype__BIKECGP=310,0.0
pbtype__BIKECGP=150,pbtype__BIKECGP=150,0.0
pbtype__BIKECGP=320,pbtype__BIKECGP=320,0.0
parkwork__PICFINALBODY=60,parkwork__PICFINALBODY=60,0.0
parkwork__PICFINALBODY=11,parkwork__PICFINALBODY=11,0.0
parkwork__PVPICBODYCLASS=8,parkwork__PVPICBODYCLASS=8,0.0
parkwork__PVPICBODYCLASS=9,parkwork__PVPICBODYCLASS=9,0.0
parkwork__PVPICBODYCLASS=3,parkwork__PVPICBODYCLASS=3,0.0
parkwork__PVPICBODYCLASS=5,parkwork__PVPICBODYCLASS=5,0.0
parkwork__PVPICBODYCLASS=999,parkwork__PVPICBODYCLASS=999,0.0
parkwork__PVPICBODYCLASS=60,parkwork__PVPICBODYCLASS=60,0.0
parkwork__PVPICBODYCLASS=13,parkwork__PVPICBODYCLASS=13,0.0
parkwork__PFIRE=0,parkwork__PFIRE=0,0.0
parkwork__PTOWED=7,parkwork__PTOWED=7,0.0
parkwork__PTOWED=6,parkwork__PTOWED=6,0.0
parkwork__PTOWED=2,parkwork__PTOWED=2,0.0
parkwork__PTOWED=8,parkwork__PTOWED=8,0.0
parkwork__PIMPACT1=5,parkwork__PIMPACT1=5,0.0
parkwork__PIMPACT1=11,parkwork__PIMPACT1=11,0.0
parkwork__PEM_USE=5,parkwork__PEM_USE=5,0.0
parkwork__PEM_USE=8,parkwork__PEM_USE=8,0.0
parkwork__PEM_USE=0,parkwork__PEM_USE=0,0.0
parkwork__PSP_USE=5,parkwork__PSP_USE=5,0.0
parkwork__PSP_USE=98,parkwork__PSP_USE=98,0.0
parkwork__PCARGTYP=3,parkwork__PCARGTYP=3,0.0
parkwork__PCARGTYP=4,parkwork__PCARGTYP=4,0.0
parkwork__PCARGTYP=98,parkwork__PCARGTYP=98,0.0
parkwork__PV_CONFIG=21,parkwork__PV_CONFIG=21,0.0
parkwork__PV_CONFIG=5,parkwork__PV_CONFIG=5,0.0
parkwork__PV_CONFIG=19,parkwork__PV_CONFIG=19,0.0
parkwork__PV_CONFIG=1,parkwork__PV_CONFIG=1,0.0
parkwork__PV_CONFIG=99,parkwork__PV_CONFIG=99,0.0
parkwork__PV_CONFIG=0,parkwork__PV_CONFIG=0,0.0
parkwork__PTRAILER=1,parkwork__PTRAILER=1,0.0
parkwork__PBODYTYP=5,parkwork__PBODYTYP=5,0.0
parkwork__PBODYTYP=2,parkwork__PBODYTYP=2,0.0
parkwork__PBODYTYP=20,parkwork__PBODYTYP=20,0.0
parkwork__PBODYTYP=15,parkwork__PBODYTYP=15,0.0
parkwork__PBODYTYP=49,parkwork__PBODYTYP=49,0.0
parkwork__PBODYTYP=14,parkwork__PBODYTYP=14,0.0
parkwork__PBODYTYP=34,parkwork__PBODYTYP=34,0.0
parkwork__PMAKE=6,parkwork__PMAKE=6,0.0
parkwork__PMAKE=7,parkwork__PMAKE=7,0.0
parkwork__PMAKE=49,parkwork__PMAKE=49,0.0
parkwork__PMAKE=20,parkwork__PMAKE=20,0.0
parkwork__PTYPE=3,parkwork__PTYPE=3,0.0
parkwork__PMAN_COLL=8,parkwork__PMAN_COLL=8,0.0
parkwork__PMAN_COLL=1,parkwork__PMAN_COLL=1,0.0
parkwork__PHARM_EV=1,parkwork__PHARM_EV=1,0.0
parkwork__PHARM_EV=38,parkwork__PHARM_EV=38,0.0
parkwork__PHARM_EV=45,parkwork__PHARM_EV=45,0.0
parkwork__PHARM_EV=53,parkwork__PHARM_EV=53,0.0
parkwork__PHARM_EV=8,parkwork__PHARM_EV=8,0.0
parkwork__PHOUR=18,parkwork__PHOUR=18,0.0
parkwork__PHOUR=0,parkwork__PHOUR=0,0.0
parkwork__PHOUR=12,parkwork__PHOUR=12,0.0
parkwork__PHOUR=19,parkwork__PHOUR=19,0.0
parkwork__PHOUR=21,parkwork__PHOUR=21,0.0
parkwork__PMONTH=2,parkwork__PMONTH=2,0.0
parkwork__PMONTH=6,parkwork__PMONTH=6,0.0
parkwork__PMONTH=11,parkwork__PMONTH=11,0.0
parkwork__PMONTH=8,parkwork__PMONTH=8,0.0
parkwork__PMONTH=7,parkwork__PMONTH=7,0.0
parkwork__PMONTH=10,parkwork__PMONTH=10,0.0
parkwork__PVE_FORMS=2,parkwork__PVE_FORMS=2,0.0
vpicdecode__PLANTCOUNTRYID=10.0,vpicdecode__PLANTCOUNTRYID=10.0,0.0
vpicdecode__PLANTCOUNTRYID=2.0,vpicdecode__PLANTCOUNTRYID=2.0,0.0
vpicdecode__PLANTCOUNTRYID=15.0,vpicdecode__PLANTCOUNTRYID=15.0,0.0
vpicdecode__PLANTCOUNTRYID=1.0,vpicdecode__PLANTCOUNTRYID=1.0,0.0
vpicdecode__VEHICLETYPEID=5,vpicdecode__VEHICLETYPEID=5,0.0
vpicdecode__VEHICLETYPEID=10,vpicdecode__VEHICLETYPEID=10,0.0
parkwork__PNUMOCCS__max,parkwork__PNUMOCCS__max,0.0
parkwork__PNUMOCCS__min,parkwork__PNUMOCCS__min,0.0
vsoe__AOI=5,vsoe__AOI=5,0.0
vsoe__AOI=9,vsoe__AOI=9,0.0
vsoe__AOI=11,vsoe__AOI=11,0.0
vevent__AOI2=62,vevent__AOI2=62,0.0
vevent__AOI2=11,vevent__AOI2=11,0.0
vevent__AOI1=62,vevent__AOI1=62,0.0
vevent__AOI1=2,vevent__AOI1=2,0.0
vevent__AOI1=3,vevent__AOI1=3,0.0
vpicdecode__BODYCLASSID=3.0,vpicdecode__BODYCLASSID=3.0,0.0
vpicdecode__BODYCLASSID=60.0,vpicdecode__BODYCLASSID=60.0,0.0
vpicdecode__DESTINATIONMARKETID=4.0,vpicdecode__DESTINATIONMARKETID=4.0,0.0
vpicdecode__DESTINATIONMARKETID=18.0,vpicdecode__DESTINATIONMARKETID=18.0,0.0
vpicdecode__DESTINATIONMARKETID=14.0,vpicdecode__DESTINATIONMARKETID=14.0,0.0
vpicdecode__DESTINATIONMARKETID=16.0,vpicdecode__DESTINATIONMARKETID=16.0,0.0
violatn__VIOLATION=75,violatn__VIOLATION=75,0.0
violatn__VIOLATION=71,violatn__VIOLATION=71,0.0
violatn__VIOLATION=76,violatn__VIOLATION=76,0.0
violatn__VIOLATION=98,violatn__VIOLATION=98,0.0
violatn__VIOLATION=4,violatn__VIOLATION=4,0.0
violatn__VIOLATION=46,violatn__VIOLATION=46,0.0
maneuver__MANEUVER=3,maneuver__MANEUVER=3,0.0
factor__VEHICLECC=99,factor__VEHICLECC=99,0.0
driverrf__DRIVERRF=8,driverrf__DRIVERRF=8,0.0
driverrf__DRIVERRF=60,driverrf__DRIVERRF=60,0.0
vpicdecode__GROSSVEHICLEWEIGHTRATINGFROMID=14.0,vpicdecode__GROSSVEHICLEWEIGHTRATINGFROMID=14.0,0.0
vpicdecode__GROSSVEHICLEWEIGHTRATINGFROMID=12.0,vpicdecode__GROSSVEHICLEWEIGHTRATINGFROMID=12.0,0.0
vpicdecode__WHEELBASETYPEID=4.0,vpicdecode__WHEELBASETYPEID=4.0,0.0
vpicdecode__WHEELBASETYPEID=2.0,vpicdecode__WHEELBASETYPEID=2.0,0.0
vpicdecode__BODYCLASSID=1.0,vpicdecode__BODYCLASSID=1.0,0.0
vpicdecode__BODYCLASSID=11.0,vpicdecode__BODYCLASSID=11.0,0.0
vpicdecode__BODYCLASSID=95.0,vpicdecode__BODYCLASSID=95.0,0.0
distract__DRDISTRACT=15,distract__DRDISTRACT=15,0.0
distract__DRDISTRACT=17,distract__DRDISTRACT=17,0.0
distract__DRDISTRACT=92,distract__DRDISTRACT=92,0.0
distract__DRDISTRACT=93,distract__DRDISTRACT=93,0.0
vehicle__PCRASH1_IM=12,vehicle__PCRASH1_IM=12,0.0
vehicle__PCRASH1_IM=6,vehicle__PCRASH1_IM=6,0.0
vehicle__VEVENT_IM=54,vehicle__VEVENT_IM=54,0.0
vehicle__VEVENT_IM=30,vehicle__VEVENT_IM=30,0.0
vehicle__IMPACT1_IM=62,vehicle__IMPACT1_IM=62,0.0
vpicdecode__GROSSVEHICLEWEIGHTRATINGTOID=6.0,vpicdecode__GROSSVEHICLEWEIGHTRATINGTOID=6.0,0.0
vpicdecode__GROSSVEHICLEWEIGHTRATINGFROMID=8.0,vpicdecode__GROSSVEHICLEWEIGHTRATINGFROMID=8.0,0.0
vpicdecode__GROSSVEHICLEWEIGHTRATINGFROMID=16.0,vpicdecode__GROSSVEHICLEWEIGHTRATINGFROMID=16.0,0.0
vpicdecode__GROSSVEHICLEWEIGHTRATINGFROMID=15.0,vpicdecode__GROSSVEHICLEWEIGHTRATINGFROMID=15.0,0.0
vehicle__IMPACT1_IM=9,vehicle__IMPACT1_IM=9,0.0
vehicle__IMPACT1_IM=11,vehicle__IMPACT1_IM=11,0.0
vehicle__BDYTYP_IM=21.0,vehicle__BDYTYP_IM=21.0,0.0
vehicle__BDYTYP_IM=5.0,vehicle__BDYTYP_IM=5.0,0.0
vehicle__BDYTYP_IM=20.0,vehicle__BDYTYP_IM=20.0,0.0
vpicdecode__TRUCKBEDTYPEID=1.0,vpicdecode__TRUCKBEDTYPEID=1.0,0.0
vpicdecode__TRUCKBODYCABTYPEID=2.0,vpicdecode__TRUCKBODYCABTYPEID=2.0,0.0
vpicdecode__TRUCKBODYCABTYPEID=4.0,vpicdecode__TRUCKBODYCABTYPEID=4.0,0.0
vpicdecode__GROSSCOMBWEIGHTRATINGFROMID=17.0,vpicdecode__GROSSCOMBWEIGHTRATINGFROMID=17.0,0.0
vpicdecode__GROSSCOMBWEIGHTRATINGFROMID=7.0,vpicdecode__GROSSCOMBWEIGHTRATINGFROMID=7.0,0.0
vehicle__BDYTYP_IM=2.0,vehicle__BDYTYP_IM=2.0,0.0
vehicle__BDYTYP_IM=15.0,vehicle__BDYTYP_IM=15.0,0.0
vehicle__BDYTYP_IM=6.0,vehicle__BDYTYP_IM=6.0,0.0
vehicle__BDYTYP_IM=34.0,vehicle__BDYTYP_IM=34.0,0.0
vehicle__BDYTYP_IM=14.0,vehicle__BDYTYP_IM=14.0,0.0
vehicle__BDYTYP_IM=4.0,vehicle__BDYTYP_IM=4.0,0.0
vehicle__GVWR_TO=14,vehicle__GVWR_TO=14,0.0
vehicle__GVWR_TO=15,vehicle__GVWR_TO=15,0.0
vehicle__GVWR_TO=99,vehicle__GVWR_TO=99,0.0
vehicle__GVWR_TO=17,vehicle__GVWR_TO=17,0.0
vehicle__GVWR_FROM=14,vehicle__GVWR_FROM=14,0.0
vehicle__GVWR_FROM=99,vehicle__GVWR_FROM=99,0.0
vehicle__GVWR_FROM=98,vehicle__GVWR_FROM=98,0.0
vehicle__ICFINALBODY=60,vehicle__ICFINALBODY=60,0.0
vpicdecode__DRIVETYPEID=4.0,vpicdecode__DRIVETYPEID=4.0,0.0
vpicdecode__TRANSMISSIONSTYLEID=14.0,vpicdecode__TRANSMISSIONSTYLEID=14.0,0.0
vpicdecode__TRANSMISSIONSTYLEID=8.0,vpicdecode__TRANSMISSIONSTYLEID=8.0,0.0
vpicdecode__TRANSMISSIONSTYLEID=2.0,vpicdecode__TRANSMISSIONSTYLEID=2.0,0.0
vpicdecode__ENTERTAINMENTSYSTEMID=2.0,vpicdecode__ENTERTAINMENTSYSTEMID=2.0,0.0
vehicle__ICFINALBODY=11,vehicle__ICFINALBODY=11,0.0
vehicle__VPICBODYCLASS=998,vehicle__VPICBODYCLASS=998,0.0
vehicle__VPICBODYCLASS=8,vehicle__VPICBODYCLASS=8,0.0
vehicle__VPICBODYCLASS=66,vehicle__VPICBODYCLASS=66,0.0
vehicle__VPICBODYCLASS=5,vehicle__VPICBODYCLASS=5,0.0
vehicle__VPICBODYCLASS=999,vehicle__VPICBODYCLASS=999,0.0
vehicle__ACC_TYPE=29,vehicle__ACC_TYPE=29,0.0
vehicle__ACC_TYPE=1,vehicle__ACC_TYPE=1,0.0
vehicle__PCRASH5=9,vehicle__PCRASH5=9,0.0
vpicdecode__CHARGERLEVELID=3.0,vpicdecode__CHARGERLEVELID=3.0,0.0
vpicdecode__BATTERYTYPEID=1.0,vpicdecode__BATTERYTYPEID=1.0,0.0
vpicdecode__BATTERYTYPEID=2.0,vpicdecode__BATTERYTYPEID=2.0,0.0
vpicdecode__EVDRIVEUNITID=2.0,vpicdecode__EVDRIVEUNITID=2.0,0.0
vpicdecode__EVDRIVEUNITID=1.0,vpicdecode__EVDRIVEUNITID=1.0,0.0
vpicdecode__AXLECONFIGURATIONID=2.0,vpicdecode__AXLECONFIGURATIONID=2.0,0.0
vpicdecode__AXLECONFIGURATIONID=1.0,vpicdecode__AXLECONFIGURATIONID=1.0,0.0
vehicle__PCRASH4=3,vehicle__PCRASH4=3,0.0
vehicle__PCRASH4=2,vehicle__PCRASH4=2,0.0
vehicle__PCRASH4=9,vehicle__PCRASH4=9,0.0
vehicle__P_CRASH3=8,vehicle__P_CRASH3=8,0.0
vehicle__P_CRASH3=9,vehicle__P_CRASH3=9,0.0
vehicle__P_CRASH3=98,vehicle__P_CRASH3=98,0.0
vehicle__P_CRASH3=6,vehicle__P_CRASH3=6,0.0
vehicle__P_CRASH3=7,vehicle__P_CRASH3=7,0.0
vehicle__P_CRASH3=16,vehicle__P_CRASH3=16,0.0
vehicle__P_CRASH2=13,vehicle__P_CRASH2=13,0.0
vehicle__VTRAFCON=21,vehicle__VTRAFCON=21,0.0
vehicle__VSURCOND=3,vehicle__VSURCOND=3,0.0
vehicle__VSURCOND=98,vehicle__VSURCOND=98,0.0
vehicle__VPROFILE=3,vehicle__VPROFILE=3,0.0
vehicle__VPROFILE=6,vehicle__VPROFILE=6,0.0
vehicle__VPROFILE=2,vehicle__VPROFILE=2,0.0
vehicle__VALIGN=4,vehicle__VALIGN=4,0.0
vehicle__VTRAFWAY=4,vehicle__VTRAFWAY=4,0.0
vpicdecode__FUELDELIVERYINJECTIONTYPEID=5.0,vpicdecode__FUELDELIVERYINJECTIONTYPEID=5.0,0.0
vpicdecode__FUELDELIVERYINJECTIONTYPEID=1.0,vpicdecode__FUELDELIVERYINJECTIONTYPEID=1.0,0.0
vpicdecode__FUELTYPESECONDARYID=10.0,vpicdecode__FUELTYPESECONDARYID=10.0,0.0
vehicle__VTRAFWAY=5,vehicle__VTRAFWAY=5,0.0
vehicle__SPEEDREL=3,vehicle__SPEEDREL=3,0.0
vehicle__SPEEDREL=9,vehicle__SPEEDREL=9,0.0
vehicle__DR_PRES=0,vehicle__DR_PRES=0,0.0
vehicle__FIRE_EXP=1,vehicle__FIRE_EXP=1,0.0
vehicle__DEFORMED=8,vehicle__DEFORMED=8,0.0
vehicle__EMER_USE=8,vehicle__EMER_USE=8,0.0
vehicle__SPEC_USE=98,vehicle__SPEC_USE=98,0.0
vehicle__BUS_USE=1,vehicle__BUS_USE=1,0.0
vehicle__BUS_USE=99,vehicle__BUS_USE=99,0.0
vehicle__CARGO_BT=4,vehicle__CARGO_BT=4,0.0
vpicdecode__AIRBAGLOCKNEEID=3.0,vpicdecode__AIRBAGLOCKNEEID=3.0,0.0
vpicdecode__AIRBAGLOCFRONTID=1.0,vpicdecode__AIRBAGLOCFRONTID=1.0,0.0
vpicdecode__ENGINEELECTRIFICATIONLEVELID=3.0,vpicdecode__ENGINEELECTRIFICATIONLEVELID=3.0,0.0
vpicdecode__ENGINEVALVETRAINDESIGNID=4.0,vpicdecode__ENGINEVALVETRAINDESIGNID=4.0,0.0
vpicdecode__FUELDELIVERYINJECTIONTYPEID=7.0,vpicdecode__FUELDELIVERYINJECTIONTYPEID=7.0,0.0
vehicle__CARGO_BT=3,vehicle__CARGO_BT=3,0.0
vehicle__CARGO_BT=1,vehicle__CARGO_BT=1,0.0
vehicle__V_CONFIG=2,vehicle__V_CONFIG=2,0.0
vehicle__V_CONFIG=4,vehicle__V_CONFIG=4,0.0
vehicle__V_CONFIG=1,vehicle__V_CONFIG=1,0.0
vehicle__BODY_TYP=5,vehicle__BODY_TYP=5,0.0
vehicle__BODY_TYP=20,vehicle__BODY_TYP=20,0.0
vehicle__BODY_TYP=49,vehicle__BODY_TYP=49,0.0
vpicdecode__FORWARDCOLLISIONWARNINGID=1.0,vpicdecode__FORWARDCOLLISIONWARNINGID=1.0,0.0
vpicdecode__AIRBAGLOCSEATCUSHIONID=2.0,vpicdecode__AIRBAGLOCSEATCUSHIONID=2.0,0.0
vpicdecode__AIRBAGLOCCURTAINID=6.0,vpicdecode__AIRBAGLOCCURTAINID=6.0,0.0
vpicdecode__AIRBAGLOCCURTAINID=4.0,vpicdecode__AIRBAGLOCCURTAINID=4.0,0.0
vpicdecode__AIRBAGLOCSIDEID=4.0,vpicdecode__AIRBAGLOCSIDEID=4.0,0.0
vehicle__MAKE=99,vehicle__MAKE=99,0.0
vehicle__MAKE=63,vehicle__MAKE=63,0.0
vehicle__MAKE=2,vehicle__MAKE=2,0.0
vehicle__MAKE=7,vehicle__MAKE=7,0.0
vehicle__MAKE=35,vehicle__MAKE=35,0.0
vehicle__MAKE=49,vehicle__MAKE=49,0.0
cevent__AOI2=62,cevent__AOI2=62,0.0
cevent__AOI2=10,cevent__AOI2=10,0.0
cevent__AOI2=3,cevent__AOI2=3,0.0
cevent__AOI2=9,cevent__AOI2=9,0.0
vpicdecode__BLINDSPOTWARNINGID=2.0,vpicdecode__BLINDSPOTWARNINGID=2.0,0.0
vpicdecode__CRASHIMMINENTBRAKINGID=3.0,vpicdecode__CRASHIMMINENTBRAKINGID=3.0,0.0
vpicdecode__DYNAMICBRAKESUPPORTID=2.0,vpicdecode__DYNAMICBRAKESUPPORTID=2.0,0.0
vpicdecode__FORWARDCOLLISIONWARNINGID=2.0,vpicdecode__FORWARDCOLLISIONWARNINGID=2.0,0.0
vpicdecode__FORWARDCOLLISIONWARNINGID=3.0,vpicdecode__FORWARDCOLLISIONWARNINGID=3.0,0.0
cevent__SOE=34,cevent__SOE=34,0.0
cevent__SOE=68,cevent__SOE=68,0.0
cevent__SOE=14,cevent__SOE=14,0.0
cevent__SOE=63,cevent__SOE=63,0.0
cevent__AOI1=62,cevent__AOI1=62,0.0
cevent__AOI1=10,cevent__AOI1=10,0.0
cevent__AOI1=3,cevent__AOI1=3,0.0
cevent__AOI1=2,cevent__AOI1=2,0.0
weather__WEATHER=5,weather__WEATHER=5,0.0
vpicdecode__REARCROSSTRAFFICALERTID=3.0,vpicdecode__REARCROSSTRAFFICALERTID=3.0,0.0
vpicdecode__BACKUPCAMERAID=3.0,vpicdecode__BACKUPCAMERAID=3.0,0.0
vpicdecode__LANECENTERINGASSISTANCEID=3.0,vpicdecode__LANECENTERINGASSISTANCEID=3.0,0.0
vpicdecode__LANECENTERINGASSISTANCEID=1.0,vpicdecode__LANECENTERINGASSISTANCEID=1.0,0.0
vpicdecode__LANEKEEPINGASSISTANCEID=1.0,vpicdecode__LANEKEEPINGASSISTANCEID=1.0,0.0
vpicdecode__LANEDEPARTUREWARNINGID=2.0,vpicdecode__LANEDEPARTUREWARNINGID=2.0,0.0
vpicdecode__BLINDSPOTINTERVENTIONID=3.0,vpicdecode__BLINDSPOTINTERVENTIONID=3.0,0.0
vpicdecode__BLINDSPOTINTERVENTIONID=1.0,vpicdecode__BLINDSPOTINTERVENTIONID=1.0,0.0
crashrf__CRASHRF=3,crashrf__CRASHRF=3,0.0
crashrf__CRASHRF=20,crashrf__CRASHRF=20,0.0
crashrf__CRASHRF=10,crashrf__CRASHRF=10,0.0
crashrf__CRASHRF=19,crashrf__CRASHRF=19,0.0
crashrf__CRASHRF=14,crashrf__CRASHRF=14,0.0
acc__WEATHR_IM_10.0,acc__WEATHR_IM,0.0
acc__WEATHR_IM_5.0,acc__WEATHR_IM,0.0
acc__WEATHR_IM_-1.0,acc__WEATHR_IM,0.0
acc__LGTCON_IM_5.0,acc__LGTCON_IM,0.0
acc__LGTCON_IM_4.0,acc__LGTCON_IM,0.0
acc__LGTCON_IM_3.0,acc__LGTCON_IM,0.0
vpicdecode__ADAPTIVEDRIVINGBEAMID=3.0,vpicdecode__ADAPTIVEDRIVINGBEAMID=3.0,0.0
vpicdecode__ADAPTIVEDRIVINGBEAMID=1.0,vpicdecode__ADAPTIVEDRIVINGBEAMID=1.0,0.0
vpicdecode__HEADLAMPLIGHTSOURCEID=3.0,vpicdecode__HEADLAMPLIGHTSOURCEID=3.0,0.0
vpicdecode__DAYTIMERUNNINGLIGHTID=2.0,vpicdecode__DAYTIMERUNNINGLIGHTID=2.0,0.0
vpicdecode__PARKASSISTID=2.0,vpicdecode__PARKASSISTID=2.0,0.0
vpicdecode__PARKASSISTID=1.0,vpicdecode__PARKASSISTID=1.0,0.0
vpicdecode__PARKASSISTID=3.0,vpicdecode__PARKASSISTID=3.0,0.0
vpicdecode__REARAUTOMATICEMERGENCYBRAKINGID=3.0,vpicdecode__REARAUTOMATICEMERGENCYBRAKINGID=3.0,0.0
vpicdecode__REARAUTOMATICEMERGENCYBRAKINGID=1.0,vpicdecode__REARAUTOMATICEMERGENCYBRAKINGID=1.0,0.0
acc__RELJCT2_IM_20.0,acc__RELJCT2_IM,0.0
acc__RELJCT2_IM_18.0,acc__RELJCT2_IM,0.0
acc__RELJCT2_IM_5.0,acc__RELJCT2_IM,0.0
acc__RELJCT2_IM_4.0,acc__RELJCT2_IM,0.0
acc__RELJCT2_IM_3.0,acc__RELJCT2_IM,0.0
acc__RELJCT2_IM_-1.0,acc__RELJCT2_IM,0.0
vpicdecode__TRACTIONCONTROLID=1.0,vpicdecode__TRACTIONCONTROLID=1.0,0.0
vpicdecode__EVENTDATARECORDERID=3.0,vpicdecode__EVENTDATARECORDERID=3.0,0.0
vpicdecode__EVENTDATARECORDERID=1.0,vpicdecode__EVENTDATARECORDERID=1.0,0.0
vpicdecode__AUTOMATICCRASHNOTIFICATIONID=2.0,vpicdecode__AUTOMATICCRASHNOTIFICATIONID=2.0,0.0
vpicdecode__AUTOMATICCRASHNOTIFICATIONID=3.0,vpicdecode__AUTOMATICCRASHNOTIFICATIONID=3.0,0.0
vpicdecode__ADAPTIVECRUISECONTROLID=2.0,vpicdecode__ADAPTIVECRUISECONTROLID=2.0,0.0
vpicdecode__ADAPTIVECRUISECONTROLID=1.0,vpicdecode__ADAPTIVECRUISECONTROLID=1.0,0.0
acc__EVENT1_IM_42.0,acc__EVENT1_IM,0.0
acc__EVENT1_IM_34.0,acc__EVENT1_IM,0.0
acc__EVENT1_IM_33.0,acc__EVENT1_IM,0.0
acc__EVENT1_IM_30.0,acc__EVENT1_IM,0.0
acc__EVENT1_IM_25.0,acc__EVENT1_IM,0.0
acc__EVENT1_IM_14.0,acc__EVENT1_IM,0.0
vpictrailerdecode__GROSSVEHICLEWEIGHTRATINGFROMID=9.0,vpictrailerdecode__GROSSVEHICLEWEIGHTRATINGFROMID=9.0,0.0
vpictrailerdecode__PLANTCOUNTRYID=8.0,vpictrailerdecode__PLANTCOUNTRYID=8.0,0.0
vpictrailerdecode__PLANTCOUNTRYID=6.0,vpictrailerdecode__PLANTCOUNTRYID=6.0,0.0
vpictrailerdecode__TRAILERLENGTHFT__max,vpictrailerdecode__TRAILERLENGTHFT__max,0.0
vpictrailerdecode__n_rows,vpictrailerdecode__n_rows,0.0
vpicdecode__KEYLESSIGNITIONID=2.0,vpicdecode__KEYLESSIGNITIONID=2.0,0.0
vpicdecode__KEYLESSIGNITIONID=3.0,vpicdecode__KEYLESSIGNITIONID=3.0,0.0
acc__EVENT1_IM_-1.0,acc__EVENT1_IM,0.0
acc__HOUR_IM_19.0,acc__HOUR_IM,0.0
acc__HOUR_IM_16.0,acc__HOUR_IM,0.0
acc__HOUR_IM_14.0,acc__HOUR_IM,0.0
acc__HOUR_IM_13.0,acc__HOUR_IM,0.0
acc__HOUR_IM_12.0,acc__HOUR_IM,0.0
acc__HOUR_IM_11.0,acc__HOUR_IM,0.0
acc__WKDY_IM_5.0,acc__WKDY_IM,0.0
acc__WKDY_IM_2.0,acc__WKDY_IM,0.0
acc__WKDY_IM_1.0,acc__WKDY_IM,0.0
acc__INT_HWY_-1.0,acc__INT_HWY,0.0
acc__SCH_BUS_1.0,acc__SCH_BUS,0.0
vpictrailerdecode__TRAILERBODYTYPEID=15.0,vpictrailerdecode__TRAILERBODYTYPEID=15.0,0.0
vpictrailerdecode__TRAILERBODYTYPEID=16.0,vpictrailerdecode__TRAILERBODYTYPEID=16.0,0.0
vpictrailerdecode__TRAILERBODYTYPEID=36.0,vpictrailerdecode__TRAILERBODYTYPEID=36.0,0.0
vpictrailerdecode__GROSSVEHICLEWEIGHTRATINGFROMID=14.0,vpictrailerdecode__GROSSVEHICLEWEIGHTRATINGFROMID=14.0,0.0
vpictrailerdecode__GROSSVEHICLEWEIGHTRATINGFROMID=5.0,vpictrailerdecode__GROSSVEHICLEWEIGHTRATINGFROMID=5.0,0.0
vpictrailerdecode__GROSSVEHICLEWEIGHTRATINGFROMID=10.0,vpictrailerdecode__GROSSVEHICLEWEIGHTRATINGFROMID=10.0,0.0
acc__WRK_ZONE_4.0,acc__WRK_ZONE,0.0
acc__TYP_INT_7.0,acc__TYP_INT,0.0
acc__TYP_INT_6.0,acc__TYP_INT,0.0
acc__TYP_INT_-1.0,acc__TYP_INT,0.0
acc__MONTH_11.0,acc__MONTH,0.0
vpictrailerdecode__AXLECONFIGURATIONID=5.0,vpictrailerdecode__AXLECONFIGURATIONID=5.0,0.0
acc__REGION_1.0,acc__REGION,0.0
