target,method,family,n_features,model,validation_roc_auc,validation_pr_auc,test_roc_auc,test_pr_auc,fit_seconds
y_serious,All features,reference,1410,Gradient Boosting,0.9000209566541912,0.647148913840158,0.90167601634856,0.642140344294508,122.0
y_serious,Near-constant removed,filter,1250,Gradient Boosting,0.900016307919122,0.6480806339162488,0.9012614183600706,0.6410805185796213,168.9
y_serious,Correlation pruned (|r|>0.95),filter,1075,Gradient Boosting,0.8994325946752956,0.6464650190878544,0.9014637344870566,0.6409261817714068,95.5
y_serious,Mutual information top-k,filter,10,Gradient Boosting,0.8372392400189577,0.4783461146095609,0.835956249529518,0.463783997784496,2.0
y_serious,Mutual information top-k,filter,25,Gradient Boosting,0.8506612247656293,0.5137575336225961,0.8515413557392818,0.5008640269382243,4.3
y_serious,Mutual information top-k,filter,50,Gradient Boosting,0.861161230545426,0.5363666577822,0.8618620316765971,0.5292815664208316,7.0
y_serious,Mutual information top-k,filter,100,Gradient Boosting,0.882968361392024,0.5924904943536574,0.8867742848831679,0.5896914385698151,13.9
y_serious,Mutual information top-k,filter,200,Gradient Boosting,0.8897802859132122,0.6164239356776152,0.8931974592270253,0.610385885531588,22.7
y_serious,Mutual information top-k,filter,400,Gradient Boosting,0.8949024112423274,0.6332784436850306,0.8985510659381686,0.6306040739800215,43.3
y_serious,Permutation importance top-k,embedded,10,Gradient Boosting,0.8532976461999615,0.5142379433364632,0.8526451176955141,0.5005943057738524,2.0
y_serious,Permutation importance top-k,embedded,25,Gradient Boosting,0.8663992594746432,0.5496448230285429,0.867895754970983,0.5413628438071781,4.4
y_serious,Permutation importance top-k,embedded,50,Gradient Boosting,0.8872215413917929,0.6109200925423031,0.8893356630133049,0.6014220454601423,8.6
y_serious,Permutation importance top-k,embedded,100,Gradient Boosting,0.8970424085925128,0.6385325475833988,0.9003463730248517,0.636901162770694,13.2
y_serious,Permutation importance top-k,embedded,200,Gradient Boosting,0.8990130881276749,0.6461115977639859,0.899978106053162,0.637056578137063,24.6
y_serious,Permutation importance top-k,embedded,400,Gradient Boosting,0.9002444302765322,0.647759388749918,0.901091483978333,0.6390979597627463,39.2
y_serious,L1 logistic (C=0.0002),embedded,15,Logistic Regression,0.8368272685480349,0.48186459665386405,0.8374061898135066,0.4678389046823871,16.7
y_serious,L1 logistic (C=0.0005),embedded,47,Logistic Regression,0.8660065124972547,0.5448419851854303,0.864297692341476,0.5291558768819977,13.3
y_serious,L1 logistic (C=0.001),embedded,81,Logistic Regression,0.877334098044917,0.5700368548751098,0.8750629082683945,0.5557245508653698,14.4
y_serious,L1 logistic (C=0.003),embedded,205,Logistic Regression,0.8847689477301847,0.5914942790273638,0.883284160255834,0.5803397264407019,24.2
y_serious,L1 logistic (C=0.01),embedded,554,Logistic Regression,0.8846508264664901,0.5954261229833898,0.8842886249703711,0.5856613069310938,88.0
y_serious,L1 logistic (C=0.05),embedded,992,Logistic Regression,0.8727387007194516,0.5710153668204572,0.8733594465212997,0.5597545849289514,447.6
y_serious,L1-selected (C=0.01) then GB,embedded,554,Gradient Boosting,0.898282799235644,0.6445108045281271,0.9000449853669626,0.6378568576706125,48.5
y_serious,PCA components,dimensionality reduction,10,Gradient Boosting,0.8275295867800929,0.44370829000425077,0.8245053672906433,0.42377718363720307,4.4
y_serious,PCA components,dimensionality reduction,10,Logistic Regression,0.755728370888675,0.34678576818874723,0.756922795520168,0.3370334255780803,0.3
y_serious,PCA components,dimensionality reduction,25,Gradient Boosting,0.8521319465377682,0.4979051109314444,0.8516843736783103,0.4829401372483117,4.9
y_serious,PCA components,dimensionality reduction,25,Logistic Regression,0.8403954874902966,0.4624648567563952,0.8382139777248948,0.44286570969236494,0.3
y_serious,PCA components,dimensionality reduction,50,Gradient Boosting,0.8542884047493924,0.5051764428386616,0.8539024939371238,0.4919892270704082,8.6
y_serious,PCA components,dimensionality reduction,50,Logistic Regression,0.8419343432861435,0.465396342171305,0.839543751995322,0.4454500455303061,0.8
y_serious,PCA components,dimensionality reduction,100,Gradient Boosting,0.8563630317079656,0.5178689075066756,0.8570116135783684,0.5051981291459535,13.8
y_serious,PCA components,dimensionality reduction,100,Logistic Regression,0.8484857305707684,0.4904454730676858,0.84888908163327,0.4724017626975247,1.1
y_serious,PCA components,dimensionality reduction,200,Gradient Boosting,0.8501725064844875,0.5162574156711699,0.8503133753131285,0.49810771532469117,32.7
y_serious,PCA components,dimensionality reduction,200,Logistic Regression,0.7247998669757524,0.2841281394422849,0.7292820003586217,0.2746550973421786,2.1
