mutual_information_top_fields,permutation_importance_top_fields
vehicle__TOWED=5,person__EJECT_IM=8
person__REST_USE=20,vehicle__TOWED=5
cevent__AOI2=77,person__REST_USE=20
vehicle__DEFORMED=6,vehicle__DEFORMED=6
cevent__n_rows,person__AIR_BAG=8
damage__n_rows,drimpair__DRIMPAIR=99
person__AIR_BAG=20,vehicle__HIT_RUN=1
vehicle__ROLLOVER=0,vehicle__DEFORMED=2
vevent__n_rows,person__AGE_IM__max
cevent__AOI2=55,vehicle__TRAV_SP__max
vehicle__V_ALCH_IM=2,person__AIR_BAG=20
vehicle__SPEEDREL=0,violatn__VIOLATION=0
vpicdecode__CUSTOMMOTORCYCLETYPEID=0.0,person__EJECT_IM=1
cevent__AOI1=0,drimpair__DRIMPAIR=1
cevent__AOI1=55,acc__PEDS
vehicle__VEVENT_IM=12,acc__EVENT1_IM
driverrf__n_rows,person__ATST_TYP=1
vehicle__TRLR1GVWR=77,acc__REGION
violatn__n_rows,damage__n_rows
acc__VE_TOTAL,person__AIR_BAG=9
vision__n_rows,person__ALC_STATUS=8
acc__ALCHL_IM,vehicle__IMPACT1_IM=12
vsoe__AOI=0,acc__URBANICITY
vehicle__DEFORMED=2,vehicle__TRAV_SP__min
person__EJECT_IM=0,damage__DAMAGE=9
